/*
SQLyog Ultimate v11.24 (32 bit)
MySQL - 5.5.25 : Database - nick
*********************************************************************
*/

/*!40101 SET NAMES utf8 */;

/*!40101 SET SQL_MODE=''*/;

/*!40014 SET @OLD_UNIQUE_CHECKS=@@UNIQUE_CHECKS, UNIQUE_CHECKS=0 */;
/*!40014 SET @OLD_FOREIGN_KEY_CHECKS=@@FOREIGN_KEY_CHECKS, FOREIGN_KEY_CHECKS=0 */;
/*!40101 SET @OLD_SQL_MODE=@@SQL_MODE, SQL_MODE='NO_AUTO_VALUE_ON_ZERO' */;
/*!40111 SET @OLD_SQL_NOTES=@@SQL_NOTES, SQL_NOTES=0 */;
CREATE DATABASE /*!32312 IF NOT EXISTS*/`nick` /*!40100 DEFAULT CHARACTER SET utf8 */;

USE `nick`;

/*Table structure for table `case_show_image` */

DROP TABLE IF EXISTS `case_show_image`;

CREATE TABLE `case_show_image` (
  `image_id` int(11) NOT NULL AUTO_INCREMENT,
  `case_id` int(11) DEFAULT NULL COMMENT '关联设计案例ID',
  `image_url` varchar(100) DEFAULT NULL COMMENT '设计案例展示图片路径',
  `seq_num` int(11) DEFAULT NULL COMMENT '展示序号',
  `alt` varchar(100) DEFAULT NULL COMMENT '图片替代文字',
  `title` varchar(100) DEFAULT NULL COMMENT '图片描述文字',
  `status` varchar(1) DEFAULT NULL COMMENT '3删除',
  `creater` varchar(100) DEFAULT NULL,
  `create_time` datetime DEFAULT NULL,
  `updater` varchar(100) DEFAULT NULL,
  `update_time` datetime DEFAULT NULL,
  PRIMARY KEY (`image_id`)
) ENGINE=MyISAM AUTO_INCREMENT=199 DEFAULT CHARSET=utf8;

/*Data for the table `case_show_image` */

insert  into `case_show_image`(`image_id`,`case_id`,`image_url`,`seq_num`,`alt`,`title`,`status`,`creater`,`create_time`,`updater`,`update_time`) values (1,14,'/images/2016/06/28/bltCyu8T.JPG',1,'玩打破哦普','的克拉肥肠粉','1','admin','2016-06-28 16:14:58',NULL,NULL),(2,14,'/images/2016/06/28/qIdh9wTl.png',NULL,'玩打破哦普','的克拉肥肠粉','1','admin','2016-06-28 16:15:02',NULL,NULL),(3,14,'/images/2016/06/28/OFnxngV2.png',NULL,'玩打破哦普','的克拉肥肠粉','1','admin','2016-06-28 16:15:03',NULL,NULL),(4,13,'/images/2016/06/28/prGpgldy.png',NULL,'玩打破哦普','的克拉肥肠粉','1','admin','2016-06-28 16:42:42',NULL,NULL),(5,13,'/images/2016/06/28/ldpO8uR7.jpg',NULL,'玩打破哦普','的克拉肥肠粉','1','admin','2016-06-28 16:42:42',NULL,NULL),(6,13,'/images/2016/06/28/zxGsyKGg.jpg',NULL,'玩打破哦普','的克拉肥肠粉','1','admin','2016-06-28 16:42:42',NULL,NULL),(7,13,'/images/2016/06/28/3NlEXEdq.JPG',NULL,'玩打破哦普','的克拉肥肠粉','1','admin','2016-06-28 16:42:43',NULL,NULL),(8,13,'/images/2016/06/28/dropac5R.jpg',NULL,'玩打破哦普','的克拉肥肠粉','1','admin','2016-06-28 16:42:43',NULL,NULL),(9,13,'/images/2016/06/28/LYD9Vvul.png',NULL,'玩打破哦普','的克拉肥肠粉','1','admin','2016-06-28 16:42:43',NULL,NULL),(10,13,'/images/2016/06/28/SxUiENAU.png',NULL,'玩打破哦普','的克拉肥肠粉','1','admin','2016-06-28 16:42:43',NULL,NULL),(11,1,'/images/2016/06/28/HiEApzJB.jpg',NULL,'玩打破哦普','的克拉肥肠粉','3','admin','2016-06-28 16:44:16','admin','2016-07-05 15:17:15'),(12,1,'/images/2016/06/28/bT4oixBE.png',NULL,'玩打破哦普','的克拉肥肠粉','1','admin','2016-06-28 16:44:16',NULL,NULL),(13,1,'/images/2016/06/28/TTC6s3W9.jpg',NULL,'玩打破哦普','的克拉肥肠粉','3','admin','2016-06-28 16:44:16','admin','2016-07-05 15:17:17'),(14,1,'/images/2016/06/28/KqpYnlt7.gif',NULL,'玩打破哦普','的克拉肥肠粉','1','admin','2016-06-28 16:44:16',NULL,NULL),(15,1,'/images/2016/06/28/RIScbsoX.png',NULL,'玩打破哦普','的克拉肥肠粉','3','admin','2016-06-28 16:44:16','admin','2016-07-05 15:17:19'),(16,1,'/images/2016/06/28/4unBKBkj.gif',NULL,'玩打破哦普','的克拉肥肠粉','1','admin','2016-06-28 16:44:16',NULL,NULL),(17,1,'/images/2016/06/28/fdeNxdn8.jpg',NULL,'玩打破哦普','的克拉肥肠粉','3','admin','2016-06-28 16:44:16','admin','2016-07-05 15:17:20'),(18,1,'/images/2016/06/28/RcJQyyys.png',NULL,'玩打破哦普','的克拉肥肠粉','3','admin','2016-06-28 16:44:16','admin','2016-07-05 15:17:21'),(19,14,'/images/2016/06/28/fvprFP7h.png',NULL,'玩打破哦普','的克拉肥肠粉','1','admin','2016-06-28 18:00:29',NULL,NULL),(20,14,'/images/2016/06/28/5TRorRMJ.png',NULL,'玩打破哦普','的克拉肥肠粉','1','admin','2016-06-28 18:00:29',NULL,NULL),(24,14,'/images/2016/06/28/zODEwnGG.png',NULL,'玩打破哦普','的克拉肥肠粉','1','admin','2016-06-28 18:04:03',NULL,NULL),(23,14,'/images/2016/06/28/Cz4f3tI5.jpg',NULL,'玩打破哦普','的克拉肥肠粉','1','admin','2016-06-28 18:03:51',NULL,NULL),(25,17,'/images/2016/06/28/i5uLeMkk.jpg',NULL,'玩打破哦普','的克拉肥肠粉','3','admin','2016-06-28 22:36:17','admin','2016-07-05 15:12:47'),(26,17,'/images/2016/06/28/yELqqnwh.png',NULL,'玩打破哦普','的克拉肥肠粉',NULL,'admin','2016-06-28 22:36:18',NULL,NULL),(27,17,'/images/2016/06/28/npFsCLsi.jpg',NULL,'玩打破哦普','的克拉肥肠粉',NULL,'admin','2016-06-28 22:36:18',NULL,NULL),(28,16,'/images/2016/06/30/ws6ML7dC.jpg',NULL,'玩打破哦普','的克拉肥肠粉',NULL,'admin','2016-06-30 14:36:55',NULL,NULL),(29,16,'/images/2016/06/30/iJLvi1KV.JPG',NULL,'玩打破哦普','的克拉肥肠粉',NULL,'admin','2016-06-30 14:36:56',NULL,NULL),(30,16,'/images/2016/06/30/EWAYP6mo.jpg',NULL,'玩打破哦普','的克拉肥肠粉','3','admin','2016-06-30 14:36:56','admin','2016-07-05 15:12:57'),(31,16,'/images/2016/06/30/qhakd7AJ.png',NULL,'玩打破哦普','的克拉肥肠粉','3','admin','2016-06-30 14:36:56','admin','2016-07-05 15:12:56'),(32,16,'/images/2016/06/30/MWjUKpM5.png',NULL,'玩打破哦普','的克拉肥肠粉',NULL,'admin','2016-06-30 14:36:56',NULL,NULL),(33,15,'/images/2016/06/30/Yn2aqdKs.png',NULL,'玩打破哦普','的克拉肥肠粉','3','admin','2016-06-30 14:37:06','admin','2016-07-05 15:23:38'),(34,31,'/images/2016/06/30/sXDpt6K3.jpg',NULL,'玩打破哦普','的克拉肥肠粉','3','admin','2016-06-30 14:37:30','admin','2016-07-05 22:21:52'),(35,31,'/images/2016/06/30/WRc48kwY.jpg',NULL,'玩打破哦普','的克拉肥肠粉','3','admin','2016-06-30 14:37:30','admin','2016-07-05 22:21:52'),(36,31,'/images/2016/06/30/xTwWYoCR.png',NULL,'玩打破哦普','的克拉肥肠粉',NULL,'admin','2016-06-30 14:37:30',NULL,NULL),(37,31,'/images/2016/06/30/0T3BrOUG.jpg',NULL,'玩打破哦普','的克拉肥肠粉',NULL,'admin','2016-06-30 14:37:30',NULL,NULL),(38,31,'/images/2016/06/30/tMqrXLOq.JPG',NULL,'玩打破哦普','的克拉肥肠粉','3','admin','2016-06-30 14:37:30','admin','2016-07-05 22:21:53'),(39,31,'/images/2016/06/30/kUuXjAuT.jpg',NULL,'玩打破哦普','的克拉肥肠粉',NULL,'admin','2016-06-30 14:37:30',NULL,NULL),(40,31,'/images/2016/06/30/qESiWLm1.png',NULL,'玩打破哦普','的克拉肥肠粉',NULL,'admin','2016-06-30 14:37:30',NULL,NULL),(41,31,'/images/2016/06/30/CUBoBiud.png',NULL,'玩打破哦普','的克拉肥肠粉',NULL,'admin','2016-06-30 14:37:30',NULL,NULL),(42,32,'/images/2016/07/01/LwWYyOxE.jpg',NULL,'玩打破哦普','的克拉肥肠粉','3','admin','2016-07-01 12:05:39','admin','2016-07-05 15:47:55'),(43,32,'/images/2016/07/01/yf45D9yk.png',NULL,'玩打破哦普','的克拉肥肠粉',NULL,'admin','2016-07-01 12:05:39',NULL,NULL),(44,32,'/images/2016/07/01/dMKRTzWa.jpg',NULL,'玩打破哦普','的克拉肥肠粉',NULL,'admin','2016-07-01 12:05:39',NULL,NULL),(45,32,'/images/2016/07/01/zDj0TfQT.jpg',NULL,'玩打破哦普','的克拉肥肠粉',NULL,'admin','2016-07-01 12:05:43',NULL,NULL),(46,17,'/images/2016/07/02/qlS77x2n.png',NULL,'玩打破哦普','的克拉肥肠粉',NULL,'admin','2016-07-02 15:29:31',NULL,NULL),(47,17,'/images/2016/07/02/YlQxa2rv.png',NULL,'玩打破哦普','的克拉肥肠粉',NULL,'admin','2016-07-02 15:29:32',NULL,NULL),(48,16,'/images/2016/07/04/D0RqK1Wv.jpg',NULL,NULL,NULL,NULL,'admin','2016-07-04 18:24:30',NULL,NULL),(49,16,'/images/2016/07/04/X3bxBVEQ.jpg',NULL,NULL,NULL,NULL,'admin','2016-07-04 18:24:30',NULL,NULL),(50,16,'/images/2016/07/04/lJXr2oSm.jpg',NULL,NULL,NULL,NULL,'admin','2016-07-04 18:24:30',NULL,NULL),(51,16,'/images/2016/07/04/buu9HdPS.png',NULL,NULL,NULL,NULL,'admin','2016-07-04 18:24:30',NULL,NULL),(52,16,'/images/2016/07/04/a40C54Tl.jpg',NULL,NULL,NULL,NULL,'admin','2016-07-04 18:24:32',NULL,NULL),(53,16,'/images/2016/07/04/YVbI18An.JPG',NULL,NULL,NULL,NULL,'admin','2016-07-04 18:24:32',NULL,NULL),(54,16,'/images/2016/07/04/DAYiTaa5.jpg',NULL,NULL,NULL,NULL,'admin','2016-07-04 18:24:33',NULL,NULL),(55,16,'/images/2016/07/04/3LRWVbe5.png',NULL,NULL,NULL,NULL,'admin','2016-07-04 18:24:33',NULL,NULL),(56,16,'/images/2016/07/04/QeUwgTVK.png',NULL,NULL,NULL,NULL,'admin','2016-07-04 18:24:33',NULL,NULL),(57,17,'/images/2016/07/05/r7pj0Esj.gif',NULL,NULL,NULL,NULL,'admin','2016-07-05 14:49:28',NULL,NULL),(58,16,'/images/2016/07/05/EjH22DB8.jpeg',NULL,NULL,NULL,'3','admin','2016-07-05 15:13:11','admin','2016-07-05 22:07:46'),(59,16,'/images/2016/07/05/TmNgQlsb.jpeg',NULL,NULL,NULL,'3','admin','2016-07-05 15:13:11','admin','2016-07-05 15:13:31'),(60,16,'/images/2016/07/05/tdg2zROf.jpg',NULL,NULL,NULL,'3','admin','2016-07-05 15:13:11','admin','2016-07-05 22:07:46'),(61,16,'/images/2016/07/05/qjdej8X1.jpg',NULL,NULL,NULL,'3','admin','2016-07-05 15:13:11','admin','2016-07-05 15:13:36'),(62,17,'/images/2016/07/05/TeKTqfob.jpg',NULL,NULL,NULL,'3','admin','2016-07-05 15:14:18','admin','2016-07-05 15:14:38'),(63,17,'/images/2016/07/05/JaE9lqif.jpg',NULL,NULL,NULL,'3','admin','2016-07-05 15:14:18','admin','2016-07-05 15:14:34'),(64,17,'/images/2016/07/05/9WrE3tX2.jpg',NULL,NULL,NULL,'3','admin','2016-07-05 15:14:18','admin','2016-07-05 15:30:26'),(65,17,'/images/2016/07/05/06BOA2R9.png',NULL,NULL,NULL,'3','admin','2016-07-05 15:14:18','admin','2016-07-05 15:14:37'),(66,17,'/images/2016/07/05/M2gEkEUx.jpg',NULL,NULL,NULL,'3','admin','2016-07-05 15:14:18','admin','2016-07-05 15:14:35'),(67,17,'/images/2016/07/05/DQwoHCxE.JPG',NULL,NULL,NULL,'3','admin','2016-07-05 15:14:19','admin','2016-07-05 15:30:27'),(68,17,'/images/2016/07/05/L4CmCCab.jpg',NULL,NULL,NULL,'3','admin','2016-07-05 15:14:19','admin','2016-07-05 15:14:32'),(69,17,'/images/2016/07/05/Qj82I6I3.png',NULL,NULL,NULL,'3','admin','2016-07-05 15:14:19','admin','2016-07-05 15:30:28'),(70,17,'/images/2016/07/05/4xEtyVO8.png',NULL,NULL,NULL,'3','admin','2016-07-05 15:14:19','admin','2016-07-05 15:30:29'),(71,29,'/images/2016/07/05/56nubAFu.png',NULL,NULL,NULL,'3','admin','2016-07-05 15:17:35','admin','2016-07-05 15:20:12'),(72,29,'/images/2016/07/05/qFSMhQsE.png',NULL,NULL,NULL,'3','admin','2016-07-05 15:17:35','admin','2016-07-05 15:23:51'),(73,29,'/images/2016/07/05/UwzW5hEB.jpg',NULL,NULL,NULL,'1','admin','2016-07-05 15:20:08',NULL,NULL),(74,15,'/images/2016/07/05/03iXaGDk.png',NULL,NULL,NULL,'3','admin','2016-07-05 15:23:49','admin','2016-07-05 22:24:41'),(75,15,'/images/2016/07/05/kiXWsDKS.png',NULL,NULL,NULL,'3','admin','2016-07-05 15:24:04','admin','2016-07-05 22:24:42'),(76,17,'/images/2016/07/05/xvWfHbUp.jpg',NULL,NULL,NULL,'3','admin','2016-07-05 15:30:40','admin','2016-07-05 15:30:52'),(77,17,'/images/2016/07/05/xvWfHbUp.jpg',NULL,NULL,NULL,'3','admin','2016-07-05 15:30:40','admin','2016-07-05 15:30:54'),(78,17,'/images/2016/07/05/TvoMrQP2.jpg',NULL,NULL,NULL,'3','admin','2016-07-05 15:31:30','admin','2016-07-05 15:44:06'),(79,17,'/images/2016/07/05/EGTsCiM5.gif',NULL,NULL,NULL,'3','admin','2016-07-05 15:32:02','admin','2016-07-05 22:18:30'),(80,17,'/images/2016/07/05/SfW1gfXi.jpg',NULL,NULL,NULL,'3','admin','2016-07-05 15:46:19','admin','2016-07-05 15:46:24'),(81,32,'/images/2016/07/05/TiiIUaWp.jpeg',NULL,NULL,NULL,'3','admin','2016-07-05 15:48:05','admin','2016-07-05 15:48:20'),(82,32,'/images/2016/07/05/pfkPGKk9.jpeg',NULL,NULL,NULL,'3','admin','2016-07-05 15:48:05','admin','2016-07-05 15:48:07'),(83,32,'/images/2016/07/05/3IIqAP5m.jpg',NULL,NULL,NULL,'3','admin','2016-07-05 15:48:05','admin','2016-07-05 15:48:06'),(84,32,'/images/2016/07/05/MKiDpWbj.jpg',NULL,NULL,NULL,'3','admin','2016-07-05 15:48:05','admin','2016-07-05 22:19:50'),(85,16,'/images/2016/07/05/6zRDngDl.gif',NULL,NULL,NULL,'3','admin','2016-07-05 15:48:51','admin','2016-07-05 22:07:47'),(86,17,'/images/2016/07/05/6NhcRdE2.jpg',NULL,NULL,NULL,'3','admin','2016-07-05 15:49:39','admin','2016-07-05 22:18:31'),(87,37,'/images/2016/07/05/LPKkwC5h.gif',NULL,NULL,NULL,'1','admin','2016-07-05 16:11:28',NULL,NULL),(88,37,'/images/2016/07/05/mlkLDVzz.png',NULL,NULL,NULL,'1','admin','2016-07-05 16:11:35',NULL,NULL),(89,37,'/images/2016/07/05/NDBlf8XQ.gif',NULL,NULL,NULL,'1','admin','2016-07-05 16:11:35',NULL,NULL),(90,37,'/images/2016/07/05/ClY4zHiF.gif',NULL,NULL,NULL,'3','admin','2016-07-05 16:11:35','admin','2016-07-05 16:11:38'),(91,16,'/images/2016/07/05/dINRiRL7.jpg',NULL,NULL,NULL,'3','admin','2016-07-05 22:07:54','admin','2016-07-05 22:34:41'),(92,16,'/images/2016/07/05/mqUPkgbf.jpg',NULL,NULL,NULL,'3','admin','2016-07-05 22:07:54','admin','2016-07-05 22:34:41'),(93,16,'/images/2016/07/05/E7Eka7bB.jpg',NULL,NULL,NULL,'3','admin','2016-07-05 22:07:54','admin','2016-07-05 22:34:42'),(94,16,'/images/2016/07/05/Kp6n9riY.jpg',NULL,NULL,NULL,'3','admin','2016-07-05 22:07:54','admin','2016-07-05 22:34:42'),(95,16,'/images/2016/07/05/U3AL1C9P.jpg',NULL,NULL,NULL,'3','admin','2016-07-05 22:07:54','admin','2016-07-05 22:34:48'),(96,16,'/images/2016/07/05/cUa0lFJF.jpg',NULL,NULL,NULL,'3','admin','2016-07-05 22:07:54','admin','2016-07-05 22:34:49'),(97,16,'/images/2016/07/05/hEtLJWtC.jpg',NULL,NULL,NULL,'3','admin','2016-07-05 22:07:54','admin','2016-07-05 22:34:50'),(98,17,'/images/2016/07/05/48yOOFRC.jpg',NULL,NULL,NULL,'3','admin','2016-07-05 22:18:38','admin','2016-07-05 22:29:58'),(99,17,'/images/2016/07/05/oSg2qFqO.jpg',NULL,NULL,NULL,'3','admin','2016-07-05 22:18:38','admin','2016-07-05 22:29:59'),(100,17,'/images/2016/07/05/oSg2qFqO.jpg',NULL,NULL,NULL,'3','admin','2016-07-05 22:18:38','admin','2016-07-05 22:30:00'),(101,17,'/images/2016/07/05/S5dceyOF.jpg',NULL,NULL,NULL,'3','admin','2016-07-05 22:18:39','admin','2016-07-05 22:30:01'),(102,17,'/images/2016/07/05/IE8zSCh5.jpg',NULL,NULL,NULL,'3','admin','2016-07-05 22:18:39','admin','2016-07-05 22:30:02'),(103,17,'/images/2016/07/05/g14DemKI.jpg',NULL,NULL,NULL,'3','admin','2016-07-05 22:18:39','admin','2016-07-05 22:30:02'),(104,17,'/images/2016/07/05/eVldfU3H.jpg',NULL,NULL,NULL,'3','admin','2016-07-05 22:18:40','admin','2016-07-05 22:30:03'),(105,17,'/images/2016/07/05/YWNG2Cac.jpg',NULL,NULL,NULL,'1','admin','2016-07-05 22:30:40',NULL,NULL),(106,17,'/images/2016/07/05/SEMhA9lj.jpg',NULL,NULL,NULL,'3','admin','2016-07-05 22:30:40','admin','2016-07-07 16:41:49'),(107,17,'/images/2016/07/05/t2mkE6AS.jpg',NULL,NULL,NULL,'3','admin','2016-07-05 22:30:40','admin','2016-07-07 16:41:50'),(108,17,'/images/2016/07/05/r9Ry1TJW.jpg',NULL,NULL,NULL,'1','admin','2016-07-05 22:30:40',NULL,NULL),(109,17,'/images/2016/07/05/6Dp8yyuX.jpg',NULL,NULL,NULL,'1','admin','2016-07-05 22:30:40',NULL,NULL),(110,17,'/images/2016/07/05/e4bEoeTv.jpg',NULL,NULL,NULL,'3','admin','2016-07-05 22:30:40','admin','2016-07-05 23:34:37'),(111,17,'/images/2016/07/05/hNhmpLbn.jpg',NULL,NULL,NULL,'3','admin','2016-07-05 22:30:41','admin','2016-07-05 23:34:38'),(112,32,'/images/2016/07/05/HpH3NqFm.jpg',NULL,NULL,NULL,'1','admin','2016-07-05 22:39:01',NULL,NULL),(113,32,'/images/2016/07/05/zGa0tjVa.jpg',NULL,NULL,NULL,'1','admin','2016-07-05 22:39:01',NULL,NULL),(114,32,'/images/2016/07/05/Oc9b8HCR.jpg',NULL,NULL,NULL,'1','admin','2016-07-05 22:39:01',NULL,NULL),(115,32,'/images/2016/07/05/wFdqoUyD.jpg',NULL,NULL,NULL,'1','admin','2016-07-05 22:39:01',NULL,NULL),(116,17,'/images/2016/07/07/XulaQUFX.jpg',NULL,NULL,NULL,'1','admin','2016-07-07 16:42:01',NULL,NULL),(117,17,'/images/2016/07/07/Bh7B57dm.jpg',NULL,NULL,NULL,'1','admin','2016-07-07 16:42:01',NULL,NULL),(118,17,'/images/2016/07/07/ysJ58MpA.jpg',NULL,NULL,NULL,'1','admin','2016-07-07 16:42:01',NULL,NULL),(119,17,'/images/2016/07/07/uui52wHY.jpg',NULL,NULL,NULL,'1','admin','2016-07-07 16:42:03',NULL,NULL),(120,17,'/images/2016/07/07/lhXDPtnc.jpg',NULL,NULL,NULL,'1','admin','2016-07-07 16:42:03',NULL,NULL),(121,17,'/images/2016/07/07/PMJP8LEF.jpg',NULL,NULL,NULL,'1','admin','2016-07-07 16:42:04',NULL,NULL),(122,17,'/images/2016/07/07/nPvHBRMC.jpg',NULL,NULL,NULL,'1','admin','2016-07-07 16:42:04',NULL,NULL),(123,31,'/images/2016/07/07/fWm7TPOa.jpg',NULL,NULL,NULL,'1','admin','2016-07-07 16:43:24',NULL,NULL),(124,31,'/images/2016/07/07/Q9g7tjBX.jpg',NULL,NULL,NULL,'1','admin','2016-07-07 16:43:24',NULL,NULL),(125,31,'/images/2016/07/07/2roXEt1f.jpg',NULL,NULL,NULL,'1','admin','2016-07-07 16:43:24',NULL,NULL),(126,31,'/images/2016/07/07/HtYz8YnX.jpg',NULL,NULL,NULL,'1','admin','2016-07-07 16:43:25',NULL,NULL),(127,31,'/images/2016/07/07/rtqdAFz3.jpg',NULL,NULL,NULL,'1','admin','2016-07-07 16:43:25',NULL,NULL),(128,31,'/images/2016/07/07/51DJL9oB.jpg',NULL,NULL,NULL,'1','admin','2016-07-07 16:43:29',NULL,NULL),(129,57,'/images/2016/07/15/Mm5fTUpk.jpg',NULL,NULL,NULL,'1','admin','2016-07-15 17:36:21',NULL,NULL),(130,0,'/images/2016/07/15/asUycHVJ.jpg',NULL,NULL,NULL,'3','admin','2016-07-15 18:01:10','admin','2016-07-15 18:01:12'),(131,0,'/images/2016/07/17/hPlsERvN.jpg',NULL,NULL,NULL,'1','admin','2016-07-17 19:59:47',NULL,NULL),(132,0,'/images/2016/07/17/BXzWtgCt.jpg',NULL,NULL,NULL,'1','admin','2016-07-17 19:59:47',NULL,NULL),(133,0,'/images/2016/07/17/YdlXhMj8.jpg',NULL,NULL,NULL,'1','admin','2016-07-17 19:59:47',NULL,NULL),(134,0,'/images/2016/07/17/6MAbCW0h.jpg',NULL,NULL,NULL,'1','admin','2016-07-17 19:59:48',NULL,NULL),(135,0,'/images/2016/07/17/xw4rbEnk.jpg',NULL,NULL,NULL,'1','admin','2016-07-17 19:59:48',NULL,NULL),(136,0,'/images/2016/07/17/CSNTRP5j.jpg',NULL,NULL,NULL,'1','admin','2016-07-17 19:59:48',NULL,NULL),(137,0,'/images/2016/07/17/1NC5IEj9.jpg',NULL,NULL,NULL,'1','admin','2016-07-17 20:28:07',NULL,NULL),(138,0,'/images/2016/07/17/PgExg7SB.jpg',NULL,NULL,NULL,'1','admin','2016-07-17 20:28:07',NULL,NULL),(139,0,'/images/2016/07/17/Qkv5gtzS.jpg',NULL,NULL,NULL,'1','admin','2016-07-17 20:28:07',NULL,NULL),(140,0,'/images/2016/07/17/tWhzgjB8.jpg',NULL,NULL,NULL,'1','admin','2016-07-17 20:28:13',NULL,NULL),(141,0,'/images/2016/07/17/zcA7iU7M.jpg',NULL,NULL,NULL,'1','admin','2016-07-17 20:28:13',NULL,NULL),(142,0,'/images/2016/07/17/BClkPNT5.jpg',NULL,NULL,NULL,'1','admin','2016-07-17 20:31:45',NULL,NULL),(143,0,'/images/2016/07/17/O4EPyvk4.jpg',NULL,NULL,NULL,'1','admin','2016-07-17 20:31:48',NULL,NULL),(144,0,'/images/2016/07/17/1F3kCy0A.jpg',NULL,NULL,NULL,'1','admin','2016-07-17 20:31:50',NULL,NULL),(145,0,'/images/2016/07/17/wODryDnj.jpg',NULL,NULL,NULL,'1','admin','2016-07-17 20:33:25',NULL,NULL),(146,0,'/images/2016/07/17/PEpTczYa.jpg',NULL,NULL,NULL,'1','admin','2016-07-17 20:33:25',NULL,NULL),(147,0,'/images/2016/07/17/JQrm5kd9.jpg',NULL,NULL,NULL,'1','admin','2016-07-17 20:33:25',NULL,NULL),(148,0,'/images/2016/07/17/KMLydaDm.jpg',NULL,NULL,NULL,'1','admin','2016-07-17 20:33:26',NULL,NULL),(149,0,'/images/2016/07/17/9KCdLYho.jpg',NULL,NULL,NULL,'1','admin','2016-07-17 20:33:26',NULL,NULL),(150,0,'/images/2016/07/17/81WNDGB2.jpg',NULL,NULL,NULL,'1','admin','2016-07-17 20:33:26',NULL,NULL),(151,0,'/images/2016/07/17/H38yeAnQ.jpg',NULL,NULL,NULL,'1','admin','2016-07-17 20:41:06',NULL,NULL),(152,0,'/images/2016/07/17/r0m6J5lj.jpg',NULL,NULL,NULL,'1','admin','2016-07-17 20:41:06',NULL,NULL),(153,0,'/images/2016/07/17/FdDfsMtI.jpg',NULL,NULL,NULL,'1','admin','2016-07-17 20:41:07',NULL,NULL),(154,0,'/images/2016/07/17/mTilmQin.jpg',NULL,NULL,NULL,'1','admin','2016-07-17 20:41:07',NULL,NULL),(155,0,'/images/2016/07/17/a2g938vJ.jpg',NULL,NULL,NULL,'1','admin','2016-07-17 20:41:07',NULL,NULL),(156,0,'/images/2016/07/17/sgPODOJP.jpg',NULL,NULL,NULL,'1','admin','2016-07-17 20:41:07',NULL,NULL),(157,0,'/images/2016/07/17/FQehoWTg.jpg',NULL,NULL,NULL,'1','admin','2016-07-17 20:41:08',NULL,NULL),(158,0,'/images/2016/07/17/RKcrakfn.jpg',NULL,NULL,NULL,'1','admin','2016-07-17 20:44:51',NULL,NULL),(159,0,'/images/2016/07/17/Vs50zRXB.jpg',NULL,NULL,NULL,'1','admin','2016-07-17 20:44:52',NULL,NULL),(160,0,'/images/2016/07/17/8GIqdnht.jpg',NULL,NULL,NULL,'1','admin','2016-07-17 20:44:52',NULL,NULL),(161,0,'/images/2016/07/17/RPzyIexd.jpg',NULL,NULL,NULL,'1','admin','2016-07-17 20:44:52',NULL,NULL),(162,0,'/images/2016/07/17/5uE4DshI.jpg',NULL,NULL,NULL,'1','admin','2016-07-17 20:44:52',NULL,NULL),(163,65,NULL,NULL,NULL,NULL,NULL,NULL,NULL,'admin','2016-07-17 20:49:06'),(164,65,NULL,NULL,NULL,NULL,NULL,NULL,NULL,'admin','2016-07-17 20:49:06'),(165,65,NULL,NULL,NULL,NULL,NULL,NULL,NULL,'admin','2016-07-17 20:49:06'),(166,65,NULL,NULL,NULL,NULL,NULL,NULL,NULL,'admin','2016-07-17 20:49:06'),(167,65,NULL,NULL,NULL,NULL,NULL,NULL,NULL,'admin','2016-07-17 20:49:06'),(168,66,'/images/2016/07/17/EaHRr7hP.jpg',NULL,NULL,NULL,'3','admin','2016-07-17 20:55:46','admin','2016-07-18 13:11:24'),(169,66,'/images/2016/07/17/WLoUSX2s.jpg',NULL,NULL,NULL,'3','admin','2016-07-17 20:55:46','admin','2016-07-18 13:11:26'),(170,66,'/images/2016/07/17/4Vk0CGjJ.jpg',NULL,NULL,NULL,'3','admin','2016-07-17 20:55:46','admin','2016-07-18 13:11:27'),(171,66,'/images/2016/07/17/eL67EhY3.jpg',NULL,NULL,NULL,'3','admin','2016-07-17 20:55:46','admin','2016-07-18 13:11:28'),(172,66,'/images/2016/07/17/pOR8PXso.jpg',NULL,NULL,NULL,'3','admin','2016-07-17 20:55:46','admin','2016-07-18 13:11:29'),(173,65,'/images/2016/07/17/Wy6Pe4ml.jpg',NULL,NULL,NULL,'1','admin','2016-07-17 20:56:39',NULL,NULL),(174,64,'/images/2016/07/17/Eb5TNDed.jpg',NULL,NULL,NULL,'1','admin','2016-07-17 20:56:49',NULL,NULL),(175,64,'/images/2016/07/17/IQMwGvto.jpg',NULL,NULL,NULL,'1','admin','2016-07-17 20:56:49',NULL,NULL),(176,64,'/images/2016/07/17/sWbi1cYn.jpg',NULL,NULL,NULL,'1','admin','2016-07-17 20:56:49',NULL,NULL),(177,64,'/images/2016/07/17/gwD0FNo5.jpg',NULL,NULL,NULL,'1','admin','2016-07-17 20:56:49',NULL,NULL),(178,64,'/images/2016/07/17/CzudfeQ2.jpg',NULL,NULL,NULL,'1','admin','2016-07-17 20:56:49',NULL,NULL),(179,61,'/images/2016/07/17/FretO636.jpg',NULL,NULL,NULL,'1','admin','2016-07-17 21:19:24',NULL,NULL),(180,61,'/images/2016/07/17/Ref6nTW5.jpg',NULL,NULL,NULL,'1','admin','2016-07-17 21:19:24',NULL,NULL),(181,61,'/images/2016/07/17/WwMxFES8.jpg',NULL,NULL,NULL,'1','admin','2016-07-17 21:19:24',NULL,NULL),(182,61,'/images/2016/07/17/VJYA7zY9.jpg',NULL,NULL,NULL,'1','admin','2016-07-17 21:19:25',NULL,NULL),(183,61,'/images/2016/07/17/maXJBJy9.jpg',NULL,NULL,NULL,'1','admin','2016-07-17 21:19:25',NULL,NULL),(184,66,'/images/2016/07/17/CCmwFGmr.jpg',NULL,NULL,NULL,'3','admin','2016-07-17 23:05:28','admin','2016-07-18 13:11:30'),(185,66,'/images/2016/07/17/5iis5KY0.jpg',NULL,NULL,NULL,'3','admin','2016-07-17 23:05:28','admin','2016-07-18 13:11:30'),(186,66,'/images/2016/07/17/uGkd2cIK.jpg',NULL,NULL,NULL,'3','admin','2016-07-17 23:05:28','admin','2016-07-18 13:11:31'),(187,66,'/images/2016/07/17/snwk1Anc.jpg',NULL,NULL,NULL,'3','admin','2016-07-17 23:05:29','admin','2016-07-18 13:11:31'),(188,66,'/images/2016/07/17/6x2uN0S1.jpg',NULL,NULL,NULL,'3','admin','2016-07-17 23:05:29','admin','2016-07-18 13:11:32'),(189,66,'/images/2016/07/17/5UGWDDL9.jpg',NULL,NULL,NULL,'3','admin','2016-07-17 23:05:29','admin','2016-07-18 13:11:32'),(190,66,'/images/2016/07/17/FElFAGQY.jpg',NULL,NULL,NULL,'3','admin','2016-07-17 23:05:29','admin','2016-07-18 13:11:33'),(191,66,'/images/2016/07/18/OnUvibwY.jpg',NULL,NULL,NULL,'1','admin','2016-07-18 13:12:02',NULL,NULL),(192,66,'/images/2016/07/18/sydL2cvu.jpg',NULL,NULL,NULL,'1','admin','2016-07-18 13:12:02',NULL,NULL),(193,66,'/images/2016/07/18/VNqe0eTv.jpg',NULL,NULL,NULL,'1','admin','2016-07-18 13:12:02',NULL,NULL),(194,66,'/images/2016/07/18/9lWaDkwi.jpg',NULL,NULL,NULL,'1','admin','2016-07-18 13:12:02',NULL,NULL),(195,66,'/images/2016/07/18/93oNjYho.jpg',NULL,NULL,NULL,'1','admin','2016-07-18 13:12:03',NULL,NULL),(196,66,'/images/2016/07/18/3YO7zxhN.jpg',NULL,NULL,NULL,'1','admin','2016-07-18 13:12:03',NULL,NULL),(197,66,'/images/2016/07/18/JJCM0NmQ.jpg',NULL,NULL,NULL,'1','admin','2016-07-18 15:31:54',NULL,NULL),(198,67,'/images/2016/07/21/s4t35MNB.jpg',NULL,NULL,NULL,'1','admin','2016-07-21 16:33:02','admin','2016-07-21 16:33:05');

/*Table structure for table `cases` */

DROP TABLE IF EXISTS `cases`;

CREATE TABLE `cases` (
  `case_id` int(11) NOT NULL AUTO_INCREMENT,
  `designer_id` int(11) DEFAULT NULL,
  `case_title` varchar(100) DEFAULT NULL COMMENT '案例标题',
  `case_desc` varchar(2000) DEFAULT NULL COMMENT '案例描述',
  `case_style` varchar(100) DEFAULT NULL COMMENT '设计风格',
  `case_money` varchar(100) DEFAULT NULL COMMENT '装修费用',
  `case_community` varchar(100) DEFAULT NULL COMMENT '所在楼盘小区',
  `case_acreage` varchar(100) DEFAULT NULL COMMENT '房屋面积',
  `case_area` varchar(100) DEFAULT NULL COMMENT '行政区域 朝阳区',
  `case_house_type` varchar(100) DEFAULT NULL COMMENT '装修户型',
  `case_designer` varchar(100) DEFAULT NULL COMMENT '设计师',
  `case_thumb_img` varchar(200) DEFAULT NULL COMMENT '缩略图',
  `case_read_num` int(11) DEFAULT NULL COMMENT '浏览量',
  `seo_title` varchar(500) DEFAULT NULL COMMENT 'SEO标题',
  `seo_keyword` varchar(500) DEFAULT NULL COMMENT 'SEO关键字',
  `seo_desc` varchar(500) DEFAULT NULL COMMENT 'SEO描述',
  `case_status` int(1) DEFAULT '1' COMMENT '1正常 3删除',
  `branch_company` varchar(100) DEFAULT NULL COMMENT '隶属分公司',
  `creater` varchar(10) DEFAULT NULL,
  `create_time` datetime DEFAULT NULL,
  `updater` varchar(10) DEFAULT NULL,
  `update_time` datetime DEFAULT NULL,
  PRIMARY KEY (`case_id`)
) ENGINE=InnoDB AUTO_INCREMENT=68 DEFAULT CHARSET=utf8;

/*Data for the table `cases` */

insert  into `cases`(`case_id`,`designer_id`,`case_title`,`case_desc`,`case_style`,`case_money`,`case_community`,`case_acreage`,`case_area`,`case_house_type`,`case_designer`,`case_thumb_img`,`case_read_num`,`seo_title`,`seo_keyword`,`seo_desc`,`case_status`,`branch_company`,`creater`,`create_time`,`updater`,`update_time`) values (1,NULL,'北京泰悦赫府短袜方式沟通','caseDesccaseDesccaseDesccaseDesccaseDesccaseDesccaseDesc','中式风格','13','衡达地标','120-150平','北京,东城区,null','三居','王倩文','/images/2016/06/27/A6zJONDA.jpg',133,NULL,NULL,NULL,1,NULL,'xun.liu','2016-06-18 01:00:14','admin','2016-07-02 15:27:55'),(2,NULL,'石家庄建大花园北欧现代风格家庭装修设','各地广泛的观点','中式风格','12w','冯村新园','80-120平','湖南,长沙,芙蓉区','三居','三居','/images/2016/06/25/dXxFEuUX.jpg',133,NULL,NULL,NULL,1,NULL,'xun.liu','2016-06-18 01:00:14','admin','2016-06-27 00:52:12'),(3,NULL,'国贸三期复式风格2270平方米','此案位于泰悦赫府，简欧风格，主要是针对低调奢华为主线来展开的设计。低调奢华风格顾名思义就是追求有内涵，他的特点也是非常明显，那就是在装修的时候尽量的本着低调来做，尽量不要使用过于豪华的材料，同时用普通的材料搭配，达到奢华游内涵的目的，这种装修风格给人的感觉就是华而不奢，艳而不妖。','经典欧式','12w','国贸三期','80-120平','山东,济南,历城区','两居','郑少淼','/images/2016/06/25/5zSsgmhl.png',133,NULL,NULL,NULL,1,NULL,'xun.liu','2016-06-18 01:00:14','admin','2016-07-03 01:05:51'),(4,NULL,'济南建大花园北欧现代风格家庭装修设11111','此案位于泰悦赫府，简欧风格，主要是针对低调奢华为主线来展开的设计。低调奢华风格顾名思义就是追求有内涵，他的特点也是非常明显，那就是在装修的时候尽量的本着低调来做，尽量不要使用过于豪华的材料，同时用普通的材料搭配，达到奢华游内涵的目的，这种装修风格给人的感觉就是华而不奢，艳而不妖。','经典欧式','12w','中南海','80-120平','江西,南昌,东湖区','三居','王倩文','/images/2016/06/27/LiPQBY4z.png',133,NULL,NULL,NULL,1,NULL,'xun.liu','2016-06-18 01:00:14','admin','2016-07-03 01:05:37'),(5,NULL,'济南中海国际简欧风格室内装修设计案','此案位于泰悦赫府，简欧风格，主要是针对低调奢华为主线来展开的设计。低调奢华风格顾名思义就是追求有内涵，他的特点也是非常明显，那就是在装修的时候尽量的本着低调来做，尽量不要使用过于豪华的材料，同时用普通的材料搭配，达到奢华游内涵的目的，这种装修风格给人的感觉就是华而不奢，艳而不妖。','欧式简约','12w','冯村新园','120平方米','朝阳区','三居','周亚光',NULL,133,NULL,NULL,NULL,1,NULL,'xun.liu','2016-06-18 01:00:14','xun.liu','2016-06-18 01:00:15'),(6,NULL,'济南泰悦赫府116平简欧风格家庭装修案例','此案位于泰悦赫府，简欧风格，主要是针对低调奢华为主线来展开的设计。低调奢华风格顾名思义就是追求有内涵，他的特点也是非常明显，那就是在装修的时候尽量的本着低调来做，尽量不要使用过于豪华的材料，同时用普通的材料搭配，达到奢华游内涵的目的，这种装修风格给人的感觉就是华而不奢，艳而不妖。','欧式简约','12w','冯村新园','3','朝阳区','三居','周亚光',NULL,133,NULL,NULL,NULL,1,NULL,'xun.liu','2016-06-18 01:00:14','admin','2016-06-25 22:35:55'),(7,NULL,'济南泰悦赫府116平简欧风格家庭装修案例','此案位于泰悦赫府，简欧风格，主要是针对低调奢华为主线来展开的设计。低调奢华风格顾名思义就是追求有内涵，他的特点也是非常明显，那就是在装修的时候尽量的本着低调来做，尽量不要使用过于豪华的材料，同时用普通的材料搭配，达到奢华游内涵的目的，这种装修风格给人的感觉就是华而不奢，艳而不妖。','===请选择===','12w','冯村新园','===请选择===','朝阳区','===请选择===','===请选择===','/images/2016/06/26/fKgvabI9.png',133,NULL,NULL,NULL,1,NULL,'xun.liu','2016-06-18 01:00:14','admin','2016-06-26 23:02:53'),(8,NULL,'济南泰悦赫府116平简欧风格家庭装修案例','此案位于泰悦赫府，简欧风格，主要是针对低调奢华为主线来展开的设计。低调奢华风格顾名思义就是追求有内涵，他的特点也是非常明显，那就是在装修的时候尽量的本着低调来做，尽量不要使用过于豪华的材料，同时用普通的材料搭配，达到奢华游内涵的目的，这种装修风格给人的感觉就是华而不奢，艳而不妖。','===请选择===','12w','冯村新园','===请选择===','朝阳区','===请选择===','===请选择===','/images/2016/06/25/78Kandaq.JPG',133,NULL,NULL,NULL,1,NULL,'xun.liu','2016-06-18 01:00:14','admin','2016-06-25 23:58:51'),(9,NULL,'济南重汽1956新中式风格室内装修设计','此案位于泰悦赫府，简欧风格，主要是针对低调奢华为主线来展开的设计。低调奢华风格顾名思义就是追求有内涵，他的特点也是非常明显，那就是在装修的时候尽量的本着低调来做，尽量不要使用过于豪华的材料，同时用普通的材料搭配，达到奢华游内涵的目的，这种装修风格给人的感觉就是华而不奢，艳而不妖。','欧式简约','12w','冯村新园','120平方米','朝阳区','三居','周亚光',NULL,133,NULL,NULL,NULL,1,NULL,'xun.liu','2016-06-18 01:00:14','xun.liu','2016-06-18 01:00:15'),(10,NULL,'济南泰悦赫府116平简欧风格家庭装修案例','此案位于泰悦赫府，简欧风格，主要是针对低调奢华为主线来展开的设计。低调奢华风格顾名思义就是追求有内涵，他的特点也是非常明显，那就是在装修的时候尽量的本着低调来做，尽量不要使用过于豪华的材料，同时用普通的材料搭配，达到奢华游内涵的目的，这种装修风格给人的感觉就是华而不奢，艳而不妖。','欧式简约','12w','冯村新园','210平方米','朝阳区','三居','周亚光',NULL,133,NULL,NULL,NULL,1,NULL,'xun.liu','2016-06-18 01:00:14','xun.liu','2016-06-18 01:00:15'),(11,NULL,'济南泰悦赫府116平简欧风格家庭装修案例','此案位于泰悦赫府，简欧风格，主要是针对低调奢华为主线来展开的设计。低调奢华风格顾名思义就是追求有内涵，他的特点也是非常明显，那就是在装修的时候尽量的本着低调来做，尽量不要使用过于豪华的材料，同时用普通的材料搭配，达到奢华游内涵的目的，这种装修风格给人的感觉就是华而不奢，艳而不妖。','欧式简约','12w','冯村新园','100平方米','朝阳区','三居','周亚光',NULL,133,NULL,NULL,NULL,1,NULL,'xun.liu','2016-06-18 01:00:14','xun.liu','2016-06-18 01:00:15'),(12,NULL,'123济南中海国际简欧风格室内装修设计案','此案位于泰悦赫府，简欧风格，主要是针对低调奢华为主线来展开的设计。低调奢华风格顾名思义就是追求有内涵，他的特点也是非常明显，那就是在装修的时候尽量的本着低调来做，尽量不要使用过于豪华的材料，同时用普通的材料搭配，达到奢华游内涵的目的，这种装修风格给人的感觉就是华而不奢，艳而不妖。','===请选择===','12w','冯村新园','===请选择===','朝阳区','===请选择===','===请选择===','',133,NULL,NULL,NULL,1,NULL,'xun.liu','2016-06-18 01:00:14','admin','2016-06-25 23:35:29'),(13,NULL,'济南水岸世家 170平法式室内装修设计案例','济南水岸世家 170平法式室内装修设计案例\r\n济南水岸世家 170平法式室内装修设计案例\r\n济南水岸世家 170平法式室内装修设计案例\r\n济南水岸世家 170平法式室内装修设计案例\r\n济南水岸世家 170平法式室内装修设计案例\r\n济南水岸世家 170平法式室内装修设计案例\r\n济南水岸世家 170平法式室内装修设计案例','中式风格','23','济南水岸世家','120-150平','河北,石家庄,长安区','三居','程书','/images/2016/06/27/oyVqBCSY.jpg',NULL,'','','',1,'===请选择===','admin','2016-06-26 15:58:42','admin','2016-07-12 22:25:00'),(14,NULL,'北京泰悦赫府短袜方式沟通份额申购认识1111','北京泰悦赫府短袜方式沟通份额申购认识北京泰悦赫府短袜方式沟通份额申购认识北京泰悦赫府短袜方式沟通份额申购认识北京泰悦赫府短袜方式沟通份额申购认识北京泰悦赫府短袜方式沟通份额申购认识北京泰悦赫','中式风格','43','济南水岸世家','120-150平','福建,福州,鼓楼区','三居','鲁国云','/images/2016/06/28/8pYLQWf3.png',NULL,NULL,NULL,NULL,1,NULL,'admin','2016-06-27 00:04:30','admin','2016-07-02 15:29:16'),(15,NULL,'济南水岸世家 170平法式室内装修设计案例',',济南水岸世家 170平法式室内装修设计济南水岸世家 170平法式室内装修设计济南水岸世家 170平法式室内装修设计济南水岸世家 170平法式室内装修设计济南水岸世家 170平法式室内装修设计济南水岸世家 170平法式室内装修设计济南水岸世家 170平法式室内装修设计济南水岸世家 170平法式室内装修设计济南水岸世家 170平法式室内装修设计','中式风格','32','水岸世家','120-150平','山东,济南,历下区','三居','程书',',',NULL,NULL,NULL,NULL,1,NULL,'admin','2016-06-28 22:34:32','admin','2016-07-02 15:27:02'),(16,NULL,'济南水岸世家 170平法式室内装修设计',',v万元万元万元万元万元万元万元万元万元万元万元万元万元万元万元万元万元万元万元万元万元万元万元万元万元万元万元万元万元万元万元万元万元万元万元万元万元万元万元万元万元万元万元万元万元万元万元万元万元万元万元万元万元','经典欧式','65','朝阳新城','120-150平','北京,东城区,null','三居','程书',',',NULL,NULL,NULL,NULL,1,NULL,'admin','2016-06-28 22:34:55','admin','2016-07-04 18:24:49'),(17,NULL,'泰悦赫府短袜方式沟通份额申购认识光','泰悦赫府短袜方式沟通份额申购认识1111泰悦赫府短袜方式沟通份额申购认识1111泰悦赫府短袜方式沟通份额申购认识1111泰悦赫府短袜方式沟通份额申购认识1111泰悦赫府短袜方式沟通份额申购认识1111泰悦赫府短袜方式沟通份额申购认识1111泰悦赫府短袜方式沟通份额申购认识1111泰悦赫府短袜方式沟通份额申购认识1111泰悦赫府短袜方式沟通份额申购认识1111泰悦赫府短袜方式沟通份额申购认识1111泰悦赫府短袜方式沟通份额申购认识1111泰悦赫府短袜方式沟通份额申购认识1111泰悦赫府短袜方式沟通份额申购认识1111泰悦赫府短袜方式沟通份额申购认识1111泰悦赫府短袜方式沟通份额申购认识1111泰悦赫府短袜方式沟通份额申购认识1111泰悦赫府短袜方式沟通份额申购认识1111泰悦赫府短袜方式沟通份额申购认识1111泰悦赫府短袜方式沟通份额申购认识1111泰悦赫府短袜方式沟通份额申购认识1111泰悦赫府短袜方式沟通份额申购认识1111泰悦赫府短袜方式沟通份额申购认识1111泰悦赫府短袜方式沟通份额申购认识1111泰悦赫府短袜方式沟通份额申购认识1111泰悦赫府短袜方式沟通份额申购认识1111泰悦赫府短袜方式沟通份额申购认识1111泰悦赫府短袜方式沟通份额申购认识1111泰悦赫府短袜方式沟通份额申购认识1111泰悦赫府短袜方式沟通份额申购认识1111','乡村田园','210','冯村新园','80-120平','北京,东城区,null','一居','程书','/images/2016/07/05/RdrSzO2d.jpg',NULL,'111','111','111',1,NULL,'admin','2016-06-28 22:36:05','admin','2016-07-07 17:08:20'),(18,NULL,'王亚光1143r23',',',NULL,'','','===请选择===','2010-03-04,','===请选择===',NULL,',',NULL,NULL,NULL,NULL,3,NULL,'admin','2016-06-29 00:23:22','admin','2016-06-29 01:43:15'),(19,NULL,NULL,NULL,NULL,NULL,NULL,NULL,NULL,NULL,NULL,NULL,NULL,NULL,NULL,NULL,3,NULL,'admin','2016-06-29 01:02:13','admin','2016-06-29 01:42:16'),(20,NULL,NULL,NULL,NULL,NULL,NULL,NULL,NULL,NULL,NULL,NULL,NULL,NULL,NULL,NULL,3,NULL,'admin','2016-06-29 01:06:03','admin','2016-06-29 01:42:07'),(21,NULL,'济南中海国际简欧风格室内装修设计案','此案位于泰悦赫府，简欧风格，主要是针对低调奢华为主线来展开的设计。低调奢华风格顾名思义就是追求有内涵，他的特点也是非常明显，那就是在装修的时候尽量的本着低调来做，尽量不要使用过于豪华的材料，同时用普通的材料搭配，达到奢华游内涵的目的，这种装修风格给人的感觉就是华而不奢，艳而不妖。','欧式简约','12w','冯村新园','120平方米','朝阳区','三居','周亚光',NULL,133,NULL,NULL,NULL,1,NULL,'xun.liu','2016-06-18 01:00:14','xun.liu','2016-06-18 01:00:15'),(22,NULL,'济南中海国际简欧风格室内装修设计案','此案位于泰悦赫府，简欧风格，主要是针对低调奢华为主线来展开的设计。低调奢华风格顾名思义就是追求有内涵，他的特点也是非常明显，那就是在装修的时候尽量的本着低调来做，尽量不要使用过于豪华的材料，同时用普通的材料搭配，达到奢华游内涵的目的，这种装修风格给人的感觉就是华而不奢，艳而不妖。','欧式简约','12w','冯村新园','120平方米','朝阳区','三居','周亚光',NULL,133,NULL,NULL,NULL,1,NULL,'xun.liu','2016-06-18 01:00:14','xun.liu','2016-06-18 01:00:15'),(23,NULL,'济南泰悦赫府116平简欧风格家庭装修案例','此案位于泰悦赫府，简欧风格，主要是针对低调奢华为主线来展开的设计。低调奢华风格顾名思义就是追求有内涵，他的特点也是非常明显，那就是在装修的时候尽量的本着低调来做，尽量不要使用过于豪华的材料，同时用普通的材料搭配，达到奢华游内涵的目的，这种装修风格给人的感觉就是华而不奢，艳而不妖。','欧式简约','12w','冯村新园','3','朝阳区','三居','周亚光',NULL,133,NULL,NULL,NULL,1,NULL,'xun.liu','2016-06-18 01:00:14','admin','2016-06-25 22:35:55'),(24,NULL,'济南泰悦赫府116平简欧风格家庭装修案例','此案位于泰悦赫府，简欧风格，主要是针对低调奢华为主线来展开的设计。低调奢华风格顾名思义就是追求有内涵，他的特点也是非常明显，那就是在装修的时候尽量的本着低调来做，尽量不要使用过于豪华的材料，同时用普通的材料搭配，达到奢华游内涵的目的，这种装修风格给人的感觉就是华而不奢，艳而不妖。','===请选择===','12w','冯村新园','===请选择===','朝阳区','===请选择===','===请选择===','/images/2016/06/26/fKgvabI9.png',133,NULL,NULL,NULL,1,NULL,'xun.liu','2016-06-18 01:00:14','admin','2016-06-26 23:02:53'),(25,NULL,'济南泰悦赫府116平简欧风格家庭装修案例','此案位于泰悦赫府，简欧风格，主要是针对低调奢华为主线来展开的设计。低调奢华风格顾名思义就是追求有内涵，他的特点也是非常明显，那就是在装修的时候尽量的本着低调来做，尽量不要使用过于豪华的材料，同时用普通的材料搭配，达到奢华游内涵的目的，这种装修风格给人的感觉就是华而不奢，艳而不妖。','===请选择===','12w','冯村新园','===请选择===','朝阳区','===请选择===','===请选择===','/images/2016/06/25/78Kandaq.JPG',133,NULL,NULL,NULL,1,NULL,'xun.liu','2016-06-18 01:00:14','admin','2016-06-25 23:58:51'),(26,NULL,'济南重汽1956新中式风格室内装修设计','此案位于泰悦赫府，简欧风格，主要是针对低调奢华为主线来展开的设计。低调奢华风格顾名思义就是追求有内涵，他的特点也是非常明显，那就是在装修的时候尽量的本着低调来做，尽量不要使用过于豪华的材料，同时用普通的材料搭配，达到奢华游内涵的目的，这种装修风格给人的感觉就是华而不奢，艳而不妖。','欧式简约','12w','冯村新园','120平方米','朝阳区','三居','周亚光',NULL,133,NULL,NULL,NULL,1,NULL,'xun.liu','2016-06-18 01:00:14','xun.liu','2016-06-18 01:00:15'),(27,NULL,'济南泰悦赫府116平简欧风格家庭装修案例','此案位于泰悦赫府，简欧风格，主要是针对低调奢华为主线来展开的设计。低调奢华风格顾名思义就是追求有内涵，他的特点也是非常明显，那就是在装修的时候尽量的本着低调来做，尽量不要使用过于豪华的材料，同时用普通的材料搭配，达到奢华游内涵的目的，这种装修风格给人的感觉就是华而不奢，艳而不妖。','欧式简约','12w','冯村新园','210平方米','朝阳区','三居','周亚光',NULL,133,NULL,NULL,NULL,1,NULL,'xun.liu','2016-06-18 01:00:14','xun.liu','2016-06-18 01:00:15'),(28,NULL,'济南泰悦赫府116平简欧风格家庭装修案例','此案位于泰悦赫府，简欧风格，主要是针对低调奢华为主线来展开的设计。低调奢华风格顾名思义就是追求有内涵，他的特点也是非常明显，那就是在装修的时候尽量的本着低调来做，尽量不要使用过于豪华的材料，同时用普通的材料搭配，达到奢华游内涵的目的，这种装修风格给人的感觉就是华而不奢，艳而不妖。','欧式简约','12w','冯村新园','100平方米','朝阳区','三居','周亚光',NULL,133,NULL,NULL,NULL,1,NULL,'xun.liu','2016-06-18 01:00:14','xun.liu','2016-06-18 01:00:15'),(29,NULL,'济南水岸世家 170平法式室内装修设计案例','济南水岸世家 170平法式室内装修设计案例\r\n济南水岸世家 170平法式室内装修设计案例\r\n济南水岸世家 170平法式室内装修设计案例\r\n济南水岸世家 170平法式室内装修设计案例\r\n济南水岸世家 170平法式室内装修设计案例\r\n济南水岸世家 170平法式室内装修设计案例\r\n济南水岸世家 170平法式室内装修设计案例','中式风格','23','济南水岸世家','120-150平','北京,东城区,null','三居','王倩文','/images/2016/06/27/oyVqBCSY.jpg',NULL,'','','',1,'===请选择===','admin','2016-06-26 15:58:42','admin','2016-07-12 22:25:04'),(30,NULL,'北京泰悦赫府短袜方式沟通份额申购认识1111','北京泰悦赫府短袜方式沟通份额申购认识北京泰悦赫府短袜方式沟通份额申购认识北京泰悦赫府短袜方式沟通份额申购认识北京泰悦赫府短袜方式沟通份额申购认识北京泰悦赫府短袜方式沟通份额申购认识北京泰悦赫','中式风格','43','济南水岸世家','120-150平','福建,福州,鼓楼区','三居','郑少淼','/images/2016/06/28/8pYLQWf3.png',NULL,NULL,NULL,NULL,1,NULL,'admin','2016-06-27 00:04:30','admin','2016-07-02 15:27:30'),(31,NULL,'济南水岸世家 170平法式室内装修设计案例',',济南水岸世家 170平法式室内装修设计济南水岸世家 170平法式室内装修设计济南水岸世家 170平法式室内装修设计济南水岸世家 170平法式室内装修设计济南水岸世家 170平法式室内装修设计济南水岸世家 170平法式室内装修设计济南水岸世家 170平法式室内装修设计济南水岸世家 170平法式室内装修设计济南水岸世家 170平法式室内装修设计','中式风格','32','水岸世家','120-150平','山东,济南,历下区','三居','王亚光',',',NULL,NULL,NULL,NULL,1,NULL,'admin','2016-06-28 22:34:32','admin','2016-07-02 15:27:08'),(32,NULL,'济南水岸世家 170平法式室内装修设计',',','乡村田园','33','东方今典','120-150平','河北,石家庄,长安区','三居','王倩文','/images/2016/07/05/DTuzjeYV.jpg',NULL,'111','222','333',1,NULL,'admin','2016-06-28 22:34:55','admin','2016-07-05 22:39:10'),(33,NULL,'王亚光1143r23',',',NULL,'','','===请选择===','2010-03-04,','===请选择===',NULL,',',NULL,NULL,NULL,NULL,3,NULL,'admin','2016-06-29 00:23:22','admin','2016-06-29 01:43:15'),(34,NULL,'济南建大花园北欧现代风格家庭装修设11111','此案位于泰悦赫府，简欧风格，主要是针对低调奢华为主线来展开的设计。低调奢华风格顾名思义就是追求有内涵，他的特点也是非常明显，那就是在装修的时候尽量的本着低调来做，尽量不要使用过于豪华的材料，同时用普通的材料搭配，达到奢华游内涵的目的，这种装修风格给人的感觉就是华而不奢，艳而不妖。','经典欧式','12w','中南海','80-120平','江西,南昌,东湖区','三居','王亚光lghkf','/images/2016/06/27/LiPQBY4z.png',133,NULL,NULL,NULL,1,NULL,'xun.liu','2016-06-18 01:00:14','admin','2016-06-27 00:51:51'),(35,NULL,'济南中海国际简欧风格室内装修设计案','此案位于泰悦赫府，简欧风格，主要是针对低调奢华为主线来展开的设计。低调奢华风格顾名思义就是追求有内涵，他的特点也是非常明显，那就是在装修的时候尽量的本着低调来做，尽量不要使用过于豪华的材料，同时用普通的材料搭配，达到奢华游内涵的目的，这种装修风格给人的感觉就是华而不奢，艳而不妖。','欧式简约','12w','冯村新园','120平方米','朝阳区','三居','周亚光',NULL,133,NULL,NULL,NULL,1,NULL,'xun.liu','2016-06-18 01:00:14','xun.liu','2016-06-18 01:00:15'),(36,NULL,'济南中海国际简欧风格室内装修设计案','此案位于泰悦赫府，简欧风格，主要是针对低调奢华为主线来展开的设计。低调奢华风格顾名思义就是追求有内涵，他的特点也是非常明显，那就是在装修的时候尽量的本着低调来做，尽量不要使用过于豪华的材料，同时用普通的材料搭配，达到奢华游内涵的目的，这种装修风格给人的感觉就是华而不奢，艳而不妖。','欧式简约','12w','冯村新园','120平方米','朝阳区','三居','周亚光',NULL,133,NULL,NULL,NULL,1,NULL,'xun.liu','2016-06-18 01:00:14','xun.liu','2016-06-18 01:00:15'),(37,NULL,'济南中海国际简欧风格室内装修设计案','此案位于泰悦赫府，简欧风格，主要是针对低调奢华为主线来展开的设计。低调奢华风格顾名思义就是追求有内涵，他的特点也是非常明显，那就是在装修的时候尽量的本着低调来做，尽量不要使用过于豪华的材料，同时用普通的材料搭配，达到奢华游内涵的目的，这种装修风格给人的感觉就是华而不奢，艳而不妖。','欧式简约','12w','冯村新园','120平方米','朝阳区','三居','周亚光','/images/2016/07/05/VHXOLBQ1.png',133,NULL,NULL,NULL,1,NULL,'xun.liu','2016-06-18 01:00:14','xun.liu','2016-06-18 01:00:15'),(38,NULL,'济南泰悦赫府116平简欧风格家庭装修案例','此案位于泰悦赫府，简欧风格，主要是针对低调奢华为主线来展开的设计。低调奢华风格顾名思义就是追求有内涵，他的特点也是非常明显，那就是在装修的时候尽量的本着低调来做，尽量不要使用过于豪华的材料，同时用普通的材料搭配，达到奢华游内涵的目的，这种装修风格给人的感觉就是华而不奢，艳而不妖。','欧式简约','12w','冯村新园','3','朝阳区','三居','周亚光','/images/2016/07/05/V4UUC5Vj.png',133,NULL,NULL,NULL,1,NULL,'xun.liu','2016-06-18 01:00:14','admin','2016-06-25 22:35:55'),(39,NULL,'济南泰悦赫府116平简欧风格家庭装修案例','此案位于泰悦赫府，简欧风格，主要是针对低调奢华为主线来展开的设计。低调奢华风格顾名思义就是追求有内涵，他的特点也是非常明显，那就是在装修的时候尽量的本着低调来做，尽量不要使用过于豪华的材料，同时用普通的材料搭配，达到奢华游内涵的目的，这种装修风格给人的感觉就是华而不奢，艳而不妖。','欧式简约','12w','冯村新园','3','朝阳区','三居','周亚光',NULL,133,NULL,NULL,NULL,1,NULL,'xun.liu','2016-06-18 01:00:14','admin','2016-06-25 22:35:55'),(40,NULL,'北京泰悦赫府短袜方式沟通','caseDesccaseDesccaseDesccaseDesccaseDesccaseDesccaseDesc','中式风格','13','衡达地标','120-150平','北京,东城区,null','三居','两居','/images/2016/06/27/A6zJONDA.jpg',133,NULL,NULL,NULL,1,NULL,'xun.liu','2016-06-18 01:00:14','admin','2016-06-28 16:44:19'),(41,NULL,'北京泰悦赫府短袜方式沟通','caseDesccaseDesccaseDesccaseDesccaseDesccaseDesccaseDesc','中式风格','13','衡达地标','120-150平','北京,东城区,null','三居','两居','/images/2016/06/27/A6zJONDA.jpg',133,NULL,NULL,NULL,1,NULL,'xun.liu','2016-06-18 01:00:14','admin','2016-06-28 16:44:19'),(42,NULL,'北京泰悦赫府短袜方式沟通','caseDesccaseDesccaseDesccaseDesccaseDesccaseDesccaseDesc','中式风格','13','衡达地标','120-150平','北京,东城区,null','三居','两居','/images/2016/06/27/A6zJONDA.jpg',133,NULL,NULL,NULL,1,NULL,'xun.liu','2016-06-18 01:00:14','admin','2016-06-28 16:44:19'),(43,NULL,'北京泰悦赫府短袜方式沟通','caseDesccaseDesccaseDesccaseDesccaseDesccaseDesccaseDesc','中式风格','13','衡达地标','120-150平','北京,东城区,null','三居','两居','/images/2016/07/05/2q9hVn7I.jpg',133,NULL,NULL,NULL,1,NULL,'xun.liu','2016-06-18 01:00:14','admin','2016-06-28 16:44:19'),(44,NULL,'北京泰悦赫府短袜方式沟通','caseDesccaseDesccaseDesccaseDesccaseDesccaseDesccaseDesc','中式风格','13','衡达地标','120-150平','北京,东城区,null','三居','两居','/images/2016/07/05/kWpPBFTD.png',133,NULL,NULL,NULL,1,NULL,'xun.liu','2016-06-18 01:00:14','admin','2016-06-28 16:44:19'),(45,NULL,'北京泰悦赫府短袜方式沟通','caseDesccaseDesccaseDesccaseDesccaseDesccaseDesccaseDesc','中式风格','13','衡达地标','120-150平','北京,东城区,null','三居','两居','/images/2016/06/27/A6zJONDA.jpg',133,NULL,NULL,NULL,1,NULL,'xun.liu','2016-06-18 01:00:14','admin','2016-06-28 16:44:19'),(46,NULL,'北京泰悦赫府短袜方式沟通','caseDesccaseDesccaseDesccaseDesccaseDesccaseDesccaseDesc','中式风格','13','衡达地标','120-150平','北京,东城区,null','三居','两居','/images/2016/06/27/A6zJONDA.jpg',133,NULL,NULL,NULL,1,NULL,'xun.liu','2016-06-18 01:00:14','admin','2016-06-28 16:44:19'),(47,NULL,'北京泰悦赫府短袜方式沟通','caseDesccaseDesccaseDesccaseDesccaseDesccaseDesccaseDesc','中式风格','13','衡达地标','120-150平','北京,东城区,null','三居','两居','/images/2016/06/27/A6zJONDA.jpg',133,NULL,NULL,NULL,1,NULL,'xun.liu','2016-06-18 01:00:14','admin','2016-06-28 16:44:19'),(48,NULL,'北京泰悦赫府短袜方式沟通','caseDesccaseDesccaseDesccaseDesccaseDesccaseDesccaseDesc','中式风格','13','衡达地标','120-150平','北京,东城区,null','三居','两居','/images/2016/06/27/A6zJONDA.jpg',133,NULL,NULL,NULL,1,NULL,'xun.liu','2016-06-18 01:00:14','admin','2016-06-28 16:44:19'),(49,NULL,'北京泰悦赫府短袜方式沟通','caseDesccaseDesccaseDesccaseDesccaseDesccaseDesccaseDesc','中式风格','13','衡达地标','120-150平','北京,东城区,null','三居','两居','/images/2016/06/27/A6zJONDA.jpg',133,NULL,NULL,NULL,1,NULL,'xun.liu','2016-06-18 01:00:14','admin','2016-06-28 16:44:19'),(50,NULL,'北京泰悦赫府短袜方式沟通','caseDesccaseDesccaseDesccaseDesccaseDesccaseDesccaseDesc','中式风格','13','衡达地标','120-150平','北京,东城区,null','三居','两居','/images/2016/06/27/A6zJONDA.jpg',133,NULL,NULL,NULL,1,NULL,'xun.liu','2016-06-18 01:00:14','admin','2016-06-28 16:44:19'),(51,NULL,'北京泰悦赫府短袜方式沟通','caseDesccaseDesccaseDesccaseDesccaseDesccaseDesccaseDesc','中式风格','13','衡达地标','120-150平','北京,东城区,null','三居','两居','/images/2016/06/27/A6zJONDA.jpg',133,NULL,NULL,NULL,1,NULL,'xun.liu','2016-06-18 01:00:14','admin','2016-06-28 16:44:19'),(52,NULL,'北京泰悦赫府短袜方式沟通','caseDesccaseDesccaseDesccaseDesccaseDesccaseDesccaseDesc','中式风格','13','衡达地标','120-150平','北京,东城区,null','三居','两居','/images/2016/06/27/A6zJONDA.jpg',133,NULL,NULL,NULL,1,NULL,'xun.liu','2016-06-18 01:00:14','admin','2016-06-28 16:44:19'),(53,NULL,'','','===请选择===','','','===请选择===','北京,东城区,null','===请选择===','===请选择===','',NULL,'','','',3,NULL,'admin','2016-07-07 17:08:54','admin','2016-07-07 17:22:27'),(54,NULL,'111','','===请选择===','','','===请选择===','北京,东城区,null','===请选择===','===请选择===','',NULL,'','','',3,NULL,'admin','2016-07-07 17:09:15','admin','2016-07-07 17:22:27'),(55,NULL,'123济南中海国际简欧风格室内装修设计案','','===请选择===','','','===请选择===','北京,东城区,null','===请选择===','===请选择===','',NULL,'','','',3,NULL,'admin','2016-07-07 17:09:35','admin','2016-07-07 17:22:27'),(56,NULL,'123济南中海国际简欧风格室内装修设计案','','===请选择===','','','===请选择===','北京,东城区,null','===请选择===','===请选择===','',NULL,'','','',3,NULL,'admin','2016-07-07 17:16:58','admin','2016-07-07 17:22:27'),(57,NULL,'北京泰悦赫府短袜方式沟通份额申购认识111222','','5','12','济南水岸世家','120-150平','内蒙古,呼和浩特,新城区','多局','王倩文','/images/2016/07/15/qvS7v86Y.jpg',NULL,'','','',1,'三创装饰北京分公司','admin','2016-07-07 17:22:37','admin','2016-07-12 22:35:44'),(58,NULL,'北京泰悦赫府短袜方式沟通份额申购认识111222','','经典欧式','41','济南水岸世家','80-120平','北京,东城区,null','三居','程书','',NULL,'','','',1,'三创装饰唐山分公司','admin','2016-07-15 17:53:56','admin','2016-07-15 17:55:42'),(59,NULL,'111','','===请选择===','','','===请选择===','北京,东城区,null','===请选择===','===请选择===','/images/2016/07/17/AMHIzFzP.jpg',NULL,'','','',3,'===请选择===','admin','2016-07-17 19:59:53','admin','2016-07-17 20:27:29'),(60,NULL,'新建案例测试数据111','','经典欧式','12','济南水岸世家','80-120平','江西,南昌,东湖区','三居','王玉梅','/images/2016/07/17/H6dtHDUY.jpg',NULL,'','','',1,'三创装饰唐山分公司','admin','2016-07-17 20:28:26','admin','2016-07-19 22:24:54'),(61,NULL,'新建案例测试数据1','','中式风格','41','水木清华','120-150平','北京,东城区,null','三居','王玉梅','/images/2016/07/17/DGhY06xM.jpg',NULL,'','','',1,'三创装饰唐山分公司','admin','2016-07-17 20:31:51','admin','2016-07-18 15:31:44'),(62,NULL,'济南水岸世家170平法式室内装修设计案例','','中式风格','24','济南水岸世家','120-150平','广西,南宁,兴宁区','三居','王玉梅','',NULL,'','','',1,'三创装饰燕郊分公司','admin','2016-07-17 20:33:31','admin','2016-07-19 22:25:05'),(63,NULL,'济南燕玺台167平新中式风格家庭装修设计案例','诗意地栖居，是传统文化的珍视者，本案位于燕玺台，新中式风格，家庭装修设计师在设计参透了新富阶层的记忆底色，试图为现代人寻求一种自由，优雅的精神空间。本案设计前期与业主深入沟通，充分考虑了当地人文环境，将传统东方生活元素以一种全新的现代表现手法演绎，创作出极具人文色彩的居住环境。','现代简约','34','济南燕玺台','120-150平','山东,济南,历城区','三居','程书','/images/2016/07/17/zt7h2QOt.jpg',NULL,'','','',1,'三创装饰保定分公司','admin','2016-07-17 20:41:24',NULL,'2016-07-17 20:41:24'),(64,NULL,'济南历下区财富中心126平现代混搭风格家庭装修设计案例','本案位于财富中心，现代混搭风格，奥体CBD稀缺山居大宅，城市中心，居高临下，客户的天然特质让设计师有很多美妙的思路。客户对现代风格的追求，设计师大胆的去改造得到客户的认可，时尚的灰蓝与迎春黄的碰撞，石材与钢琴漆的融合，使得整个空间通畅而开阔。书房和厨房的打开，有了真正大宅的感觉，智能设备的运用无论从舒适度还是感官上，都能完美的契合。\r\n空间说明\r\n1.客厅：厨房和书房的打开，让客厅更开敞，入户鞋柜的处理，使得空间上更完整，客厅与书房的玻璃隔断，让空间连贯起来。\r\n2.餐厅：餐厅的圆桌让空间更加违和，简单吧台的制作，区域独立而同一，简单的软装搭配，但每一物都精挑细选，深有品味。\r\n3.卧室：满足生活需求的同时，通过简单的设计手法，美化空间，不杂糅，不做作。\r\n4.书房没有主灯，极大的考虑到眼睛的舒适度，木地板与瓷砖的结合，对于半私密的空间是非常适合的。','经典欧式','12','济南财富中心','80-120平','山东,济南,历下区','三居','程书','/images/2016/07/17/rc2T55Dc.jpg',NULL,'','','',1,'北京三创','admin','2016-07-17 20:45:01','admin','2016-07-19 17:49:33'),(65,NULL,'济南领秀公馆现代美式风格165平室内装修设计案例','','经典欧式','43','济南领秀公馆','80-120平','山东,济南,历下区','两居','王玉梅','/images/2016/07/17/v9R9tfMt.jpg',NULL,'','','',1,'唐山三创','admin','2016-07-17 20:49:05','admin','2016-07-19 17:48:55'),(66,NULL,'济南天澍花园现代简约风格家庭装修设计案例','','经典欧式','12','济南天澍花园','50-80平','山东,济南,历下区','两居','程书','/images/2016/07/17/RAFXsakz.jpg',NULL,'','','',1,'唐山三创','admin','2016-07-17 20:55:57','admin','2016-07-19 22:26:13'),(67,NULL,'111222333','','===请选择===','','','===请选择===','北京,东城区,null','===请选择===','===请选择===','/images/2016/07/21/9zSRd6wX.jpg',NULL,'','','',1,'===请选择===','admin','2016-07-21 16:33:05',NULL,'2016-07-21 16:33:05');

/*Table structure for table `comment` */

DROP TABLE IF EXISTS `comment`;

CREATE TABLE `comment` (
  `comment_id` int(11) NOT NULL AUTO_INCREMENT,
  `comment_desc` varchar(2000) DEFAULT NULL COMMENT '留言内容',
  `visitor_name` varchar(100) DEFAULT NULL COMMENT '访客姓名',
  `visitor_phone` varchar(30) DEFAULT NULL COMMENT '访客电话',
  `visitor_ip` varchar(30) DEFAULT NULL COMMENT '访客IP',
  `case_id` int(11) DEFAULT NULL COMMENT '关联案例ID',
  `type` varchar(10) DEFAULT NULL COMMENT '留言分类',
  `status` int(1) DEFAULT NULL COMMENT '留言状态',
  `create_time` datetime DEFAULT NULL COMMENT '留言时间',
  PRIMARY KEY (`comment_id`)
) ENGINE=InnoDB AUTO_INCREMENT=44 DEFAULT CHARSET=utf8;

/*Data for the table `comment` */

insert  into `comment`(`comment_id`,`comment_desc`,`visitor_name`,`visitor_phone`,`visitor_ip`,`case_id`,`type`,`status`,`create_time`) values (1,'这是一条我的评论','李四','1355202663','192.168.1.23',1,'1',1,'2016-06-28 18:09:46'),(2,'这是一条我的评论','王二','1355202663','192.168.1.23',1,'1',1,'2016-06-28 18:09:46'),(3,'这是一条我的评论','王二','1355202663','192.168.1.23',1,'1',3,'2016-06-28 18:09:46'),(4,'这是一条我的评论','王二','1355202663','192.168.1.23',1,'1',1,'2016-06-28 18:09:46'),(5,'这是一条我的评论','王二','1355202663','192.168.1.23',1,'1',1,'2016-06-28 18:09:46'),(6,'这是一条我的评论','王二','1355202663','192.168.1.23',1,'1',2,'2016-06-28 18:09:46'),(7,'这是一条我的评论','王二','1355202663','192.168.1.23',1,'1',1,'2016-06-28 18:09:46'),(8,'这是一条我的评论','王二','1355202663','192.168.1.23',1,'1',1,'2016-06-28 18:09:46'),(9,'这是一条我的评论','王二','1355202663','192.168.1.23',1,'2',1,'2016-06-28 18:09:46'),(10,'这是一条我的评论','王二','1355202663','192.168.1.23',1,'1',1,'2016-06-28 18:09:46'),(11,'这是一条我的评论','王二','1355202663','192.168.1.23',1,'1',1,'2016-06-28 18:09:46'),(12,'这是一条我的评论','王二','1355202663','192.168.1.23',1,'1',1,'2016-06-28 18:09:46'),(13,'这是一条我的评论','王二','1355202663','192.168.1.23',1,'1',1,'2016-06-28 18:09:46'),(14,'这是一条我的评论','王二','1355202663','192.168.1.23',1,'1',1,'2016-06-28 18:09:46'),(15,'这是一条我的评论','王二','1355202663','192.168.1.23',1,'1',1,'2016-06-28 18:09:46'),(16,'这是一条我的评论','王二','1355202663','192.168.1.23',1,'1',1,'2016-06-28 18:09:46'),(17,'这是一条我的评论','王二','1355202663','192.168.1.23',1,'1',1,'2016-06-28 18:09:46'),(18,'这是一条我的评论','王二','1355202663','192.168.1.23',1,'1',1,'2016-06-28 18:09:46'),(19,'这是一条我的评论','王二','1355202663','192.168.1.23',1,'1',1,'2016-06-28 18:09:46'),(20,'这是一条我的评论','王二','1355202663','192.168.1.23',1,'1',1,'2016-06-28 18:09:46'),(21,'这是一条我的评论','王二','1355202663','192.168.1.23',1,'1',1,'2016-06-28 18:09:46'),(22,'这是一条我的评论','王二','1355202663','192.168.1.23',1,'1',1,'2016-06-28 18:09:46'),(23,'这是一条我的评论','王二','1355202663','192.168.1.23',1,'1',1,'2016-06-28 18:09:46'),(24,'这是一条我的评论','王二','1355202663','192.168.1.23',1,'1',1,'2016-06-28 18:09:46'),(25,'这是一条我的评论','王二','1355202663','192.168.1.23',1,'1',1,'2016-06-28 18:09:46'),(26,'这是一条我的评论','王二','1355202663','192.168.1.23',1,'1',1,'2016-06-28 18:09:46'),(27,'这是一条我的评论','王二','1355202663','192.168.1.23',1,'1',1,'2016-06-28 18:09:46'),(28,'这是一条我的评论','王二','1355202663','192.168.1.23',1,'1',1,'2016-06-28 18:09:46'),(29,'这是一条我的评论','王二','1355202663','192.168.1.23',1,'1',1,'2016-06-28 18:09:46'),(30,'这是一条我的评论','王二','1355202663','192.168.1.23',1,'1',1,'2016-06-28 18:09:46'),(31,'这是一条我的评论','王二','1355202663','192.168.1.23',1,'1',1,'2016-06-28 18:09:46'),(32,'这是一条我的评论','王二','1355202663','192.168.1.23',1,'1',1,'2016-06-28 18:09:46'),(33,'这是一条我的评论','王二','1355202663','192.168.1.23',1,'1',1,'2016-06-28 18:09:46'),(34,'这是一条我的评论','王二','1355202663','192.168.1.23',1,'1',1,'2016-06-28 18:09:46'),(35,'这是一条我的评论','王二','1355202663','192.168.1.23',1,'1',1,'2016-06-28 18:09:46'),(36,'这是一条我的评论','王二','1355202663','192.168.1.23',1,'1',1,'2016-06-28 18:09:46'),(37,'这是一条我的评论','王二','1355202663','192.168.1.23',1,'1',1,'2016-06-28 18:09:46'),(38,'这是一条我的评论','王二','1355202663','192.168.1.23',1,'1',1,'2016-06-28 18:09:46'),(39,'这是一条我的评论','王二','1355202663','192.168.1.23',1,'1',1,'2016-06-28 18:09:46'),(40,'这是一条我的评论','王二','1355202663','192.168.1.23',1,'1',1,'2016-06-28 18:09:46'),(41,'这是一条我的评论','王二','1355202663','192.168.1.23',1,'1',1,'2016-06-28 18:09:46'),(42,'这是一条我的评论','王二','1355202663','192.168.1.23',1,'1',1,'2016-06-28 18:09:46'),(43,'这是一条我的评论','王二','1355202663','192.168.1.23',1,'1',1,'2016-06-28 18:09:46');

/*Table structure for table `designer` */

DROP TABLE IF EXISTS `designer`;

CREATE TABLE `designer` (
  `designer_id` int(11) NOT NULL AUTO_INCREMENT,
  `designer_name` varchar(100) DEFAULT NULL COMMENT '姓名',
  `designer_title` varchar(100) DEFAULT NULL COMMENT '职称',
  `designer_sex` varchar(10) DEFAULT NULL COMMENT '性别',
  `designer_school` varchar(100) DEFAULT NULL COMMENT '毕业院校',
  `designer_birth_place` varchar(100) DEFAULT NULL COMMENT '籍贯',
  `designer_photo_img` varchar(200) DEFAULT NULL COMMENT '设计师照片',
  `designer_certificate_img` varchar(200) DEFAULT NULL COMMENT '职业证书图片',
  `designer_profile` varchar(2000) DEFAULT NULL COMMENT '个人简介',
  `designer_price` int(11) DEFAULT NULL COMMENT '设计费用/平方米',
  `designer_dept` varchar(100) DEFAULT NULL COMMENT '部门名称',
  `designer_work_time` varchar(100) DEFAULT NULL COMMENT '从业时间',
  `designer_style` varchar(200) DEFAULT NULL COMMENT '设计风格',
  `designer_idea` varchar(2000) DEFAULT NULL COMMENT '设计理念',
  `designer_popularity` int(11) DEFAULT NULL COMMENT '浏览量 名气',
  `status` int(11) DEFAULT '1' COMMENT '1正常 3删除',
  `branch_company` varchar(100) DEFAULT NULL COMMENT '隶属分公司',
  `create_time` datetime DEFAULT NULL,
  `creater` varchar(100) DEFAULT NULL,
  `update_time` datetime DEFAULT NULL,
  `updater` varchar(100) DEFAULT NULL,
  PRIMARY KEY (`designer_id`)
) ENGINE=MyISAM AUTO_INCREMENT=98 DEFAULT CHARSET=utf8;

/*Data for the table `designer` */

insert  into `designer`(`designer_id`,`designer_name`,`designer_title`,`designer_sex`,`designer_school`,`designer_birth_place`,`designer_photo_img`,`designer_certificate_img`,`designer_profile`,`designer_price`,`designer_dept`,`designer_work_time`,`designer_style`,`designer_idea`,`designer_popularity`,`status`,`branch_company`,`create_time`,`creater`,`update_time`,`updater`) values (1,'王亚光1','高级设计师',NULL,'中央美术学院',NULL,NULL,NULL,'职位：共和别墅设计中心设计师',120,'别墅设计一部','8年以上','欧式，新古典，中式','设计是一种追求完美的生活态度，设计是一种追求品味的生活概念',134,3,NULL,'2016-06-26 00:58:30','admin','2016-06-26 01:35:07','admin'),(2,'李雪峰','高级设计师','男','中央美术学院','北京,东城区,null','/images/2016/06/30/I5P1C9AC.jpg','/images/2016/07/02/g1SvAFiH.jpg','职位：共和别墅设计中心设计师',120,'设计一部','2016-06-02','欧式，新古典，中式','设计是一种追求完美的生活态度，设计是一种追求品味的生活概念',134,1,NULL,'2016-06-26 00:58:30','admin','2016-06-30 11:35:43','admin'),(3,'贾玺','高级设计师','女','中央美术学院','浙江,杭州,上城区','/images/2016/06/30/8tPfFEpn.png','/images/2016/06/30/DWS2m56L.jpg','职位：共和别墅设计中心设计师',222,'设计三部','8年以上','欧式，新古典，中式','设计是一种追求完美的生活态度，设计是一种追求品味的生活概念',134,1,NULL,'2016-06-26 00:58:30','admin','2016-06-30 11:38:28','admin'),(4,'王辛勤','高级设计师','男','中央美术学院','北京,东城区,null',NULL,NULL,'职位：共和别墅设计中心设计师',120,'设计三部','8年以上','欧式，新古典，中式','设计是一种追求完美的生活态度，设计是一种追求品味的生活概念',134,1,NULL,'2016-06-26 00:58:30','admin','2016-06-29 23:26:51','admin'),(5,'李新梅','高级设计师','女','中央美术学院','北京,东城区,null','/images/2016/06/30/EUUz28qB.jpeg','/images/2016/06/30/PTbn1Uzf.jpg','职位：共和别墅设计中心设计师',120,'精品一部','2010-07-08','欧式，新古典，中式','设计是一种追求完美的生活态度，设计是一种追求品味的生活概念',134,1,'===请选择===','2016-06-26 00:58:30','admin','2016-07-18 15:43:48','admin'),(6,'王光美','高级设计师','女','中央美术学院','北京,东城区,null','','','设计是一种追求完美的生活态度，设计是一种追求品味的生活概念\r\n\r\n职位：共和别墅设计中心设计师设计是一种追求完美的生活态度，设计是一种追求品味的生活概念\r\n\r\n职位：共和别墅设计中心设计师设计是一种追求完美的生活态度，设计是一种追求品味的生活概念\r\n\r\n职位：共和别墅设计中心设计师设计是一种追求完美的生活态度，设计是一种追求品味的生活概念\r\n\r\n职位：共和别墅设计中心设计师设计是一种追求完美的生活态度，设计是一种追求品味的生活概念\r\n\r\n职位：共和别墅设计中心设计师设计是一种追求完美的生活态度，设计是一种追求品味的生活概念\r\n\r\n职位：共和别墅设计中心设计师设计是一种追求完美的生活态度，设计是一种追求品味的生活概念\r\n\r\n职位：共和别墅设计中心设计师设计是一种追求完美的生活态度，设计是一种追求品味的生活概念\r\n\r\n职位：共和别墅设计中心设计师设计是一种追求完美的生活态度，设计是一种追求品味的生活概念\r\n\r\n职位：共和别墅设计中心设计师设计是一种追求完美的生活态度，设计是一种追求品味的生活概念\r\n\r\n职位：共和别墅设计中心设计师设计是一种追求完美的生活态度，设计是一种追求品味的生活概念\r\n\r\n职位：共和别墅设计中心设计师设计是一种追求完美的生活态度，设计是一种追求品味的生活概念\r\n\r\n职位：共和别墅设计中心设计师设计是一种追求完美的生活态度，设计是一种追求品味的生活概念\r\n\r\n职位：共和别墅设计中心设计师设计是一种追求完美的生活态度，设计是一种追求品味的生活概念\r\n\r\n职位：共和别墅设计中心设计师设计是一种追求完美的生活态度，设计是一种追求品味的生活概念\r\n\r\n职位：共和别墅设计中心设计师设计是一种追求完美的生活态度，设计是一种追求品味的生活概念\r\n\r\n职位：共和别墅设计中心设计师设计是一种追求完美的生活态度，设计是一种追求品味的生活概念\r\n\r\n职位：共和别墅设计中心设计师设计是一种追求完美的生活态度，设计是一种追求品味的生活概念\r\n\r\n职位：共和别墅设计中心设计师设计是一种追求完美的生活态度，设计是一种追求品味的生活概念\r\n\r\n职位：共和别墅设计中心设计师设计是一种追求完美的生活态度，设计是一种追求品味的生活概念\r\n\r\n职位：共和别墅设计中心设计师设计是一种追求完美的生活态度，设计是一种追求品味的生活概念\r\n\r\n职位：共和别墅设计中心设计师',123,'别墅设计一部','8年以上','中式','设计是一种追求完美的生活态度，设计是一种追求品味的生活概念\r\n\r\n职位：共和别墅设计中心设计师',111,1,'===请选择===','2016-06-26 00:58:30','admin','2016-07-18 18:07:32','admin'),(7,'冯强','高级设计师','男','中央美术学院','北京,东城区,null','/images/2016/07/02/m5ENajRs.jpg','','职位：共和别墅设计中心设计师',120,'别墅设计一部','8年以上','欧式，新古典，中式','设计是一种追求完美的生活态度，设计是一种追求品味的生活概念',134,1,NULL,'2016-06-26 00:58:30','admin','2016-07-02 15:08:41','admin'),(8,'张三','见习设计师','男','华北艺术学院','江苏,南京,玄武区',NULL,NULL,'职位：共和别墅设计中心设计师职位：共和别墅设计中心设计师职位：共和别墅设计中心设计师设计是一种追求完美的生活态度，设计是一种追求品味的生活概念职位：共和别墅设计中心设计师',213,'设计二部','2010-06-01','欧式，简约设计','设计是一种追求完美的生活态度，设计是一种追求品味的生活概念职位：共和别墅设计中心设计师',134,1,NULL,'2016-06-26 00:58:30','admin','2016-06-29 23:24:26','admin'),(9,'李四','高级设计师','女','中央美术学院','北京,东城区,null','/images/2016/07/02/40cggOQ9.jpeg','/images/2016/07/02/ELfSGjyI.jpg','职位：共和别墅设计中心设计师',120,'精品一部','8年以上','欧式，新古典，中式','设计是一种追求完美的生活态度，设计是一种追求品味的生活概念',134,1,NULL,'2016-06-26 00:58:30','admin','2016-06-29 23:21:12','admin'),(36,'王玉梅','高级设计师','女','中央美术学院','山西,太原,小店区','','','职位：共和别墅设计中心设计师',120,'精品一部','8年以上','欧式，新古典，中式','设计是一种追求完美的生活态度，设计是一种追求品味的生活概念',134,1,NULL,'2016-06-26 00:58:30','admin','2016-07-02 15:28:15','admin'),(10,'王亚光1132','高级设计师',NULL,'中央美术学院',NULL,NULL,NULL,'职位：共和别墅设计中心设计师',120,'别墅设计一部','8年以上','欧式，新古典，中式','设计是一种追求完美的生活态度，设计是一种追求品味的生活概念',134,3,NULL,'2016-06-26 00:58:30','admin','2016-06-26 01:34:17','admin'),(11,'王璐','高级设计师','女','中央美术学院','北京,东城区,null',NULL,NULL,'职位：共和别墅设计中心设计师',120,'设计三部','2016-06-01','欧式，新古典，中式','设计是一种追求完美的生活态度，设计是一种追求品味的生活概念',12,1,NULL,'2016-06-26 00:58:30','admin','2016-06-29 23:21:20','admin'),(12,'王倩文','高级设计师','女','中央美术学院','山西,太原,小店区',NULL,NULL,'职位：共和别墅设计中心设计师',120,'精品一部','8年以上','欧式，新古典，中式','设计是一种追求完美的生活态度，设计是一种追求品味的生活概念',134,1,NULL,'2016-06-26 00:58:30','admin','2016-06-29 23:21:23','admin'),(13,'冯文斯','高级设计师','女','中央美术学院','北京,东城区,null',NULL,NULL,'职位：共和别墅设计中心设计师',120,'别墅设计一部','2016-06-04','欧式，新古典，中式','设计是一种追求完美的生活态度，设计是一种追求品味的生活概念',32,1,NULL,'2016-06-26 00:58:30','admin','2016-06-29 23:09:43','admin'),(14,'张雪梅','高级设计师','男','中央美术学院','福建,福州,鼓楼区','/images/2016/07/02/82vfiLS0.gif','/images/2016/07/02/3cfMMvrv.jpg','职位：共和别墅设计中心设计师',120,'别墅设计一部','2016-06-11','欧式，新古典，中式','设计是一种追求完美的生活态度，设计是一种追求品味的生活概念',134,1,NULL,'2016-06-26 00:58:30','admin','2016-07-02 15:28:38','admin'),(15,'rewffwe','高级设计师',NULL,'中央美术学院',NULL,NULL,NULL,'职位：共和别墅设计中心设计师',120,'别墅设计一部','8年以上','欧式，新古典，中式','设计是一种追求完美的生活态度，设计是一种追求品味的生活概念',134,3,NULL,'2016-06-26 00:58:30','admin','2016-06-26 01:34:09','admin'),(16,'王胜广','高级设计师','男','中央美术学院','北京,东城区,null',NULL,NULL,'职位：共和别墅设计中心设计师',120,'别墅设计一部','8年以上','欧式，新古典，中式','设计是一种追求完美的生活态度，设计是一种追求品味的生活概念',134,1,NULL,'2016-06-26 00:58:30','admin','2016-06-29 23:22:30','admin'),(17,'王亚光','高级设计师','男','中央美术学院','北京,东城区,null',NULL,NULL,'职位：共和别墅设计中心设计师',120,'设计三部','8年以上','欧式，新古典，中式','设计是一种追求完美的生活态度，设计是一种追求品味的生活概念',134,1,NULL,'2016-06-26 00:58:30','admin','2016-06-29 23:22:40','admin'),(18,'xdgfvdzgv','高级设计师',NULL,'中央美术学院',NULL,NULL,NULL,'职位：共和别墅设计中心设计师',120,'别墅设计一部','8年以上','欧式，新古典，中式','设计是一种追求完美的生活态度，设计是一种追求品味的生活概念',134,3,NULL,'2016-06-26 00:58:30','admin','2016-06-26 01:34:09','admin'),(35,'王倩文','高级设计师','女','中央美术学院','山西,太原,小店区',NULL,NULL,'职位：共和别墅设计中心设计师',120,'精品一部','8年以上','欧式，新古典，中式','设计是一种追求完美的生活态度，设计是一种追求品味的生活概念',134,3,NULL,'2016-06-26 00:58:30','admin','2016-07-15 17:39:24','admin'),(19,'郑少淼','高级设计师','男','中央美术学院','北京,东城区,null',NULL,NULL,'职位：共和别墅设计中心设计师',120,'别墅设计一部','8年以上','欧式，新古典，中式','设计是一种追求完美的生活态度，设计是一种追求品味的生活概念',134,1,NULL,'2016-06-26 00:58:30','admin','2016-06-29 23:23:14','admin'),(20,'gkfh','高级设计师',NULL,'中央美术学院',NULL,NULL,NULL,'职位：共和别墅设计中心设计师',120,'别墅设计一部','8年以上','欧式，新古典，中式','设计是一种追求完美的生活态度，设计是一种追求品味的生活概念',134,3,NULL,'2016-06-26 00:58:30','admin','2016-06-26 01:34:09','admin'),(33,'鲁国云','见习设计师','女','华北艺术学院','安徽,合肥,瑶海区','/images/2016/07/18/EdfKiygg.png','/images/2016/07/01/YATByxt3.jpg','国际建筑装饰室内设计协会会员，高级设计师\r\n济南万泰装饰公司共和别墅设计中心高端设计师\r\n毕业院校：山东建筑大学\r\n2005年度 济南《城色>杂志会员设计师至今\r\n           济南时报《家居周刊》栏目特约设计师讲师\r\n2006年度 济南万泰装饰设计有限公司年度最优秀设计师\r\n2006年加入省装饰协会，并积极参与相关设计活动\r\n2007年度 济南万泰装饰设计有限公司\r\n2008年度“华耐杯”我最欣赏的设计风格大赛获得最佳创意奖\r\n2010年度“搜狐杯”全国室内设计大赛山东赛区优秀奖\r\n               全国零碳家居设计大赛最佳宜居奖\r\n      2011年度第六届“大金.空调杯”全国设计大赛（上海）入围奖\r\n                    城色高端设计师俱乐部高级设计师\r\n2012年度第七届“大金.空调杯”全国设计大赛（上海）入围奖\r\n2013年度济南万泰装饰公司年度冠军奖\r\n2013年济南商务频道“美丽蝶变”特邀设计师\r\n2014年未来之星设计大赛（济南区）别墅类二等奖\r\n设计作品多次在齐鲁晚报《爱家》栏目，济南时报《家居周刊》栏目，《城色》等杂志刊登。',120,'精品一部','2016-06-29','欧式，新古典，中式','设计是一种追求完美的生活态度，设计是一种追求品味的生活概念\r\n设计案例\r\n中海奥龙官邸，御景山墅，名士豪庭，中海紫玉东郡， 中海铂宫，鲁能领秀城，漫山香墅，长清御龙湾等别墅区名盘。',143,1,'===请选择===','2016-06-29 22:31:15','admin','2016-07-18 15:41:46','admin'),(34,'程书','见习设计师','男','上海设计学院','广东,广州,荔湾区','/images/2016/06/30/3AG4VgAj.png','/images/2016/06/30/mioWIzk2.jpg','青少年时期师从周成彪老先生修习素描，彩画，后追随雕塑名家古玉俊老先生研修雕塑，作品多次参加省、国内雕塑、油画类作品展，并获奖。\r\n毕业于天津师范大学艺术系，于一九九八年接触室内设计，曾服务于好易居装饰、元洲装饰，东易日盛装饰，于二〇〇二年加入万泰装饰集团，历任济南市中店、万泰装饰潍坊分公司、万泰装饰淄博分公司、万泰装饰烟台分公司首席设计师、设计总监、设计部经理等，现为万泰装饰共和别墅设计机构主案设计师。\r\n自九八年起从业十八年，为更好研习欧州饰样传统，曾多次游历德、意、法、美等欧洲国家。于二〇〇八年、二〇一二年两赴中央工艺美院、中国美院研修室内设计，并多获殊荣。多套作品曾获国内知、著名设计类奖项。\r\n参与、主笔百余套别墅装修设计及实施，案例集中北京、山东、江苏等地。\r\n以人为本，创意无限。强调装修对业主的综合辅助，环境对人的生活影响和变化。顶奢代表不了什么，适合消费者的方为最好。\r\n喜欧风，擅中式，可奢可简，风格随性。对有历史传承的装饰风格和园林规划有所研究。',120,'设计三部','2008-06-11','欧式，新古典，中式','设计理念：\r\n获奖经历：\r\n若干。过去不代表什么，实力说明一切。',210,1,'三创装饰北京分公司','2016-06-29 22:33:35','admin','2016-07-18 18:07:14','admin'),(37,'张倩','高级设计师','女','中央美术学院','山西,太原,小店区','','','职位：共和别墅设计中心设计师',120,'精品一部','8年以上','欧式，新古典，中式','设计是一种追求完美的生活态度，设计是一种追求品味的生活概念',134,1,NULL,'2016-06-26 00:58:30','admin','2016-07-02 15:28:27','admin'),(38,'王倩文','高级设计师','女','中央美术学院','山西,太原,小店区',NULL,NULL,'职位：共和别墅设计中心设计师',120,'精品一部','8年以上','欧式，新古典，中式','设计是一种追求完美的生活态度，设计是一种追求品味的生活概念',134,3,NULL,'2016-06-26 00:58:30','admin','2016-06-30 17:34:24','admin'),(39,'王倩文','高级设计师','女','中央美术学院','山西,太原,小店区',NULL,NULL,'职位：共和别墅设计中心设计师',120,'精品一部','8年以上','欧式，新古典，中式','设计是一种追求完美的生活态度，设计是一种追求品味的生活概念',134,3,NULL,'2016-06-26 00:58:30','admin','2016-06-30 17:34:24','admin'),(40,'王倩文','高级设计师','女','中央美术学院','山西,太原,小店区',NULL,NULL,'职位：共和别墅设计中心设计师',120,'精品一部','8年以上','欧式，新古典，中式','设计是一种追求完美的生活态度，设计是一种追求品味的生活概念',134,3,NULL,'2016-06-26 00:58:30','admin','2016-06-30 17:34:24','admin'),(41,'王倩文','高级设计师','女','中央美术学院','山西,太原,小店区',NULL,NULL,'职位：共和别墅设计中心设计师',120,'精品一部','8年以上','欧式，新古典，中式','设计是一种追求完美的生活态度，设计是一种追求品味的生活概念',134,3,NULL,'2016-06-26 00:58:30','admin','2016-06-30 17:34:24','admin'),(42,'王倩文','高级设计师','女','中央美术学院','山西,太原,小店区',NULL,NULL,'职位：共和别墅设计中心设计师',120,'精品一部','8年以上','欧式，新古典，中式','设计是一种追求完美的生活态度，设计是一种追求品味的生活概念',134,3,NULL,'2016-06-26 00:58:30','admin','2016-06-30 17:34:24','admin'),(43,'王倩文','高级设计师','女','中央美术学院','山西,太原,小店区',NULL,NULL,'职位：共和别墅设计中心设计师',120,'精品一部','8年以上','欧式，新古典，中式','设计是一种追求完美的生活态度，设计是一种追求品味的生活概念',134,3,NULL,'2016-06-26 00:58:30','admin','2016-06-30 17:34:24','admin'),(44,'王璐','高级设计师','女','中央美术学院','北京,东城区,null',NULL,NULL,'职位：共和别墅设计中心设计师',120,'设计三部','2016-06-01','欧式，新古典，中式','设计是一种追求完美的生活态度，设计是一种追求品味的生活概念',12,3,NULL,'2016-06-26 00:58:30','admin','2016-06-30 17:34:24','admin'),(45,'王璐','高级设计师','女','中央美术学院','北京,东城区,null',NULL,NULL,'职位：共和别墅设计中心设计师',120,'设计三部','2016-06-01','欧式，新古典，中式','设计是一种追求完美的生活态度，设计是一种追求品味的生活概念',12,3,NULL,'2016-06-26 00:58:30','admin','2016-06-30 17:34:24','admin'),(46,'王璐','高级设计师','女','中央美术学院','北京,东城区,null',NULL,NULL,'职位：共和别墅设计中心设计师',120,'设计三部','2016-06-01','欧式，新古典，中式','设计是一种追求完美的生活态度，设计是一种追求品味的生活概念',12,3,NULL,'2016-06-26 00:58:30','admin','2016-06-30 17:34:24','admin'),(47,'王璐','高级设计师','女','中央美术学院','北京,东城区,null',NULL,NULL,'职位：共和别墅设计中心设计师',120,'设计三部','2016-06-01','欧式，新古典，中式','设计是一种追求完美的生活态度，设计是一种追求品味的生活概念',12,3,NULL,'2016-06-26 00:58:30','admin','2016-06-30 17:34:24','admin'),(48,'王璐','高级设计师','女','中央美术学院','北京,东城区,null',NULL,NULL,'职位：共和别墅设计中心设计师',120,'设计三部','2016-06-01','欧式，新古典，中式','设计是一种追求完美的生活态度，设计是一种追求品味的生活概念',12,3,NULL,'2016-06-26 00:58:30','admin','2016-06-30 17:34:16','admin'),(49,'王璐','高级设计师','女','中央美术学院','北京,东城区,null',NULL,NULL,'职位：共和别墅设计中心设计师',120,'设计三部','2016-06-01','欧式，新古典，中式','设计是一种追求完美的生活态度，设计是一种追求品味的生活概念',12,3,NULL,'2016-06-26 00:58:30','admin','2016-06-30 17:33:06','admin'),(50,'王倩文','高级设计师','女','中央美术学院','山西,太原,小店区',NULL,NULL,'职位：共和别墅设计中心设计师',120,'精品一部','8年以上','欧式，新古典，中式','设计是一种追求完美的生活态度，设计是一种追求品味的生活概念',134,3,NULL,'2016-06-26 00:58:30','admin','2016-06-30 17:33:06','admin'),(51,'王倩文','高级设计师','女','中央美术学院','山西,太原,小店区',NULL,NULL,'职位：共和别墅设计中心设计师',120,'精品一部','8年以上','欧式，新古典，中式','设计是一种追求完美的生活态度，设计是一种追求品味的生活概念',134,3,NULL,'2016-06-26 00:58:30','admin','2016-06-30 17:33:06','admin'),(52,'王倩文','高级设计师','女','中央美术学院','山西,太原,小店区',NULL,NULL,'职位：共和别墅设计中心设计师',120,'精品一部','8年以上','欧式，新古典，中式','设计是一种追求完美的生活态度，设计是一种追求品味的生活概念',134,3,NULL,'2016-06-26 00:58:30','admin','2016-06-30 17:33:06','admin'),(53,'王倩文','高级设计师','女','中央美术学院','山西,太原,小店区',NULL,NULL,'职位：共和别墅设计中心设计师',120,'精品一部','8年以上','欧式，新古典，中式','设计是一种追求完美的生活态度，设计是一种追求品味的生活概念',134,3,NULL,'2016-06-26 00:58:30','admin','2016-06-30 17:33:06','admin'),(54,'王倩文','高级设计师','女','中央美术学院','山西,太原,小店区',NULL,NULL,'职位：共和别墅设计中心设计师',120,'精品一部','8年以上','欧式，新古典，中式','设计是一种追求完美的生活态度，设计是一种追求品味的生活概念',134,3,NULL,'2016-06-26 00:58:30','admin','2016-06-30 17:33:06','admin'),(55,'王倩文','高级设计师','女','中央美术学院','山西,太原,小店区',NULL,NULL,'职位：共和别墅设计中心设计师',120,'精品一部','8年以上','欧式，新古典，中式','设计是一种追求完美的生活态度，设计是一种追求品味的生活概念',134,3,NULL,'2016-06-26 00:58:30','admin','2016-06-30 17:33:06','admin'),(56,'王倩文','高级设计师','女','中央美术学院','山西,太原,小店区',NULL,NULL,'职位：共和别墅设计中心设计师',120,'精品一部','8年以上','欧式，新古典，中式','设计是一种追求完美的生活态度，设计是一种追求品味的生活概念',134,3,NULL,'2016-06-26 00:58:30','admin','2016-06-30 17:33:06','admin'),(57,'王倩文','高级设计师','女','中央美术学院','山西,太原,小店区',NULL,NULL,'职位：共和别墅设计中心设计师',120,'精品一部','8年以上','欧式，新古典，中式','设计是一种追求完美的生活态度，设计是一种追求品味的生活概念',134,3,NULL,'2016-06-26 00:58:30','admin','2016-06-30 17:33:06','admin'),(58,'王倩文','高级设计师','女','中央美术学院','山西,太原,小店区',NULL,NULL,'职位：共和别墅设计中心设计师',120,'精品一部','8年以上','欧式，新古典，中式','设计是一种追求完美的生活态度，设计是一种追求品味的生活概念',134,3,NULL,'2016-06-26 00:58:30','admin','2016-06-30 17:32:57','admin'),(59,'王倩文','高级设计师','女','中央美术学院','山西,太原,小店区',NULL,NULL,'职位：共和别墅设计中心设计师',120,'精品一部','8年以上','欧式，新古典，中式','设计是一种追求完美的生活态度，设计是一种追求品味的生活概念',134,3,NULL,'2016-06-26 00:58:30','admin','2016-06-30 17:32:57','admin'),(60,'王倩文12','高级设计师','女','中央美术学院','山西,太原,小店区','','','职位：共和别墅设计中心设计师',120,'精品一部','8年以上','欧式，新古典，中式','设计是一种追求完美的生活态度，设计是一种追求品味的生活概念',134,3,NULL,'2016-06-26 00:58:30','admin','2016-06-30 11:40:43','admin'),(61,'王倩文','高级设计师','女','中央美术学院','山西,太原,小店区',NULL,NULL,'职位：共和别墅设计中心设计师',120,'精品一部','8年以上','欧式，新古典，中式','设计是一种追求完美的生活态度，设计是一种追求品味的生活概念',134,3,NULL,'2016-06-26 00:58:30','admin','2016-06-30 11:40:43','admin'),(62,'王倩文1','高级设计师','女','中央美术学院','山西,太原,小店区','','','职位：共和别墅设计中心设计师',120,'精品一部','8年以上','欧式，新古典，中式','设计是一种追求完美的生活态度，设计是一种追求品味的生活概念',134,3,NULL,'2016-06-26 00:58:30','admin','2016-06-30 11:40:58','admin'),(63,'王倩文2','高级设计师','女','中央美术学院','山西,太原,小店区','','','职位：共和别墅设计中心设计师',120,'精品一部','8年以上','欧式，新古典，中式','设计是一种追求完美的生活态度，设计是一种追求品味的生活概念',134,3,NULL,'2016-06-26 00:58:30','admin','2016-06-30 11:40:58','admin'),(64,'王倩文','高级设计师','女','中央美术学院','山西,太原,小店区',NULL,NULL,'职位：共和别墅设计中心设计师',120,'精品一部','8年以上','欧式，新古典，中式','设计是一种追求完美的生活态度，设计是一种追求品味的生活概念',134,3,NULL,'2016-06-26 00:58:30','admin','2016-06-30 17:32:57','admin'),(65,'王倩文','高级设计师','女','中央美术学院','山西,太原,小店区',NULL,NULL,'职位：共和别墅设计中心设计师',120,'精品一部','8年以上','欧式，新古典，中式','设计是一种追求完美的生活态度，设计是一种追求品味的生活概念',134,3,NULL,'2016-06-26 00:58:30','admin','2016-06-30 17:32:57','admin'),(66,'王倩文','高级设计师','女','中央美术学院','山西,太原,小店区',NULL,NULL,'职位：共和别墅设计中心设计师',120,'精品一部','8年以上','欧式，新古典，中式','设计是一种追求完美的生活态度，设计是一种追求品味的生活概念',134,3,NULL,'2016-06-26 00:58:30','admin','2016-06-30 17:32:57','admin'),(67,'王倩文','高级设计师','女','中央美术学院','山西,太原,小店区',NULL,NULL,'职位：共和别墅设计中心设计师',120,'精品一部','8年以上','欧式，新古典，中式','设计是一种追求完美的生活态度，设计是一种追求品味的生活概念',134,3,NULL,'2016-06-26 00:58:30','admin','2016-06-30 17:32:57','admin'),(68,'王倩文','高级设计师','女','中央美术学院','山西,太原,小店区',NULL,NULL,'职位：共和别墅设计中心设计师',120,'精品一部','8年以上','欧式，新古典，中式','设计是一种追求完美的生活态度，设计是一种追求品味的生活概念',134,3,NULL,'2016-06-26 00:58:30','admin','2016-06-30 17:32:57','admin'),(69,'王倩文','高级设计师','女','中央美术学院','山西,太原,小店区',NULL,NULL,'职位：共和别墅设计中心设计师',120,'精品一部','8年以上','欧式，新古典，中式','设计是一种追求完美的生活态度，设计是一种追求品味的生活概念',134,3,NULL,'2016-06-26 00:58:30','admin','2016-06-30 17:32:57','admin'),(70,'王倩文','高级设计师','女','中央美术学院','山西,太原,小店区',NULL,NULL,'职位：共和别墅设计中心设计师',120,'精品一部','8年以上','欧式，新古典，中式','设计是一种追求完美的生活态度，设计是一种追求品味的生活概念',134,3,NULL,'2016-06-26 00:58:30','admin','2016-06-30 17:32:57','admin'),(71,'王倩文','高级设计师','女','中央美术学院','山西,太原,小店区',NULL,NULL,'职位：共和别墅设计中心设计师',120,'精品一部','8年以上','欧式，新古典，中式','设计是一种追求完美的生活态度，设计是一种追求品味的生活概念',134,3,NULL,'2016-06-26 00:58:30','admin','2016-06-30 17:32:57','admin'),(72,'王倩文','高级设计师','女','中央美术学院','山西,太原,小店区',NULL,NULL,'职位：共和别墅设计中心设计师',120,'精品一部','8年以上','欧式，新古典，中式','设计是一种追求完美的生活态度，设计是一种追求品味的生活概念',134,3,NULL,'2016-06-26 00:58:30','admin','2016-06-30 17:34:16','admin'),(73,'王倩文','高级设计师','女','中央美术学院','山西,太原,小店区',NULL,NULL,'职位：共和别墅设计中心设计师',120,'精品一部','8年以上','欧式，新古典，中式','设计是一种追求完美的生活态度，设计是一种追求品味的生活概念',134,3,NULL,'2016-06-26 00:58:30','admin','2016-06-30 17:34:16','admin'),(74,'王倩文','高级设计师','女','中央美术学院','山西,太原,小店区',NULL,NULL,'职位：共和别墅设计中心设计师',120,'精品一部','8年以上','欧式，新古典，中式','设计是一种追求完美的生活态度，设计是一种追求品味的生活概念',134,3,NULL,'2016-06-26 00:58:30','admin','2016-06-30 17:34:16','admin'),(75,'王倩文','高级设计师','女','中央美术学院','山西,太原,小店区',NULL,NULL,'职位：共和别墅设计中心设计师',120,'精品一部','8年以上','欧式，新古典，中式','设计是一种追求完美的生活态度，设计是一种追求品味的生活概念',134,3,NULL,'2016-06-26 00:58:30','admin','2016-06-30 17:34:16','admin'),(76,'王倩文','高级设计师','女','中央美术学院','山西,太原,小店区',NULL,NULL,'职位：共和别墅设计中心设计师',120,'精品一部','8年以上','欧式，新古典，中式','设计是一种追求完美的生活态度，设计是一种追求品味的生活概念',134,3,NULL,'2016-06-26 00:58:30','admin','2016-06-30 17:34:16','admin'),(77,'王倩文','高级设计师','女','中央美术学院','山西,太原,小店区',NULL,NULL,'职位：共和别墅设计中心设计师',120,'精品一部','8年以上','欧式，新古典，中式','设计是一种追求完美的生活态度，设计是一种追求品味的生活概念',134,3,NULL,'2016-06-26 00:58:30','admin','2016-06-30 17:34:16','admin'),(78,'王倩文','高级设计师','女','中央美术学院','山西,太原,小店区',NULL,NULL,'职位：共和别墅设计中心设计师',120,'精品一部','8年以上','欧式，新古典，中式','设计是一种追求完美的生活态度，设计是一种追求品味的生活概念',134,3,NULL,'2016-06-26 00:58:30','admin','2016-06-30 17:34:16','admin'),(79,'王倩文','高级设计师','女','中央美术学院','山西,太原,小店区',NULL,NULL,'职位：共和别墅设计中心设计师',120,'精品一部','8年以上','欧式，新古典，中式','设计是一种追求完美的生活态度，设计是一种追求品味的生活概念',134,3,NULL,'2016-06-26 00:58:30','admin','2016-06-30 17:34:16','admin'),(80,'王倩文','高级设计师','女','中央美术学院','山西,太原,小店区',NULL,NULL,'职位：共和别墅设计中心设计师',120,'精品一部','8年以上','欧式，新古典，中式','设计是一种追求完美的生活态度，设计是一种追求品味的生活概念',134,3,NULL,'2016-06-26 00:58:30','admin','2016-06-30 17:34:16','admin'),(81,'王倩文','高级设计师','女','中央美术学院','山西,太原,小店区',NULL,NULL,'职位：共和别墅设计中心设计师',120,'精品一部','8年以上','欧式，新古典，中式','设计是一种追求完美的生活态度，设计是一种追求品味的生活概念',134,3,NULL,'2016-06-26 00:58:30','admin','2016-06-30 17:34:36','admin'),(82,'王倩文','高级设计师','女','中央美术学院','山西,太原,小店区',NULL,NULL,'职位：共和别墅设计中心设计师',120,'精品一部','8年以上','欧式，新古典，中式','设计是一种追求完美的生活态度，设计是一种追求品味的生活概念',134,3,NULL,'2016-06-26 00:58:30','admin','2016-06-30 17:32:48','admin'),(83,'王倩文','高级设计师','女','中央美术学院','山西,太原,小店区',NULL,NULL,'职位：共和别墅设计中心设计师',120,'精品一部','8年以上','欧式，新古典，中式','设计是一种追求完美的生活态度，设计是一种追求品味的生活概念',134,3,NULL,'2016-06-26 00:58:30','admin','2016-06-30 17:32:48','admin'),(84,'王倩文','高级设计师','女','中央美术学院','山西,太原,小店区',NULL,NULL,'职位：共和别墅设计中心设计师',120,'精品一部','8年以上','欧式，新古典，中式','设计是一种追求完美的生活态度，设计是一种追求品味的生活概念',134,3,NULL,'2016-06-26 00:58:30','admin','2016-06-30 17:32:48','admin'),(85,'王倩文','高级设计师','女','中央美术学院','山西,太原,小店区',NULL,NULL,'职位：共和别墅设计中心设计师',120,'精品一部','8年以上','欧式，新古典，中式','设计是一种追求完美的生活态度，设计是一种追求品味的生活概念',134,3,NULL,'2016-06-26 00:58:30','admin','2016-06-30 17:32:48','admin'),(86,'王倩文','高级设计师','女','中央美术学院','山西,太原,小店区',NULL,NULL,'职位：共和别墅设计中心设计师',120,'精品一部','8年以上','欧式，新古典，中式','设计是一种追求完美的生活态度，设计是一种追求品味的生活概念',134,3,NULL,'2016-06-26 00:58:30','admin','2016-06-30 17:32:48','admin'),(87,'王倩文','高级设计师','女','中央美术学院','山西,太原,小店区',NULL,NULL,'职位：共和别墅设计中心设计师',120,'精品一部','8年以上','欧式，新古典，中式','设计是一种追求完美的生活态度，设计是一种追求品味的生活概念',134,3,NULL,'2016-06-26 00:58:30','admin','2016-06-30 17:32:48','admin'),(88,'王倩文','高级设计师','女','中央美术学院','山西,太原,小店区',NULL,NULL,'职位：共和别墅设计中心设计师',120,'精品一部','8年以上','欧式，新古典，中式','设计是一种追求完美的生活态度，设计是一种追求品味的生活概念',134,3,NULL,'2016-06-26 00:58:30','admin','2016-06-30 17:32:48','admin'),(89,'王倩文','高级设计师','女','中央美术学院','山西,太原,小店区',NULL,NULL,'职位：共和别墅设计中心设计师',120,'精品一部','8年以上','欧式，新古典，中式','设计是一种追求完美的生活态度，设计是一种追求品味的生活概念',134,3,NULL,'2016-06-26 00:58:30','admin','2016-06-30 17:32:48','admin'),(90,'王倩文','高级设计师','女','中央美术学院','山西,太原,小店区',NULL,NULL,'职位：共和别墅设计中心设计师',120,'精品一部','8年以上','欧式，新古典，中式','设计是一种追求完美的生活态度，设计是一种追求品味的生活概念',134,3,NULL,'2016-06-26 00:58:30','admin','2016-06-30 17:32:48','admin'),(91,'王倩文','高级设计师','女','中央美术学院','山西,太原,小店区',NULL,NULL,'职位：共和别墅设计中心设计师',120,'精品一部','8年以上','欧式，新古典，中式','设计是一种追求完美的生活态度，设计是一种追求品味的生活概念',134,3,NULL,'2016-06-26 00:58:30','admin','2016-06-30 17:32:48','admin'),(92,'王倩文','高级设计师','女','中央美术学院','山西,太原,小店区',NULL,NULL,'职位：共和别墅设计中心设计师',120,'精品一部','8年以上','欧式，新古典，中式','设计是一种追求完美的生活态度，设计是一种追求品味的生活概念',134,3,NULL,'2016-06-26 00:58:30','admin','2016-06-30 17:32:41','admin'),(93,'王倩文','高级设计师','女','中央美术学院','山西,太原,小店区',NULL,NULL,'职位：共和别墅设计中心设计师',120,'精品一部','8年以上','欧式，新古典，中式','设计是一种追求完美的生活态度，设计是一种追求品味的生活概念',134,3,NULL,'2016-06-26 00:58:30','admin','2016-06-30 17:32:41','admin'),(94,'王倩文','高级设计师','女','中央美术学院','山西,太原,小店区',NULL,NULL,'职位：共和别墅设计中心设计师',120,'精品一部','8年以上','欧式，新古典，中式','设计是一种追求完美的生活态度，设计是一种追求品味的生活概念',134,3,NULL,'2016-06-26 00:58:30','admin','2016-06-30 17:32:41','admin'),(95,'对策','','男','','北京,东城区,null','/images/2016/07/21/dbjjqQM7.jpg','/images/2016/07/21/W1srgK9V.jpg','',NULL,'===请选择===','','','',NULL,3,'===请选择===','2016-07-21 16:33:33','admin','2016-07-21 16:54:16','admin'),(96,'222','','男','','北京,东城区,null','/images/2016/07/21/tjK1Km2R.jpg','','',NULL,'===请选择===','','','',NULL,3,'===请选择===','2016-07-21 16:53:44','admin','2016-07-21 16:54:16','admin'),(97,'333','','男','','北京,东城区,null','/images/2016/07/21/vVJASbyI.jpg','/images/2016/07/21/x0C0HNnt.jpg','',NULL,'===请选择===','','','',NULL,3,'===请选择===','2016-07-21 16:54:08','admin','2016-07-21 16:54:16','admin');

/*Table structure for table `employee` */

DROP TABLE IF EXISTS `employee`;

CREATE TABLE `employee` (
  `user_id` int(11) NOT NULL AUTO_INCREMENT,
  `user_name` varchar(100) DEFAULT NULL COMMENT '登录ID',
  `role_id` int(11) DEFAULT NULL COMMENT '角色ID',
  `nick_name` varchar(100) DEFAULT NULL COMMENT '显示名称',
  `avatar_photo` varchar(100) DEFAULT NULL COMMENT '头像路径',
  `password` varchar(100) DEFAULT NULL COMMENT '密码 md5',
  `age` int(3) DEFAULT NULL COMMENT '年龄',
  `sex` varchar(1) DEFAULT NULL COMMENT '性别',
  `id_number` varchar(100) DEFAULT NULL COMMENT '身份证号',
  `birthplace` varchar(100) DEFAULT NULL COMMENT '籍贯',
  `birthday` date DEFAULT NULL COMMENT '生日',
  `dept` varchar(100) DEFAULT NULL COMMENT '部门名称',
  `job_position` varchar(100) DEFAULT NULL COMMENT '岗位名称',
  `degree` varchar(100) DEFAULT NULL COMMENT '学历',
  `school_name` varchar(100) DEFAULT NULL COMMENT '毕业院校',
  `school_major` varchar(100) DEFAULT NULL COMMENT '主修专业',
  `hiredate` date DEFAULT NULL COMMENT '入职时间',
  `firedate` date DEFAULT NULL COMMENT '离职时间',
  `create_time` datetime DEFAULT NULL,
  `creater` varchar(100) DEFAULT NULL,
  `update_time` datetime DEFAULT NULL,
  `updater` varchar(100) DEFAULT NULL,
  `email` varchar(200) DEFAULT NULL COMMENT '邮箱',
  `phone` varchar(20) DEFAULT NULL COMMENT '电话',
  `status` int(1) DEFAULT '1' COMMENT '雇员状态 在职 休假 离职',
  `branch_company` varchar(100) DEFAULT NULL COMMENT '隶属分公司',
  PRIMARY KEY (`user_id`)
) ENGINE=InnoDB DEFAULT CHARSET=utf8;

/*Data for the table `employee` */

/*Table structure for table `faq` */

DROP TABLE IF EXISTS `faq`;

CREATE TABLE `faq` (
  `faq_id` int(11) NOT NULL AUTO_INCREMENT,
  `faq_desc` varchar(1000) DEFAULT NULL COMMENT '装修问题描述',
  `faq_answer` varchar(5000) DEFAULT NULL COMMENT '问题答案',
  `faq_type` varchar(100) DEFAULT NULL COMMENT '问题类型',
  `branch_company` varchar(100) DEFAULT NULL COMMENT '隶属分公司',
  `faq_status` int(1) DEFAULT '1' COMMENT '1正常 3删除',
  `create_time` datetime DEFAULT NULL,
  `creater` varchar(100) DEFAULT NULL,
  `update_time` datetime DEFAULT NULL,
  `updater` varchar(100) DEFAULT NULL,
  PRIMARY KEY (`faq_id`)
) ENGINE=InnoDB AUTO_INCREMENT=12 DEFAULT CHARSET=utf8;

/*Data for the table `faq` */

insert  into `faq`(`faq_id`,`faq_desc`,`faq_answer`,`faq_type`,`branch_company`,`faq_status`,`create_time`,`creater`,`update_time`,`updater`) values (1,'新房装修后如何快速达到入住条件？','1、如果条件允许，可以经常开窗通风，让室内的空气产生对流，这样可以加快有害气体的排放\r\n2、可以在每个房间摆放上清水，也可以一定程度上吸收空气中的有害气体。\r\n3、室内摆放绿色植物如吊兰、芦荟、龙舌兰、虎尾兰等。','3','1',1,'2016-07-12 12:52:35','王二','2016-07-12 12:52:54','王二'),(2,'水路安装的注意事项有哪些？','1、水路工程应根据客户的要求安装，完工后必须做打压试验，检验合格后方可进行下一道工序。\r\n2、管道、管件质量应符合国家现行的标准规定。\r\n3、水路安装须横平竖直，左热右冷，上热下冷的原则，排水管道必须畅通且有一定的坡度。\r\n4、打压试验后，接头、阀门等连接部件不得有渗水，漏水现象。\r\n5、塑料（PPR）管道、管件应严格按产品说明书规定安装。\r\n6、管道间距不大于1M。7、严禁以各种形式、各种理由拆改煤气、暖气管道。','1','1',1,'2016-07-12 12:53:15','王二',NULL,NULL),(3,'防水施工的注意事项有哪些？','1、 清洁地面，基层处理干净。\r\n2、 地漏、套管、洁具根部，阴阳角等特殊部位需做防水附加层。\r\n3 、水层制作应从地面延伸至墙面，高于地面400MM，浴室防水墙面高度不小于1800MM。\r\n4、 防水不少于2遍。\r\n5 、防水层严禁漏刷并一次成型做完防水工程，待干后需做24小时闭水试验。有关人员观察试验结果，合格后方可进行下一步工序。','1','2',1,'2016-07-12 12:53:51','王二',NULL,NULL),(4,'乳胶漆施工的注意事项有哪些？','1、墙面基层处理，铲除原建筑墙皮，包括顶面墙皮，然后滚刷界面剂一遍。\r\n2、 检查墙面，如墙面有泛碱现象，空鼓位置须先铲除后，再重新找平；如墙面有大面积开裂现象，应满贴布，接缝处需加贴一层牛皮纸；如墙面开裂非常严重，应建议客户，墙面满封石膏板。\r\n3、弹线找补阴阳角。\r\n4、批刮腻子三遍，待彻底干燥后，挑灯照射，打磨墙面至平整，阴阳角顺直。\r\n5、清扫地面，涂刷乳胶漆两遍，需滚涂，打磨墙面，细节找补，最后再涂刷乳胶漆一遍（包括顶面乳胶漆）','2','2',1,'2016-07-12 12:54:10','王二',NULL,NULL),(5,'铺贴地砖的注意事项有哪些？','1、先对砖进行验收，确保砖的规格没有问题。\r\n2、预排放线，注意各个房间的地面高差。\r\n3、清理基层地面，高低不平处先凿平和修补，地面洒水湿润，提高基层粘接力。\r\n4、地面需进行拉毛处理。\r\n5、安放地砖标准块或者放线。\r\n6、铺地砖需用1：3水泥沙浆作为基层打底，砖背面挂水泥素浆进行铺装，铺装完毕进行勾缝处理。\r\n7、地砖铺贴完毕洒水养护地面，注意24小时后方可使用地面，并应注意成品保护。','3','1',1,'2016-07-12 12:56:23','王二','2016-07-18 16:06:09','王二'),(6,'石膏板吊顶的工艺做法是什么？','1、吊顶一律使用轻钢龙骨，不得使用木龙骨进行施工。\r\n2、外贴石膏板，自攻螺丝固定，不允许直接带白乳胶，直钉固定，钉距不大于300MM，边缘钉距不大于150---170MM，钉头陷如石膏板面0.5—1MM。螺丝与板边距8---15MM为宜，钉头需做防锈处理。\r\n3、石膏板与墙体边缘留5---8MM的伸缩缝，石膏板与石膏板之间需留5---8MM 的伸缩缝。\r\n4、吊杆间距不大于1M。\r\n5、吊顶石膏板与龙骨应连接紧密，表面平整，不得有污染、折裂、缺楞、掉角、锤伤等缺陷。\r\n6、顶龙骨如靠墙间距大于1.2M或者吊顶宽度大于1.2M必须打膨胀螺栓固定。','1','1',1,'2016-07-12 12:56:57','王二','2016-07-18 15:56:12','王二'),(7,'电路施工的工艺做法是什么？','1 、电路走线需分颜色：相线（L）为红色，零线（N）蓝色，保护线（地线PE）双色线，迎面开关插座面板，左零，右相，接地在上。\r\n2、 线路均须 穿管铺设，铜丝或管夹固定线管，管内严禁有接头，横平竖直，并加以固定，不得搭接在轻钢龙骨上，应固定在天花板或者墙面上。线盒内导线应留有余量，长度为300MM。\r\n3、 插座开关用2.5平方毫米的铜芯国标线，空调走线用4.0平方毫米的国标线，同一室内的开关，插座高度保持一致。插座下延距地300MM，开关下延距地1400MM。\r\n4、  大功率的用电设备，如空调、热水器等，需单独回路配线，并使用独立的单相插座。5 、 卫生间及厨房宜采用防溅式插座。\r\n6、  PVC穿线管长度超过15M或有两个直角弯应增设线盒。\r\n7、  穿线管敷设时，管内导线的总截面面积不得超过管内径截面面积的40%，电线接头采用接线端子固定连接。开槽时线管表面入墙大于10MM，防止墙面开裂。\r\n8、  电气线路与热水管间平行敷设时，距离规定如下；热水管在下方时，不应小于300MM；热水管在上方时，不应小于200MM； 交叉敷设时，不应小于100MM。\r\n9、  弱电系统与强电系统不得同管敷设。10  电路敷设时不得串联，配电箱引线要分项控制。\r\n11 、 灯具自重大于3KG的不得与吊顶龙骨连接，必须用膨胀螺栓固定。\r\n12 、 强弱电平行间距为500MM，交叉为100MM。\r\n13  、承重墙和顶面楼板走线时，应使用护套线进行外加套管进行敷设，并加以固定。\r\n14 、 穿线管接头处必须用PVC胶粘接固定，拐弯时不得使用弯头，应用挝簧预弯线管。15、  地面走线管用水泥或者木龙骨进行线路保护 。\r\n16 、原始建筑的线路最终需用压线帽进行固定保护，不得使用黑胶带。','1','1',1,'2016-07-12 12:57:13','王二','2016-07-18 16:17:04','王二'),(8,'电路施工的工艺流程是什么 ？','电路施工的工艺流程；确定线路终端插座的位置-----墙面标画出准确的位置和尺寸-----就近的同类电源引线-----固定及封闭线路-----灯具及开关插座安装-----检查线路及灯具。','2','2',1,'2016-07-12 12:57:26','王二','2016-07-18 21:50:27','王二'),(9,'瓷砖铺贴的施工流程是什么','施工流程：基层拉毛处理-----弹线-----排砖-----铺砖-----勾缝-----清理-----养护','3','2',1,'2016-07-12 12:57:59','王二',NULL,NULL),(10,'木工施工的工艺流程是什么？','木工施工的工艺流程：现场交底----放线、验线----木制作基层----面层处理-----线条（澳松板）收口','3','2',1,'2016-07-12 12:58:23','王二','2016-07-18 16:39:02','王二'),(11,'石膏板吊顶的工艺做法是什么？','1、吊顶一律使用轻钢龙骨，不得使用木龙骨进行施工。\r\n2、外贴石膏板，自攻螺丝固定，不允许直接带白乳胶，直钉固定，钉距不大于300MM，边缘钉距不大于150---170MM，钉头陷如石膏板面0.5—1MM。螺丝与板边距8---15MM为宜，钉头需做防锈处理。\r\n3、石膏板与墙体边缘留5---8MM的伸缩缝，石膏板与石膏板之间需留5---8MM 的伸缩缝。','2','2',1,'2016-07-12 12:58:45','王二','2016-07-18 15:46:11','王二');

/*Table structure for table `hot_building` */

DROP TABLE IF EXISTS `hot_building`;

CREATE TABLE `hot_building` (
  `buliding_id` int(11) NOT NULL AUTO_INCREMENT,
  `buliding_name` varchar(100) DEFAULT NULL COMMENT '楼盘名称',
  `buliding_area` varchar(100) DEFAULT NULL COMMENT '行政区域',
  `buliding_thumb_img` varchar(200) DEFAULT NULL COMMENT '楼盘缩略图',
  `branch_company` varchar(100) DEFAULT NULL COMMENT '隶属分公司',
  `status` int(1) DEFAULT NULL COMMENT '状态',
  `create_time` datetime DEFAULT NULL,
  `creater` varchar(100) DEFAULT NULL,
  `update_time` datetime DEFAULT NULL,
  `updater` varchar(100) DEFAULT NULL,
  PRIMARY KEY (`buliding_id`)
) ENGINE=InnoDB AUTO_INCREMENT=4 DEFAULT CHARSET=utf8;

/*Data for the table `hot_building` */

insert  into `hot_building`(`buliding_id`,`buliding_name`,`buliding_area`,`buliding_thumb_img`,`branch_company`,`status`,`create_time`,`creater`,`update_time`,`updater`) values (1,'衡达地标','河南,洛阳,西工区','/images/2016/07/15/laTLxYLd.jpg','北京三创',1,'2016-07-12 13:12:08','王二','2016-07-19 17:42:04','王二'),(2,'新洲花园','北京,东城区,null','/images/2016/07/21/hpwVVbnM.jpg','保定三创',1,'2016-07-21 17:03:28','王二',NULL,NULL),(3,'阳光100','北京,朝阳区,null','/images/2016/07/21/xo3idrWB.jpg','北京三创',1,'2016-07-21 17:03:51','王二',NULL,NULL);

/*Table structure for table `hot_building_site` */

DROP TABLE IF EXISTS `hot_building_site`;

CREATE TABLE `hot_building_site` (
  `id` int(11) NOT NULL AUTO_INCREMENT COMMENT '在建工地id',
  `site_name` varchar(100) DEFAULT NULL COMMENT '工地名称',
  `site_status` varchar(10) DEFAULT NULL COMMENT '施工阶段：准备 水电 泥木 油漆 竣工安装 入住 其他',
  `site_thumb_img` varchar(200) DEFAULT NULL COMMENT '在建工地缩略图',
  `house_type` varchar(30) DEFAULT NULL COMMENT '房屋户型',
  `costs` varchar(30) DEFAULT NULL COMMENT '装修费用',
  `house_acreage` varchar(50) DEFAULT NULL COMMENT '建筑面积',
  `house_style` varchar(50) DEFAULT NULL COMMENT '装修风格',
  `manager` varchar(30) DEFAULT NULL COMMENT '项目经理',
  `designer_id` int(11) DEFAULT NULL COMMENT '案例设计师ID',
  `read_num` int(11) DEFAULT NULL COMMENT '浏览量',
  `branch_company` varchar(100) DEFAULT NULL COMMENT '隶属分公司',
  `status` int(11) DEFAULT '1' COMMENT '1正常 3删除',
  `create_time` datetime DEFAULT NULL,
  `creater` varchar(50) DEFAULT NULL,
  `update_time` datetime DEFAULT NULL,
  `updater` varchar(50) DEFAULT NULL,
  PRIMARY KEY (`id`)
) ENGINE=MyISAM AUTO_INCREMENT=15 DEFAULT CHARSET=utf8;

/*Data for the table `hot_building_site` */

insert  into `hot_building_site`(`id`,`site_name`,`site_status`,`site_thumb_img`,`house_type`,`costs`,`house_acreage`,`house_style`,`manager`,`designer_id`,`read_num`,`branch_company`,`status`,`create_time`,`creater`,`update_time`,`updater`) values (1,'莱蒙湖别墅','4','/images/2016/07/21/1B3GhO47.jpg','三居','20','125','中式风格','夫斯基',34,323,'三创装饰唐山分公司',1,'2016-07-17 21:28:22','王二','2016-07-21 18:57:06','admin'),(2,'白马家属院','3',NULL,'三居','43','120','乡村田园','王二',36,342,'三创装饰唐山分公司',1,'2016-07-17 22:24:17','王二','2016-07-18 15:26:57','王二'),(3,'一拖家属院','5',NULL,'两居','23','431','中式风格','王二',16,435,'三创装饰保定分公司',1,'2016-07-18 12:17:47','王二','2016-07-18 15:27:59','王二'),(4,'首开新城','3',NULL,'三居','44','120','中式风格','王二',17,130,'三创装饰天津分公司',1,'2016-07-18 14:57:19','王二','2016-07-18 15:28:27','王二'),(5,'朝阳新城','3','/images/2016/07/21/nnlqFVq1.jpg','三居','20','213','中式风格','辛普森',36,43,'三创装饰唐山分公司',1,'2016-07-18 15:00:52','王二','2016-07-21 18:48:49','王二'),(6,'丽豪园','===请选择===','/images/2016/07/21/NMuqfb1X.jpg','===请选择===','','','===请选择===','',34,NULL,'===请选择===',1,'2016-07-21 18:57:36','王二',NULL,NULL),(7,'海航实业大厦','2','/images/2016/07/21/iScY8Ag1.jpg','===请选择===','','','===请选择===','',36,NULL,'===请选择===',1,'2016-07-21 18:59:38','王二',NULL,NULL),(8,'帝豪上院','3','/images/2016/07/21/Mu9TEEip.jpg','两居','','','中式风格','',12,NULL,'===请选择===',1,'2016-07-21 19:01:00','王二','2016-07-21 20:30:22','王二'),(9,'111','===请选择===','/images/2016/07/21/pwxDWLj3.jpg','===请选择===','','','===请选择===','',17,NULL,'===请选择===',3,'2016-07-21 19:02:25','王二','2016-07-21 19:02:36','admin'),(10,'222','===请选择===','/images/2016/07/21/P6zhzOxw.jpg','===请选择===','','','===请选择===','',19,NULL,'===请选择===',3,'2016-07-21 19:02:47','王二',NULL,NULL),(11,'222','===请选择===','/images/2016/07/21/q7a4jNv4.jpg','===请选择===','','','===请选择===','',34,NULL,'===请选择===',3,'2016-07-21 19:35:38','王二',NULL,NULL),(12,'333','===请选择===','','===请选择===','','','===请选择===','',33,NULL,'===请选择===',3,'2016-07-21 19:38:13','王二',NULL,NULL),(13,'5555555555','===请选择===','','===请选择===','','','===请选择===','',36,NULL,'===请选择===',3,'2016-07-21 20:23:14','王二',NULL,NULL),(14,'88888','===请选择===','','===请选择===','','','===请选择===','',33,NULL,'===请选择===',3,'2016-07-21 20:28:52','王二',NULL,NULL);

/*Table structure for table `hot_building_site_image` */

DROP TABLE IF EXISTS `hot_building_site_image`;

CREATE TABLE `hot_building_site_image` (
  `image_id` int(11) NOT NULL AUTO_INCREMENT,
  `site_id` int(11) DEFAULT NULL COMMENT '关联在建工地ID',
  `image_url` varchar(200) DEFAULT NULL COMMENT '图片路径',
  `seq_num` int(11) DEFAULT NULL COMMENT '序号',
  `image_type` varchar(20) DEFAULT NULL COMMENT '图片所属类型：施工阶段：准备 水电 泥木 油漆 竣工安装 入住 其他',
  `status` int(11) NOT NULL DEFAULT '1' COMMENT '1正常 3删除',
  `create_time` datetime DEFAULT NULL COMMENT '上传时间',
  `creater` varchar(10) DEFAULT NULL COMMENT '上传人',
  PRIMARY KEY (`image_id`)
) ENGINE=InnoDB AUTO_INCREMENT=67 DEFAULT CHARSET=utf8;

/*Data for the table `hot_building_site_image` */

insert  into `hot_building_site_image`(`image_id`,`site_id`,`image_url`,`seq_num`,`image_type`,`status`,`create_time`,`creater`) values (33,3,'/images/2016/07/18/kAl01vEi.jpg',NULL,'1',1,'2016-07-18 12:33:45','admin'),(34,3,'/images/2016/07/18/Jgn7X9qU.jpg',NULL,'1',1,'2016-07-18 12:33:45','admin'),(35,3,'/images/2016/07/18/nRUFRUu5.jpg',NULL,'1',1,'2016-07-18 12:33:45','admin'),(36,3,'/images/2016/07/18/buck1YX5.jpg',NULL,'1',1,'2016-07-18 12:33:47','admin'),(37,3,'/images/2016/07/18/gKCNA268.jpg',NULL,'1',1,'2016-07-18 12:37:25','admin'),(38,3,'/images/2016/07/18/ud6deqPR.jpg',NULL,'1',1,'2016-07-18 12:37:25','admin'),(39,3,'/images/2016/07/18/MBqkwaYF.jpg',NULL,'1',1,'2016-07-18 12:37:25','admin'),(40,5,'/images/2016/07/18/u4N1QHJu.jpg',NULL,'1',1,'2016-07-18 15:11:17','admin'),(41,5,'/images/2016/07/18/tNiTGAQa.jpg',NULL,'1',1,'2016-07-18 15:11:17','admin'),(42,3,'/images/2016/07/18/aJqz02Ky.jpg',NULL,'1',1,'2016-07-18 15:12:07','admin'),(43,2,'/images/2016/07/18/SziQk8zL.jpg',NULL,'1',1,'2016-07-18 15:22:44','admin'),(44,3,'/images/2016/07/18/1GkdRd5M.png',NULL,'1',1,'2016-07-18 15:23:14','admin'),(45,3,'/images/2016/07/18/UKLE4FNg.jpg',NULL,'1',1,'2016-07-18 15:26:41','admin'),(46,5,'/images/2016/07/18/fmNO7HWQ.jpg',NULL,'1',1,'2016-07-18 22:44:48','admin'),(47,5,'/images/2016/07/18/ITNcjoEQ.jpg',NULL,'1',1,'2016-07-18 22:44:48','admin'),(48,5,'/images/2016/07/18/rHwi61WX.jpg',NULL,'1',1,'2016-07-18 22:44:48','admin'),(49,4,'/images/2016/07/18/KHQmqLyQ.jpg',NULL,'1',1,'2016-07-18 22:45:02','admin'),(50,4,'/images/2016/07/18/Az19kB9k.jpg',NULL,'4',1,'2016-07-18 22:45:15','admin'),(51,4,'/images/2016/07/18/unzGBxXq.jpg',NULL,'4',1,'2016-07-18 22:45:16','admin'),(52,8,'/images/2016/07/21/QKADFkFO.jpg',NULL,'1',1,'2016-07-21 19:01:22','admin'),(53,0,'/images/2016/07/21/EH29Ozos.jpg',NULL,'1',1,'2016-07-21 19:02:17','admin'),(54,8,'/images/2016/07/21/9y856DAB.jpg',NULL,'3',1,'2016-07-21 19:34:42','admin'),(55,8,'/images/2016/07/21/pEgGgW3V.jpg',NULL,'1',1,'2016-07-21 19:35:03','admin'),(56,0,'/images/2016/07/21/KlWe43GK.jpg',NULL,'3',1,'2016-07-21 19:35:25','admin'),(57,0,'/images/2016/07/21/jjko8WhL.jpg',NULL,'6',1,'2016-07-21 19:35:30','admin'),(58,0,'/images/2016/07/21/feyoxB6T.jpg',NULL,'6',1,'2016-07-21 19:35:32','admin'),(59,0,'/images/2016/07/21/eRGaY8Ki.jpg',NULL,'6',1,'2016-07-21 19:35:37','admin'),(60,0,'/images/2016/07/21/gMSfDHXa.jpg',NULL,'1',1,'2016-07-21 19:38:09','admin'),(61,0,'/images/2016/07/21/b5bO1pxP.jpg',NULL,'1',1,'2016-07-21 19:40:20','admin'),(62,0,'/images/2016/07/21/nBVFB9Xb.jpg',NULL,'1',1,'2016-07-21 19:45:17','admin'),(63,0,'/images/2016/07/21/NkmiMnDD.jpg',NULL,'1',1,'2016-07-21 20:04:41','admin'),(64,0,'/images/2016/07/21/1T6YPyx0.jpg',NULL,'5',1,'2016-07-21 20:23:03','admin'),(65,14,'/images/2016/07/21/sIzjV8K4.jpg',NULL,'1',1,'2016-07-21 20:28:41','admin'),(66,14,'/images/2016/07/21/aWUbla2Y.jpg',NULL,'5',1,'2016-07-21 20:28:45','admin');

/*Table structure for table `house_type_review` */

DROP TABLE IF EXISTS `house_type_review`;

CREATE TABLE `house_type_review` (
  `id` int(11) NOT NULL AUTO_INCREMENT,
  `buliding_id` int(11) DEFAULT NULL COMMENT '关联楼盘ID',
  `title` varchar(200) DEFAULT NULL COMMENT '标题',
  `thumb_img` varchar(200) DEFAULT NULL COMMENT '点评缩略图',
  `type` varchar(50) DEFAULT NULL COMMENT '户型',
  `acreage` varchar(50) DEFAULT NULL COMMENT '面积',
  `designer` varchar(50) DEFAULT NULL COMMENT '点评设计师',
  `read_num` int(11) DEFAULT NULL COMMENT '浏览量',
  `comment` varchar(18000) DEFAULT NULL COMMENT '户型点评文章内容',
  `status` int(1) DEFAULT NULL COMMENT '1正常 3删除',
  `create_time` datetime DEFAULT NULL,
  `creater` varchar(50) DEFAULT NULL,
  `update_time` datetime DEFAULT NULL,
  `updater` varchar(50) DEFAULT NULL,
  PRIMARY KEY (`id`)
) ENGINE=InnoDB AUTO_INCREMENT=5 DEFAULT CHARSET=utf8;

/*Data for the table `house_type_review` */

insert  into `house_type_review`(`id`,`buliding_id`,`title`,`thumb_img`,`type`,`acreage`,`designer`,`read_num`,`comment`,`status`,`create_time`,`creater`,`update_time`,`updater`) values (1,1,'衡达地标优质三居户型点评','/images/2016/07/22/QmX0niGM.jpg','三居','80-120平','王倩文',110,'<p>原始户型：<br/></p><p><img src=\"http://127.0.0.1/scinter/uedtior_upload/image/20160712/1468300477234066549.jpg\"/></p><p>平面布置图：</p><p><img src=\"http://127.0.0.1/scinter/uedtior_upload/image/20160712/1468300477393024296.jpg\"/></p><p>设计说明：</p><p>1、客餐厅空间设计帕拉迪奥十字圆厅形成空间中枢，衔接客厅、餐厅、走廊等空间动线。餐厅和厨房空间设计双厨房，西厨空间辅助餐厅和中厨的功能设计，电器区全部在西厨，使客户使用功能更加考究，打造高品质生活。</p><p>2、主人房空间改造成一个功能完善、空间开阔、阳光通风兼具的高品质空间。把南向两个卧室合二为一，集休息、书房、休闲区、衣帽间、卫生间多元一体的空间，让业主使用更加便利。</p><p>3、北卧室空间重塑，增加衣帽间是空间更加方便。</p><p><br/></p><p><br/></p>',1,'2016-07-12 13:14:47','王二','2016-07-12 13:16:41','王二'),(2,2,'新建楼盘网易','/images/2016/07/22/cbOjWBzI.png','两居','120-150平','鲁国云',311,'<p>华润红叶林170平户型分析</p><p><br/></p><p><img src=\"http://127.0.0.1/scinter/uedtior_upload/image/20160722/1469170446102074802.png\"/></p><p><br/></p><p><br/></p><p>优点：</p><p>1.入户花园：进门入户花园，主要是以配饰挂画整体来搭配 窗台地柜增加了储物空间。</p><p>2.客厅：通透向阳，采光好，面积大比较宽敞，外部视野宽广无遮挡。</p><p>3.阳台，客厅与次卧室南向有一个大阳台，满足了休闲阳台以及生活阳台的需求。</p><p>4.餐厅：餐厅做了厨房的延伸，平时可以摆放一些咖啡机，榨汁机等等。</p><p>5.平面布置图：此户型南北通透，动静分离，空间划分明确，整体结构非常合理，主要是空间利用整体划分，经过小小的改造让整个户型的空间格局更加完美。</p><p>6.主卧室，采光好，空间私密，户型方正。</p><p>缺点:</p><p>1.餐厅，餐厅空间两面墙不对称 &nbsp;建议，加出另外一边隔墙尺寸。</p><p>2.客厅，客厅影视墙要考虑到门与影视墙之间的关系，做好处理。</p><p>3.次卫生间，次卫生间冲着餐厅 &nbsp;建议，把次卫生间门改动一下往北向移动。</p><p>4.入户玄关，可以增加一些储物功能</p><p>5.主卧室，主卧室有衣帽间显得整个空间进去之后过于狭长，建议，拆掉衣帽间把主卫生间门改到走廊侧面，增加主卧室休闲区域以及功能需求</p><p>平面布置图：</p><p><img src=\"http://127.0.0.1/scinter/uedtior_upload/image/20160722/1469170446159044528.png\"/></p><p><br/></p><p><br/></p>',1,'2016-07-22 10:39:56','王二','2016-07-22 14:54:07','王二'),(3,2,'华润红叶林170平户型分析','/images/2016/07/22/hRHUNA47.jpg','三居','120-150平','王亚光',200,'<p>华润红叶林170平户型分析</p><p><br/></p><p><img src=\"http://127.0.0.1/scinter/uedtior_upload/image/20160722/1469170490502006843.png\"/></p><p><br/></p><p><br/></p><p>优点：</p><p>1.入户花园：进门入户花园，主要是以配饰挂画整体来搭配 窗台地柜增加了储物空间。</p><p>2.客厅：通透向阳，采光好，面积大比较宽敞，外部视野宽广无遮挡。</p><p>3.阳台，客厅与次卧室南向有一个大阳台，满足了休闲阳台以及生活阳台的需求。</p><p>4.餐厅：餐厅做了厨房的延伸，平时可以摆放一些咖啡机，榨汁机等等。</p><p>5.平面布置图：此户型南北通透，动静分离，空间划分明确，整体结构非常合理，主要是空间利用整体划分，经过小小的改造让整个户型的空间格局更加完美。</p><p>6.主卧室，采光好，空间私密，户型方正。</p><p>缺点:</p><p>1.餐厅，餐厅空间两面墙不对称 &nbsp;建议，加出另外一边隔墙尺寸。</p><p>2.客厅，客厅影视墙要考虑到门与影视墙之间的关系，做好处理。</p><p>3.次卫生间，次卫生间冲着餐厅 &nbsp;建议，把次卫生间门改动一下往北向移动。</p><p>4.入户玄关，可以增加一些储物功能</p><p>5.主卧室，主卧室有衣帽间显得整个空间进去之后过于狭长，建议，拆掉衣帽间把主卫生间门改到走廊侧面，增加主卧室休闲区域以及功能需求</p><p>平面布置图：</p><p><img src=\"http://127.0.0.1/scinter/uedtior_upload/image/20160722/1469170490599068410.png\"/></p><p><br/></p><p><br/></p>',1,'2016-07-22 14:53:25','王二','2016-07-22 14:54:52','王二'),(4,2,'22222','/images/2016/07/22/URxF0ptu.jpg','多局','150平以上','程书',200,'<p>工程造价：45万</p><p>基装：7万</p><p>全屋定制：7万（成品门、柜体、厨房）</p><p>建材类：13万（大理石、瓷砖、洁具、五金）</p><p>软装：12万（家具、窗帘、壁纸、灯饰、地毯、配饰）</p><p>设备类：6万（中央空调、水处理、新风系统）</p><p><br/></p><ul><li><p><a href=\"http://www.wtzs.cc/2640.html\" title=\"济南历下区凯旋公馆现代简约风格140平家庭装修设计案例\" target=\"_blank\"><img src=\"http://127.0.0.1/scinter/uedtior_upload/image/20160722/1469170990772080009.jpg\" alt=\"济南历下区凯旋公馆现代简约风格140平家庭装修设计案例\"/></a></p><h3><a href=\"http://www.wtzs.cc/2640.html\" title=\"济南历下区凯旋公馆现代简约风格140平家庭装修设计案例\" target=\"_blank\">济南历下区凯旋公馆现代简约风格140平家庭装修设计案例</a></h3><p>风格：现代简约户型：三居面积：140㎡点击：7</p></li><li><p><a href=\"http://www.wtzs.cc/2639.html\" title=\"济南银丰花园现代中式风格170平家庭装修设计案例\" target=\"_blank\"><img src=\"http://127.0.0.1/scinter/uedtior_upload/image/20160722/1469170990817033689.jpg\" alt=\"济南银丰花园现代中式风格170平家庭装修设计案例\"/></a></p><h3><a href=\"http://www.wtzs.cc/2639.html\" title=\"济南银丰花园现代中式风格170平家庭装修设计案例\" target=\"_blank\">济南银丰花园现代中式风格170平家庭装修设计案例</a></h3><p>风格：中式户型：四居面积：170㎡点击：26</p></li><li><p><a href=\"http://www.wtzs.cc/2637.html\" title=\"济南市中区华润仰山红叶林中式风格197平装修设计实景案例\" target=\"_blank\"><img src=\"http://127.0.0.1/scinter/uedtior_upload/image/20160722/1469170990864020044.jpg\" alt=\"济南市中区华润仰山红叶林中式风格197平装修设计实景案例\"/></a></p><h3><a href=\"http://www.wtzs.cc/2637.html\" title=\"济南市中区华润仰山红叶林中式风格197平装修设计实景案例\" target=\"_blank\">济南市中区华润仰山红叶林中式风格197平装修设计实景案例</a></h3><p>风格：中式户型：大平层面积：197㎡点击：13</p></li><li><p><a href=\"http://www.wtzs.cc/2634.html\" title=\"济南历下区天澍花园简约中式风格家庭装修设计案例\" target=\"_blank\"><img src=\"http://127.0.0.1/scinter/uedtior_upload/image/20160722/1469170990939044139.jpg\" alt=\"济南历下区天澍花园简约中式风格家庭装修设计案例\"/></a></p><h3><a href=\"http://www.wtzs.cc/2634.html\" title=\"济南历下区天澍花园简约中式风格家庭装修设计案例\" target=\"_blank\">济南历下区天澍花园简约中式风格家庭装修设计案例</a></h3><p>风格：新中式户型：三居面积：160㎡点击：43</p></li><li><p><a href=\"http://www.wtzs.cc/2631.html\" title=\"济南历下区保利华庭现代简约风格135平家庭装修原创设计\" target=\"_blank\"><img src=\"http://127.0.0.1/scinter/uedtior_upload/image/20160722/1469170990971096450.jpg\" alt=\"济南历下区保利华庭现代简约风格135平家庭装修原创设计\"/></a></p><h3><a href=\"http://www.wtzs.cc/2631.html\" title=\"济南历下区保利华庭现代简约风格135平家庭装修原创设计\" target=\"_blank\">济南历下区保利华庭现代简约风格135平家庭装修原创设计</a></h3><p>风格：现代简约户型：三居面积：135㎡点击：62</p></li><li><p><a href=\"http://www.wtzs.cc/2629.html\" title=\"济南高新区舜奥华府简美风格175平家庭装修设计案例\" target=\"_blank\"><img src=\"http://127.0.0.1/scinter/uedtior_upload/image/20160722/1469170991017008859.jpg\" alt=\"济南高新区舜奥华府简美风格175平家庭装修设计案例\"/></a></p><h3><a href=\"http://www.wtzs.cc/2629.html\" title=\"济南高新区舜奥华府简美风格175平家庭装修设计案例\" target=\"_blank\">济南高新区舜奥华府简美风格175平家庭装修设计案例</a></h3><p>风格：美式户型：四居面积：175㎡点击：63</p></li><li><p><a href=\"http://www.wtzs.cc/2626.html\" title=\"济南历下区锦兰园中没混搭家庭装修设计案例\" target=\"_blank\"><img src=\"http://127.0.0.1/scinter/uedtior_upload/image/20160722/1469170991082002197.jpg\" alt=\"济南历下区锦兰园中没混搭家庭装修设计案例\"/></a></p><h3><a href=\"http://www.wtzs.cc/2626.html\" title=\"济南历下区锦兰园中没混搭家庭装修设计案例\" target=\"_blank\">济南历下区锦兰园中没混搭家庭装修设计案例</a></h3><p>风格：混搭风格户型：大平层面积：204㎡点击：119</p></li><li><p><a href=\"http://www.wtzs.cc/2625.html\" title=\"济南高新区逸都国际兰庭北欧风格93平家庭装修设计案例\" target=\"_blank\"><img src=\"http://127.0.0.1/scinter/uedtior_upload/image/20160722/1469170991134071766.jpg\" alt=\"济南高新区逸都国际兰庭北欧风格93平家庭装修设计案例\"/></a></p></li></ul><p><br/></p>',1,'2016-07-22 15:03:12','王二',NULL,NULL);

/*Table structure for table `module` */

DROP TABLE IF EXISTS `module`;

CREATE TABLE `module` (
  `id` int(11) NOT NULL AUTO_INCREMENT,
  `name` varchar(20) DEFAULT NULL,
  `icon_cls` varchar(200) DEFAULT NULL,
  `text` varchar(200) DEFAULT NULL,
  PRIMARY KEY (`id`)
) ENGINE=MyISAM AUTO_INCREMENT=12 DEFAULT CHARSET=utf8;

/*Data for the table `module` */

insert  into `module`(`id`,`name`,`icon_cls`,`text`) values (1,'zxal','tree-icon tree-checkset','<a href=\'caseList.jsp\' target=\'frameright\'>装修案例</a>'),(2,'sjtd','tree-icon tree-file userManege','<a href=\'designerList.jsp\' target=\'frameright\'>设计团队</a>'),(3,'lpxx','tree-icon tree-checkclass','<a href=\'hotBuildingList.jsp\' target=\'frameright\'>楼盘信息</a>'),(4,'zjgd','tree-icon tree-recheckflow','<a href=\'hotBulidingSiteList.jsp\' target=\'frameright\'>在建工地</a>'),(5,'hxdp','tree-icon tree-checkset','<a href=\'houseTypeReviewList.jsp\' target=\'frameright\'>户型点评</a>'),(6,'zxzx','tree-icon icon-publish','<a href=\'newsList.jsp\' target=\'frameright\'>装修资讯</a>'),(7,'zxdd','tree-icon tree-icon-reactivity','<a href=\'orderList.jsp\' target=\'frameright\'>在线订单</a>'),(8,'zxbx','tree-icon tree-checkflow','<a href=\'repairList.jsp\' target=\'frameright\'>在线报修</a>'),(9,'zxwd','tree-icon icon-toknowlege','<a href=\'faqList.jsp\' target=\'frameright\'>装修问答</a>'),(10,'lypl','tree-icon tree-approvalset','<a href=\'commentList.jsp\' target=\'frameright\'>留言评论</a>'),(0,'sypz','tree-icon icon-savehome','<a href=\'home_config.jsp\' target=\'frameright\'>首页配置</a>');

/*Table structure for table `news` */

DROP TABLE IF EXISTS `news`;

CREATE TABLE `news` (
  `news_id` int(11) NOT NULL AUTO_INCREMENT,
  `title` varchar(100) DEFAULT NULL,
  `type` varchar(100) DEFAULT NULL COMMENT '新闻分类',
  `author` varchar(100) DEFAULT NULL,
  `source` varchar(100) DEFAULT NULL,
  `read_num` int(11) DEFAULT NULL,
  `thumb_img` varchar(100) DEFAULT NULL COMMENT '缩略图',
  `keywords` varchar(200) DEFAULT NULL,
  `contents` varchar(18000) DEFAULT NULL COMMENT '正文',
  `seo_title` varchar(500) DEFAULT NULL,
  `seo_keyword` varchar(500) DEFAULT NULL,
  `seo_desc` varchar(500) DEFAULT NULL,
  `status` int(11) DEFAULT NULL,
  `branch_company` varchar(100) DEFAULT NULL COMMENT '隶属分公司',
  `creater` varchar(100) DEFAULT NULL,
  `create_time` datetime DEFAULT NULL,
  `updater` varchar(100) DEFAULT NULL,
  `update_time` datetime DEFAULT NULL,
  PRIMARY KEY (`news_id`)
) ENGINE=InnoDB AUTO_INCREMENT=26 DEFAULT CHARSET=utf8;

/*Data for the table `news` */

insert  into `news`(`news_id`,`title`,`type`,`author`,`source`,`read_num`,`thumb_img`,`keywords`,`contents`,`seo_title`,`seo_keyword`,`seo_desc`,`status`,`branch_company`,`creater`,`create_time`,`updater`,`update_time`) values (1,'万泰装饰集团诚邀北京大牌设计师谢甄璞来山大进行培训学习','公司动态','王二','家装网',123,'','互联网家装,家居','<p><a href=\"http://www.wtzs.cc/\" target=\"_blank\">万泰装饰</a>集团作为<a href=\"http://www.wtzs.cc/cases\" target=\"_blank\">家庭装修</a>的领导者，一直重视人才的培养，会经常组织<a href=\"http://www.wtzs.cc/team\" target=\"_blank\">设计师</a>进行外出学习。2016年6月23日，<strong><a href=\"http://www.wtzs.cc/\" target=\"_blank\">万泰装饰</a></strong>特邀北京知名尖端设计师来山大校区进行学习与交流，四百多名设计师共同参加了这次学习。</p><p><br/></p><p><br/></p><p><img src=\"http://127.0.0.1/scinter/uedtior_upload/image/20160626/1466930442723082764.jpg\"/></p><p><br/></p><p><br/></p><p>设计师对于家庭装修的重要性不言而喻，不仅从前期的量房，设计到施工，几乎贯穿始终，在整个工程中起到核心的主导作用。所以设计师对当下流行时尚的把握是非常重要的，经常学习是十分必要的，也是为了更好的服务客户，提高客户的生活品质。</p><p>家庭装修知名设计师谢甄璞在这次培训中主要以“设计和应用”为主题，通过自己多年的设计经验和具体的案例来分享，不仅是设计理念还是综合的把握，都是响当当的干货分享。在讲解过程中，也针对性的增加了一些提问互动的环节，真正起到了答疑解惑的目的。</p><p><br/></p><p><br/></p><p><img src=\"http://127.0.0.1/scinter/uedtior_upload/image/20160626/1466930443137038823.jpg\"/></p><p><br/></p><p><br/></p><p>知名设计师谢甄璞分享的一句话非常有道理：“设计不等于漂亮，不等于奢华，不等于时尚，而是创造生态的合理生活方式”，也震撼了不少人，相信万泰装饰设计师在设计理念方面也会得到一些改变。在与客户设计方案时不是你认为漂亮就是完美的设计，而是与生活结合的设计，并且符合当下的流行趋势那才是完美！</p><p>万泰装饰小编相信经过一天的学习，万泰集团的设计师们在以后工作中会有提高和改变，也坚信会将咱们泉城的业主服务得更好！</p><p><br/></p>','1111','2222','3333',2,'三创装饰保定分公司','admin','2016-06-23 17:41:14','admin','2016-07-12 22:31:45'),(2,'“践行企业文化，创造美好生活”演讲比赛在万泰装饰完整家居馆举行','行业资讯','admin','家装网',232,'','互联网家装,家居','<p><a href=\"http://www.wtzs.cc/\" target=\"_blank\">万泰装饰</a>以企业文化为灵魂，以规章制度为行为准则，在公司运营方面以客户是否满意为唯一衡量标准，在济南<strong><a href=\"http://www.wtzs.cc/\" target=\"_blank\">家庭装修</a></strong>行业永远战战兢兢，如履薄冰，每天都扎扎实实，艰苦奋斗。最近一个月以来公司上下全体职员都在学习企业文化，以企业文化为主题的演讲比赛也于2016年6月21号夏至当天在万泰装饰完整家居馆一楼会议室举行，万泰装饰总经理柳方洲女士，副总经理赵启华、香港观唐总经理高健女士，饰材中心的陈琳陈总、家居部总监丁艳华丁总及爱家全屋定制中心总监董艳霞担任此和行政部的总监王琳王总和张秀芳经理共同担任此次比赛的评审。</p><p><br/></p><p><img src=\"http://127.0.0.1/scinter/uedtior_upload/image/20160707/1467884226228044088.jpg\"/></p><p><br/></p><p><br/></p><p><img src=\"http://127.0.0.1/scinter/uedtior_upload/image/20160707/1467884226372071245.jpg\"/></p><p><br/></p><p><br/></p><p>万泰装饰作为济南<a href=\"http://www.wtzs.cc/cases\" target=\"_blank\">家庭装修</a>的领导者，为了保证此次演讲比赛的“公平公正公开”，还特意从每个部门抽取五名员工组成评审团参与比赛的投票，这也是与以往任何比赛不同的细节。</p><p>以“践行企业文化，创造美好生活”为主题的演讲比赛主要分为两个部分，一个是个人演讲环节，一个是团队早会展示环节。</p><p><br/></p><p><img src=\"http://127.0.0.1/scinter/uedtior_upload/image/20160707/1467884226490076424.jpg\"/></p><p><img src=\"http://127.0.0.1/scinter/uedtior_upload/image/20160707/1467884226573046619.jpg\"/></p><p><img src=\"http://127.0.0.1/scinter/uedtior_upload/image/20160707/1467884226695163170.jpg\"/></p><p><img src=\"http://127.0.0.1/scinter/uedtior_upload/image/20160707/1467884226820088543.jpg\"/></p><p><br/></p><p><br/></p><p>大家激情洋溢的演讲，纷纷感染了在场的每一个人，有讲述个人与万泰装饰共成长12年的鲁国云鲁工，有讲述学习是第一可持续竞争力的马强马工，还有铸就梦想的朱亚昕朱经理，最能触动大家内心的是泰岳设计部经理朱明浩讲述的孝道，我们要活在当下，做好对家庭的一份担当，尽到对老人的那份孝。。。而陈俊杰经理以加入万泰的跌宕起伏的经历告诉我们没有什么过不去的坎儿，只要通过大家共同努力，连在一起的心是不可战胜的，将让整个会场的氛围达到了高潮。</p><p><br/></p><p><br/></p><p><img src=\"http://127.0.0.1/scinter/uedtior_upload/image/20160707/1467884226882063831.jpg\"/></p><p><img src=\"http://127.0.0.1/scinter/uedtior_upload/image/20160707/1467884227037055718.jpg\"/></p><p><br/></p><p>在团队展示的环节，不仅有万泰家人怀揣梦想，热血沸腾精气神，更有让现场热泪盈眶的是感恩环节，感恩父母，感恩万泰感恩同事，感恩客户，每一个90度的鞠躬，都会让大家想起肩膀上那沉甸甸的责任，会有无穷无尽的力量涌到心头，会更加扎扎实实的服务每一位客户。</p><p>每一员工都会有感动于客户的分享，每个事儿都绽放着万泰装饰企业文化的光芒。济南家庭装修的领跑者——万泰装饰不仅追求完整家居的经营模式，还要做一家受人尊敬的装饰企业。大家在工作中学习，在学习中成长，以诚信为本，务实创新，赢得泉城业主的好评和口碑。</p><p><br/></p><p><br/></p><p><img src=\"http://127.0.0.1/scinter/uedtior_upload/image/20160707/1467884227135066159.jpg\"/></p><p><br/></p><p><br/></p><p><br/></p><p><img src=\"http://127.0.0.1/scinter/uedtior_upload/image/20160707/1467884227197050864.jpg\"/></p><p><br/></p><p>万泰装饰副总经理赵启华先生做了自己的分享和对企业文化的理解，主要围绕三个问题进行阐述：企业要成为什么、为什么存在，以及万泰的“产品”进行激情洋溢的讲述和分析，最后以一个郭兰英纪念周恩来110周年的视频结束了这次演讲，意味深长，任重而道远！</p><p>小编将这次演讲比赛的结果为大家揭晓，相信那股正能量会感染到你。</p><p><br/></p><p><br/></p><p><img src=\"http://127.0.0.1/scinter/uedtior_upload/image/20160707/1467884227275021253.jpg\"/></p><p><img src=\"http://127.0.0.1/scinter/uedtior_upload/image/20160707/1467884227400002094.jpg\"/></p><p><img src=\"http://127.0.0.1/scinter/uedtior_upload/image/20160707/1467884227513078656.jpg\"/></p><p><img src=\"http://127.0.0.1/scinter/uedtior_upload/image/20160707/1467884227592041177.jpg\"/></p><p><br/></p><p><br/></p><p>万泰装饰总经理柳方洲女士为本次“践行企业文化，创造美好生活”的演讲做最后的点评和陈述，而且希望大家以此次演讲为契机，做一个坚韧正值，知行合一的人，同时以管理层为中心，将万泰装饰的企业文化传承和发展下去，不仅是家庭装修行业里的模范标兵，也是受人尊敬企业的风向标.</p>','','','',1,'三创装饰唐山分公司','admin','2016-06-23 17:41:14','admin','2016-07-12 22:33:49'),(3,'2016年三月份家装市场正破冰回暖但仍需观望3','行业资讯','admin','家装网',232,NULL,'互联网家装,家居','核心阅读： 2015年，家装行业风生水起，互联网家装受到资本的关注，众多互联网家装企业出现，抢占传统家装企业的市场份额；传统家装企业经过观察后，也奋起反击，推出适合互联网...\r\n　　2015年，家装行业风生水起，互联网家装受到资本的关注，众多互联网家装企业出现，抢占传统家装企业的市场份额；传统家装企业经过观察后，也奋起反击，推出适合互联网时代的装修套餐或进行企业转型，向互联网大市场征战。在经过一年的热闹及冷却以后，2016年开年，家装仍然是家居市场最受重视的一个行业。无论传统企业还是互联网家装，都憋足劲在2016年大干一场。\r\n　　根据以往的经验，每年开年都 是装修的旺季，目前昆明市场上的家装公司都在全力备战，纷纷推出节后第一个活动，以期吸引消费者的目光。例如刚刚过去的“3·15国际消费者权益保护日” 作为3月份最重要的日子，既是家装企业的促销节点，也是树立品牌形象的节点，目前家装公司也纷纷出招，提供让消费者满意的产品。\r\n　　家装预热 为旺季做准备\r\n　　每年的3月份都是传统的装修旺季，加上各种家居展会也准备开锣，而3·15也是行业内的大节点，据记者了解，2月中旬已经开工的家装公司和家具企业， 纷纷在为3月份的旺季和3·15准备，大部分企业的活动内容在紧张的筹备当中。例如，新洲装饰最早的活动就已于2月底呈现在消费者面前，所以今年春季准备 装修的消费者，可以开始关注各家装公司与家具企业的活动，特别是近期，大波的促销和服务内容将让消费者应接不暇。\r\n　　新洲装饰在2月底就推出了六重大礼，还有定金翻倍的活动；新洲装饰也适时推出了不少优惠活动。记者在新洲装饰的客户洽谈区就看到，很多正在洽淡下单的 客户。新洲装饰负责人王磊告诉记者，从新洲装饰入驻北京市场至今，其实无论平时还是节点，消费者上门咨询的情况都相差不大，只不过节点可能跟活动推出有 关，客流量会更多一些。此外，新洲装饰也进一步向整装进发，而新洲装饰也将迎来自己的18周年庆。\r\n　　家装企业深耕互联网\r\n　　2015年，互联网家装抢占了传统家装的市场份额，经过一年的思考，传统家装企业也开始转型互联网。在近期房地产市场渐热的情况下，2016家居市场也被寄予厚望。不论传统家装企业还是互联网家装公司，都在坚持线上线下两条路发展的策略，家装市场竞争日趋激烈。\r\n　　对于互联网家装来说，去年很多获得风投的互联网家装在今年处于赛道冲击阶段，结果可能会在今年见分晓，所以互联网家装今年都在加快速度进行最后一搏； 而对于传统家装公司来说，互联网是大趋势，传统家装公司都已经利用互联网的技术或工具，向互联网家装转型。\r\n　　对接风投 优胜劣汰\r\n　　新的一年，风投的风向备受家装行业的关注，去年全国有几十家互联网家装项目得到投资，今年风投应该会更谨慎，投资人也处于观望阶 段，对于这一点杨帆也表示赞同。他预计今年能得到风投的家装公司可能是去年的一半，甚至还不到。但对于互联网家装来说，今年的重点除了抢市场占有率、加强 细分化的特点外，融资速度也是不可或缺的。\r\n　　细分市场 潜力无限\r\n　　新洲装饰除了在互联网家装领域玩的风声水起外，还是一家非常有个性的家装公司。比如他们100平米以上的房子不装，别墅不装，大户型也不装，只做小户 型，而且从毛坯房到精装房只需要20天。有人提出了疑问，只做小户型或许适合北京、上海这样的一线城市，因为这样的地方确实小户型是主流，但在云南这样的 市场也吃得开吗？\r\n　　出乎意料的是，答案却是肯定的。“比如昆明市场上3月份的200单任务完成也非常有希望。”王磊告诉记者，“都说今年市场难做，但有一部分刚需是确实 存在的。比如年轻人结婚就得买房子、装修，我们就做这一部分年轻人的市场。”他的这一说法得到了昆明市建筑装饰行业协会会长郑斌的认同。郑斌说道：“现在 的市场确实是这样的，越来越细分，因此就要求企业清楚地知道自己的定位，并通过精准的定位，把这一范围内的服务做到极致，那仅这一块市场就够你做了。”新洲装饰正是通过对市场的细分，将目光瞄准了80、90后这样一群对新兴事物接受极快的年轻人群体，他们要的是装修的方便、快捷，简单、透明，因此爱空间恰好 符合了他们的胃口，而且在年轻人社群中迅速传播。\r\n　　整装成市场主流\r\n　　倒逼装饰行业服务日趋完善\r\n　　从去年开始，整装套餐公司开始陆续在云南市场上发力。首先是以生活家为代表的以平米计价的报价模式，给了传统装饰公司重要一击，之后随着千百炼、新洲装饰的入驻，让以前的老牌套餐公司感到“阵痛”，更强大的整合能力，将家具、家电也囊括其中，更低的报价。\r\n　　新洲装饰的进入，并未向原先业内同行们所担心的，对传统的装饰公司形成多大的冲击，反而深挖出了一部分原来在游击队手里的消费群体。“整装模式最大的 优势就是一条龙服务，拎包入住，而且相比于传统的套餐公司，连家具和家电的资源也整合进来，在价格相差不大的基础上，消费者肯定选择性价比更高的产品。” 催总说道。而且新洲装饰工厂价全包的模式，将各项主辅材的利润空间进一步压低，而是以量取胜，这在一定程度上也对传统的套餐公司形成了冲击。这就要求这些 套餐公司在原有的管理模式上进一步改变和提升，进一步完善服务体系，对消费者和市场发展来说，都是有利的。\r\n　　观察\r\n　　家居市场是否回暖还需观望\r\n　　上游房产市场的火热并不一定利好家居市场。从国家房地产开发景气指数与全国建材家居景气指数的趋势图来看，有时二者走向并不完全一致。如果买房是为了 自住，必然要装修买建材，从这方面看，全国建材家居景气指数更能反映出房地产刚性需求的强弱。在2010年，就出现了国家房地产开发景气指数上涨幅度高于 全国建材家居景气指数的情况，说明当时购房需求中投资需求比较多。当刚性需求占据购房需求“大头儿”时，才能说楼市火热对家居市场是利好消息。\r\n　　对于目前的市场，郑斌认为还不能马上在家装市场上反映出来，因为地产之于家居存在一定的滞后期，毕竟这种行情才刚开始，其中刚性需求占据多大比例还不清楚。家居企业也要对目前的楼市情况持谨慎的态度，避免做出错误判断。',NULL,NULL,NULL,1,NULL,'admin','2016-06-23 17:41:14','admin','2016-06-26 16:44:48'),(4,'4354份家装市场正破冰回暖但仍需观望','行业资讯','admin','家装网',232,'','互联网家装,家居','<p>核心阅读： 2015年，家装行业风生水起，互联网家装受到资本的关注，众多互联网家装企业出现，抢占传统家装企业的市场份额；传统家装企业经过观察后，也奋起反击，推出适合互联网...\r\n　　2015年，家装行业风生水起，互联网家装受到资本的关注，众多互联网家装企业出现，抢占传统家装企业的市场份额；传统家装企业经过观察后，也奋起反击，推出适合互联网时代的装修套餐或进行企业转型，向互联网大市场征战。在经过一年的热闹及冷却以后，2016年开年，家装仍然是家居市场最受重视的一个行业。无论传统企业还是互联网家装，都憋足劲在2016年大干一场。\r\n　　根据以往的经验，每年开年都 是装修的旺季，目前昆明市场上的家装公司都在全力备战，纷纷推出节后第一个活动，以期吸引消费者的目光。例如刚刚过去的“3·15国际消费者权益保护日” 作为3月份最重要的日子，既是家装企业的促销节点，也是树立品牌形象的节点，目前家装公司也纷纷出招，提供让消费者满意的产品。\r\n　　家装预热 为旺季做准备\r\n　　每年的3月份都是传统的装修旺季，加上各种家居展会也准备开锣，而3·15也是行业内的大节点，据记者了解，2月中旬已经开工的家装公司和家具企业， 纷纷在为3月份的旺季和3·15准备，大部分企业的活动内容在紧张的筹备当中。例如，新洲装饰最早的活动就已于2月底呈现在消费者面前，所以今年春季准备 装修的消费者，可以开始关注各家装公司与家具企业的活动，特别是近期，大波的促销和服务内容将让消费者应接不暇。\r\n　　新洲装饰在2月底就推出了六重大礼，还有定金翻倍的活动；新洲装饰也适时推出了不少优惠活动。记者在新洲装饰的客户洽谈区就看到，很多正在洽淡下单的 客户。新洲装饰负责人王磊告诉记者，从新洲装饰入驻北京市场至今，其实无论平时还是节点，消费者上门咨询的情况都相差不大，只不过节点可能跟活动推出有 关，客流量会更多一些。此外，新洲装饰也进一步向整装进发，而新洲装饰也将迎来自己的18周年庆。\r\n　　家装企业深耕互联网\r\n　　2015年，互联网家装抢占了传统家装的市场份额，经过一年的思考，传统家装企业也开始转型互联网。在近期房地产市场渐热的情况下，2016家居市场也被寄予厚望。不论传统家装企业还是互联网家装公司，都在坚持线上线下两条路发展的策略，家装市场竞争日趋激烈。\r\n　　对于互联网家装来说，去年很多获得风投的互联网家装在今年处于赛道冲击阶段，结果可能会在今年见分晓，所以互联网家装今年都在加快速度进行最后一搏； 而对于传统家装公司来说，互联网是大趋势，传统家装公司都已经利用互联网的技术或工具，向互联网家装转型。\r\n　　对接风投 优胜劣汰\r\n　　新的一年，风投的风向备受家装行业的关注，去年全国有几十家互联网家装项目得到投资，今年风投应该会更谨慎，投资人也处于观望阶 段，对于这一点杨帆也表示赞同。他预计今年能得到风投的家装公司可能是去年的一半，甚至还不到。但对于互联网家装来说，今年的重点除了抢市场占有率、加强 细分化的特点外，融资速度也是不可或缺的。\r\n　　细分市场 潜力无限\r\n　　新洲装饰除了在互联网家装领域玩的风声水起外，还是一家非常有个性的家装公司。比如他们100平米以上的房子不装，别墅不装，大户型也不装，只做小户 型，而且从毛坯房到精装房只需要20天。有人提出了疑问，只做小户型或许适合北京、上海这样的一线城市，因为这样的地方确实小户型是主流，但在云南这样的 市场也吃得开吗？\r\n　　出乎意料的是，答案却是肯定的。“比如昆明市场上3月份的200单任务完成也非常有希望。”王磊告诉记者，“都说今年市场难做，但有一部分刚需是确实 存在的。比如年轻人结婚就得买房子、装修，我们就做这一部分年轻人的市场。”他的这一说法得到了昆明市建筑装饰行业协会会长郑斌的认同。郑斌说道：“现在 的市场确实是这样的，越来越细分，因此就要求企业清楚地知道自己的定位，并通过精准的定位，把这一范围内的服务做到极致，那仅这一块市场就够你做了。”新洲装饰正是通过对市场的细分，将目光瞄准了80、90后这样一群对新兴事物接受极快的年轻人群体，他们要的是装修的方便、快捷，简单、透明，因此爱空间恰好 符合了他们的胃口，而且在年轻人社群中迅速传播。\r\n　　整装成市场主流\r\n　　倒逼装饰行业服务日趋完善\r\n　　从去年开始，整装套餐公司开始陆续在云南市场上发力。首先是以生活家为代表的以平米计价的报价模式，给了传统装饰公司重要一击，之后随着千百炼、新洲装饰的入驻，让以前的老牌套餐公司感到“阵痛”，更强大的整合能力，将家具、家电也囊括其中，更低的报价。\r\n　　新洲装饰的进入，并未向原先业内同行们所担心的，对传统的装饰公司形成多大的冲击，反而深挖出了一部分原来在游击队手里的消费群体。“整装模式最大的 优势就是一条龙服务，拎包入住，而且相比于传统的套餐公司，连家具和家电的资源也整合进来，在价格相差不大的基础上，消费者肯定选择性价比更高的产品。” 催总说道。而且新洲装饰工厂价全包的模式，将各项主辅材的利润空间进一步压低，而是以量取胜，这在一定程度上也对传统的套餐公司形成了冲击。这就要求这些 套餐公司在原有的管理模式上进一步改变和提升，进一步完善服务体系，对消费者和市场发展来说，都是有利的。\r\n　　观察\r\n　　家居市场是否回暖还需观望\r\n　　上游房产市场的火热并不一定利好家居市场。从国家房地产开发景气指数与全国建材家居景气指数的趋势图来看，有时二者走向并不完全一致。如果买房是为了 自住，必然要装修买建材，从这方面看，全国建材家居景气指数更能反映出房地产刚性需求的强弱。在2010年，就出现了国家房地产开发景气指数上涨幅度高于 全国建材家居景气指数的情况，说明当时购房需求中投资需求比较多。当刚性需求占据购房需求“大头儿”时，才能说楼市火热对家居市场是利好消息。\r\n　　对于目前的市场，郑斌认为还不能马上在家装市场上反映出来，因为地产之于家居存在一定的滞后期，毕竟这种行情才刚开始，其中刚性需求占据多大比例还不清楚。家居企业也要对目前的楼市情况持谨慎的态度，避免做出错误判断。</p>','','','',2,NULL,'admin','2016-06-23 17:41:14','admin','2016-07-01 18:01:43'),(5,'2016年三月份家装市场正破冰回暖但仍需观望','行业资讯','admin','家装网',232,'','互联网家装,家居','<p>核心阅读： 2015年，家装行业风生水起，互联网家装受到资本的关注，众多互联网家装企业出现，抢占传统家装企业的市场份额；传统家装企业经过观察后，也奋起反击，推出适合互联网...\r\n　　2015年，家装行业风生水起，互联网家装受到资本的关注，众多互联网家装企业出现，抢占传统家装企业的市场份额；传统家装企业经过观察后，也奋起反击，推出适合互联网时代的装修套餐或进行企业转型，向互联网大市场征战。在经过一年的热闹及冷却以后，2016年开年，家装仍然是家居市场最受重视的一个行业。无论传统企业还是互联网家装，都憋足劲在2016年大干一场。\r\n　　根据以往的经验，每年开年都 是装修的旺季，目前昆明市场上的家装公司都在全力备战，纷纷推出节后第一个活动，以期吸引消费者的目光。例如刚刚过去的“3·15国际消费者权益保护日” 作为3月份最重要的日子，既是家装企业的促销节点，也是树立品牌形象的节点，目前家装公司也纷纷出招，提供让消费者满意的产品。\r\n　　家装预热 为旺季做准备\r\n　　每年的3月份都是传统的装修旺季，加上各种家居展会也准备开锣，而3·15也是行业内的大节点，据记者了解，2月中旬已经开工的家装公司和家具企业， 纷纷在为3月份的旺季和3·15准备，大部分企业的活动内容在紧张的筹备当中。例如，新洲装饰最早的活动就已于2月底呈现在消费者面前，所以今年春季准备 装修的消费者，可以开始关注各家装公司与家具企业的活动，特别是近期，大波的促销和服务内容将让消费者应接不暇。\r\n　　新洲装饰在2月底就推出了六重大礼，还有定金翻倍的活动；新洲装饰也适时推出了不少优惠活动。记者在新洲装饰的客户洽谈区就看到，很多正在洽淡下单的 客户。新洲装饰负责人王磊告诉记者，从新洲装饰入驻北京市场至今，其实无论平时还是节点，消费者上门咨询的情况都相差不大，只不过节点可能跟活动推出有 关，客流量会更多一些。此外，新洲装饰也进一步向整装进发，而新洲装饰也将迎来自己的18周年庆。\r\n　　家装企业深耕互联网\r\n　　2015年，互联网家装抢占了传统家装的市场份额，经过一年的思考，传统家装企业也开始转型互联网。在近期房地产市场渐热的情况下，2016家居市场也被寄予厚望。不论传统家装企业还是互联网家装公司，都在坚持线上线下两条路发展的策略，家装市场竞争日趋激烈。\r\n　　对于互联网家装来说，去年很多获得风投的互联网家装在今年处于赛道冲击阶段，结果可能会在今年见分晓，所以互联网家装今年都在加快速度进行最后一搏； 而对于传统家装公司来说，互联网是大趋势，传统家装公司都已经利用互联网的技术或工具，向互联网家装转型。\r\n　　对接风投 优胜劣汰\r\n　　新的一年，风投的风向备受家装行业的关注，去年全国有几十家互联网家装项目得到投资，今年风投应该会更谨慎，投资人也处于观望阶 段，对于这一点杨帆也表示赞同。他预计今年能得到风投的家装公司可能是去年的一半，甚至还不到。但对于互联网家装来说，今年的重点除了抢市场占有率、加强 细分化的特点外，融资速度也是不可或缺的。\r\n　　细分市场 潜力无限\r\n　　新洲装饰除了在互联网家装领域玩的风声水起外，还是一家非常有个性的家装公司。比如他们100平米以上的房子不装，别墅不装，大户型也不装，只做小户 型，而且从毛坯房到精装房只需要20天。有人提出了疑问，只做小户型或许适合北京、上海这样的一线城市，因为这样的地方确实小户型是主流，但在云南这样的 市场也吃得开吗？\r\n　　出乎意料的是，答案却是肯定的。“比如昆明市场上3月份的200单任务完成也非常有希望。”王磊告诉记者，“都说今年市场难做，但有一部分刚需是确实 存在的。比如年轻人结婚就得买房子、装修，我们就做这一部分年轻人的市场。”他的这一说法得到了昆明市建筑装饰行业协会会长郑斌的认同。郑斌说道：“现在 的市场确实是这样的，越来越细分，因此就要求企业清楚地知道自己的定位，并通过精准的定位，把这一范围内的服务做到极致，那仅这一块市场就够你做了。”新洲装饰正是通过对市场的细分，将目光瞄准了80、90后这样一群对新兴事物接受极快的年轻人群体，他们要的是装修的方便、快捷，简单、透明，因此爱空间恰好 符合了他们的胃口，而且在年轻人社群中迅速传播。\r\n　　整装成市场主流\r\n　　倒逼装饰行业服务日趋完善\r\n　　从去年开始，整装套餐公司开始陆续在云南市场上发力。首先是以生活家为代表的以平米计价的报价模式，给了传统装饰公司重要一击，之后随着千百炼、新洲装饰的入驻，让以前的老牌套餐公司感到“阵痛”，更强大的整合能力，将家具、家电也囊括其中，更低的报价。\r\n　　新洲装饰的进入，并未向原先业内同行们所担心的，对传统的装饰公司形成多大的冲击，反而深挖出了一部分原来在游击队手里的消费群体。“整装模式最大的 优势就是一条龙服务，拎包入住，而且相比于传统的套餐公司，连家具和家电的资源也整合进来，在价格相差不大的基础上，消费者肯定选择性价比更高的产品。” 催总说道。而且新洲装饰工厂价全包的模式，将各项主辅材的利润空间进一步压低，而是以量取胜，这在一定程度上也对传统的套餐公司形成了冲击。这就要求这些 套餐公司在原有的管理模式上进一步改变和提升，进一步完善服务体系，对消费者和市场发展来说，都是有利的。\r\n　　观察\r\n　　家居市场是否回暖还需观望\r\n　　上游房产市场的火热并不一定利好家居市场。从国家房地产开发景气指数与全国建材家居景气指数的趋势图来看，有时二者走向并不完全一致。如果买房是为了 自住，必然要装修买建材，从这方面看，全国建材家居景气指数更能反映出房地产刚性需求的强弱。在2010年，就出现了国家房地产开发景气指数上涨幅度高于 全国建材家居景气指数的情况，说明当时购房需求中投资需求比较多。当刚性需求占据购房需求“大头儿”时，才能说楼市火热对家居市场是利好消息。\r\n　　对于目前的市场，郑斌认为还不能马上在家装市场上反映出来，因为地产之于家居存在一定的滞后期，毕竟这种行情才刚开始，其中刚性需求占据多大比例还不清楚。家居企业也要对目前的楼市情况持谨慎的态度，避免做出错误判断。</p>','','','',2,NULL,'admin','2016-06-23 17:41:14','admin','2016-07-01 14:29:25'),(6,'1万泰装饰集团管理培训班学习激情绽放千佛山','家装日记1','王二1','家装网1',111,'','互联网家装,家居11','<p>济南<strong><a href=\"http://www.wtzs.cc/cases\" target=\"_blank\">家庭装修</a></strong>的领导者——<strong><a href=\"http://www.wtzs.cc/\" target=\"_blank\">万泰装饰</a></strong>集团一直以人为本，注重员工个人的成长和团队的幸福感，让每一个人在团队建设中找到自己的存在感。<a href=\"http://www.wtzs.cc/\" target=\"_blank\">万泰装饰</a>集团管理培训班会定期开课，对企业对个人都是一劳永逸的。2016年06月09号，官网培训班学习在万泰装饰完整家居馆一楼会议室如期举行，唯一不同的是增加了户外部分，让大家找到了最精彩的自己。</p><p><br/></p><p><br/></p><p><img src=\"http://127.0.0.1/scinter/uedtior_upload/image/20160626/1466937488186043550.jpg\"/></p><p><br/></p><p><br/></p><p>万泰装饰事业部，香港观唐和万佳惠等事业部的中层及精英优秀员工参与了本次学习，尤其是香港观唐总经理高健女士为大家讲解毛泽东思想建设部分，让我们感受颇深，分精神武装团队、思想教育团队、纪律打造团队、作风塑造团队及实践培育团队五个部分进行了详细的阐述。与之前其他老师讲解不同的是高总结合与万泰装饰集团的现状进行相互融合，实现个性化的私人定制，让大家受益匪浅。</p><p><br/></p><p><br/></p><p><img src=\"http://127.0.0.1/scinter/uedtior_upload/image/20160626/1466937488575047002.jpg\"/></p><p><br/></p><p><br/></p><p>一句话“为谁扛枪为谁打仗”，点到了工作的本质上来了，我们在万泰装饰的平台上，努力工作，公司需要这样的员工，但是为了我们自己个人的发展及家人的幸福，拼命工作是为自己的。二者相互关联，密不可分，缺一不可。</p><p><br/></p><p><img src=\"http://127.0.0.1/scinter/uedtior_upload/image/20160626/1466937488725045682.jpg\"/></p><p><br/></p><p><br/></p><p>这次培训与学习中，还增加了互动环节“龙的呼唤”，让大家重新将大家的那股激情点燃，看看他们的精神状态，哪儿哪儿都不一样了呢？</p><p>下午大家参与了千佛山户外学习，之间有很多让人喜欢的不得了得环节，宗旨就是提高大家的团队意识和身体素质。让大家在团队中觉知到自己是团队中不可或缺的一部分，而且还要同心协力为同一目标奋斗。看看大家棒棒哒的表演，小编忍不住为他们喊“加油”啦！</p><p><br/></p><p><br/></p><p><img src=\"http://127.0.0.1/scinter/uedtior_upload/image/20160626/1466937489062061340.jpg\"/></p><p>&nbsp;</p><p><br/></p><p><img src=\"http://127.0.0.1/scinter/uedtior_upload/image/20160626/1466937489992087202.jpg\"/></p><p><br/></p><p><br/></p><p>为大家的用汗水换来的骄人成绩点赞吧！</p><p><br/></p><p><br/></p><p><img src=\"http://127.0.0.1/scinter/uedtior_upload/image/20160626/1466937490366075444.jpg\"/></p><p><img src=\"http://127.0.0.1/scinter/uedtior_upload/image/20160626/1466937490533024669.jpg\"/></p><p><img src=\"http://127.0.0.1/scinter/uedtior_upload/image/20160626/1466937490715045239.jpg\"/></p><p><br/></p><p><br/></p><p>万泰装饰相信大家通过本次学习会为以后的团队建设和实际工作带来阶段性的成长，同时也希望万泰装饰集团的企业文化能够走进每一个人内心最深的那个角落，为公司及个人的成长奠定基石。</p><p><br/></p>','','','',2,NULL,'admin','2016-06-23 17:41:14','admin','2016-07-01 14:36:16'),(7,'新三板创新层名单公布 正益移动成功入围','行业资讯','admin','家装网',232,'','美通社','<p><img alt=\"\" src=\"http://127.0.0.1/scinter/uedtior_upload/image/20160630/1467279990298027521.jpg\"/></p><p>　　6月24日，全国中小企业股份转让系统挂牌公司完成创新层挂牌公司筛选工作，正式公布了今年的创新层名单，正益移动互联科技股份有限公司(股票代码：835032，股票简称：正益移动)，从7600余家新三板挂牌企业中脱颖而出，成功入围创新层名单。此次满足创新层标准的挂牌公司共计953家，占新三板所有挂牌公司数量的12.4%。</p><p>　　正益移动作为国内移动平台技术与移动创新服务的领跑者，自2014年以来，其年收入增长率均超过80%，远超过新三板创新层标准二(最近两年营业收入连续增长，且复合增长率不低于50%;最近两年平均营业收入不低于4000万元;股本不少于2000万元。)的要求，一跃成为新三板创新层中为数不多的移动互联网企业。</p><p>　　6月24日，全国中小企业股份转让系统挂牌公司完成创新层挂牌公司筛选工作，正式公布了今年的创新层名单，正益移动互联科技股份有限公司(股票代码：835032，股票简称：正益移动)，从7600余家新三板挂牌企业中脱颖而出，成功入围创新层名单。正益移动旗下拥有两大品牌：国内知名的移动开发和技术支撑平台 -- AppCan，以及移动互联网应用创新创业平台 -- 正益工场。公司以 AppCan 移动平台技术为基础，从最初的 AppCan 一站式移动开发服务平台，到为大型企业客户提供全生命周期的企业移动平台整体解决方案，直至最新推出的移动云平台之上的 SaaS 应用“正益工作”，始终围绕“端 - 管 - 云”架构体系不断迭代升华。</p><p>　　目前，AppCan.cn 及正益工场平台，已汇聚80万注册开发者、6000家企业客户、3000万用户，近两年年营收增长率达到80%以上，其良好的商业模式及迅猛的发展势头，备受资本市场热捧。同时，正益工场移动互联网创新创业平台，还积极整合开发者、企业、各地政府资源，通过精品应用交易、移动应用开发项目的众包\\分包、构建移动互联网“众创空间”，而在传统业务上，“PaaS+SaaS”的模式服务于大中小企业。</p><p>　　6月24日，正益移动在北京国际会议中心举办了主题为“平台之上，应用无限”的2016年度 AppCan 移动开发者大会，逾1500名移动开发者参加了本次大会。AppCan 移动开发者大会的成功召开，充分验证了 AppCan 在开发者市场领头羊的地位以及 AppCan 技术对移动互联网产业发展的影响力。</p><p>　　移动互联网时代，移动技术是创新驱动的关键，因此，技术也在逐步服务化、个性化，越来越多的移动互联网应用需要平台支撑、运营支撑，正益移动近期发布的下一个发展阶段正是顺应这样的时势，开启云端融合、开发运营一体化的新进程，用心尽力为企业移动互联网化不断创造新价值。</p><p><br/></p>','','','',1,NULL,'admin','2016-06-23 17:41:14','admin','2016-06-30 17:47:10'),(8,'2016年三月份家装市场正破冰回暖但仍需观望','行业资讯','admin','家装网',232,NULL,'互联网家装,家居','核心阅读： 2015年，家装行业风生水起，互联网家装受到资本的关注，众多互联网家装企业出现，抢占传统家装企业的市场份额；传统家装企业经过观察后，也奋起反击，推出适合互联网...\r\n　　2015年，家装行业风生水起，互联网家装受到资本的关注，众多互联网家装企业出现，抢占传统家装企业的市场份额；传统家装企业经过观察后，也奋起反击，推出适合互联网时代的装修套餐或进行企业转型，向互联网大市场征战。在经过一年的热闹及冷却以后，2016年开年，家装仍然是家居市场最受重视的一个行业。无论传统企业还是互联网家装，都憋足劲在2016年大干一场。\r\n　　根据以往的经验，每年开年都 是装修的旺季，目前昆明市场上的家装公司都在全力备战，纷纷推出节后第一个活动，以期吸引消费者的目光。例如刚刚过去的“3·15国际消费者权益保护日” 作为3月份最重要的日子，既是家装企业的促销节点，也是树立品牌形象的节点，目前家装公司也纷纷出招，提供让消费者满意的产品。\r\n　　家装预热 为旺季做准备\r\n　　每年的3月份都是传统的装修旺季，加上各种家居展会也准备开锣，而3·15也是行业内的大节点，据记者了解，2月中旬已经开工的家装公司和家具企业， 纷纷在为3月份的旺季和3·15准备，大部分企业的活动内容在紧张的筹备当中。例如，新洲装饰最早的活动就已于2月底呈现在消费者面前，所以今年春季准备 装修的消费者，可以开始关注各家装公司与家具企业的活动，特别是近期，大波的促销和服务内容将让消费者应接不暇。\r\n　　新洲装饰在2月底就推出了六重大礼，还有定金翻倍的活动；新洲装饰也适时推出了不少优惠活动。记者在新洲装饰的客户洽谈区就看到，很多正在洽淡下单的 客户。新洲装饰负责人王磊告诉记者，从新洲装饰入驻北京市场至今，其实无论平时还是节点，消费者上门咨询的情况都相差不大，只不过节点可能跟活动推出有 关，客流量会更多一些。此外，新洲装饰也进一步向整装进发，而新洲装饰也将迎来自己的18周年庆。\r\n　　家装企业深耕互联网\r\n　　2015年，互联网家装抢占了传统家装的市场份额，经过一年的思考，传统家装企业也开始转型互联网。在近期房地产市场渐热的情况下，2016家居市场也被寄予厚望。不论传统家装企业还是互联网家装公司，都在坚持线上线下两条路发展的策略，家装市场竞争日趋激烈。\r\n　　对于互联网家装来说，去年很多获得风投的互联网家装在今年处于赛道冲击阶段，结果可能会在今年见分晓，所以互联网家装今年都在加快速度进行最后一搏； 而对于传统家装公司来说，互联网是大趋势，传统家装公司都已经利用互联网的技术或工具，向互联网家装转型。\r\n　　对接风投 优胜劣汰\r\n　　新的一年，风投的风向备受家装行业的关注，去年全国有几十家互联网家装项目得到投资，今年风投应该会更谨慎，投资人也处于观望阶 段，对于这一点杨帆也表示赞同。他预计今年能得到风投的家装公司可能是去年的一半，甚至还不到。但对于互联网家装来说，今年的重点除了抢市场占有率、加强 细分化的特点外，融资速度也是不可或缺的。\r\n　　细分市场 潜力无限\r\n　　新洲装饰除了在互联网家装领域玩的风声水起外，还是一家非常有个性的家装公司。比如他们100平米以上的房子不装，别墅不装，大户型也不装，只做小户 型，而且从毛坯房到精装房只需要20天。有人提出了疑问，只做小户型或许适合北京、上海这样的一线城市，因为这样的地方确实小户型是主流，但在云南这样的 市场也吃得开吗？\r\n　　出乎意料的是，答案却是肯定的。“比如昆明市场上3月份的200单任务完成也非常有希望。”王磊告诉记者，“都说今年市场难做，但有一部分刚需是确实 存在的。比如年轻人结婚就得买房子、装修，我们就做这一部分年轻人的市场。”他的这一说法得到了昆明市建筑装饰行业协会会长郑斌的认同。郑斌说道：“现在 的市场确实是这样的，越来越细分，因此就要求企业清楚地知道自己的定位，并通过精准的定位，把这一范围内的服务做到极致，那仅这一块市场就够你做了。”新洲装饰正是通过对市场的细分，将目光瞄准了80、90后这样一群对新兴事物接受极快的年轻人群体，他们要的是装修的方便、快捷，简单、透明，因此爱空间恰好 符合了他们的胃口，而且在年轻人社群中迅速传播。\r\n　　整装成市场主流\r\n　　倒逼装饰行业服务日趋完善\r\n　　从去年开始，整装套餐公司开始陆续在云南市场上发力。首先是以生活家为代表的以平米计价的报价模式，给了传统装饰公司重要一击，之后随着千百炼、新洲装饰的入驻，让以前的老牌套餐公司感到“阵痛”，更强大的整合能力，将家具、家电也囊括其中，更低的报价。\r\n　　新洲装饰的进入，并未向原先业内同行们所担心的，对传统的装饰公司形成多大的冲击，反而深挖出了一部分原来在游击队手里的消费群体。“整装模式最大的 优势就是一条龙服务，拎包入住，而且相比于传统的套餐公司，连家具和家电的资源也整合进来，在价格相差不大的基础上，消费者肯定选择性价比更高的产品。” 催总说道。而且新洲装饰工厂价全包的模式，将各项主辅材的利润空间进一步压低，而是以量取胜，这在一定程度上也对传统的套餐公司形成了冲击。这就要求这些 套餐公司在原有的管理模式上进一步改变和提升，进一步完善服务体系，对消费者和市场发展来说，都是有利的。\r\n　　观察\r\n　　家居市场是否回暖还需观望\r\n　　上游房产市场的火热并不一定利好家居市场。从国家房地产开发景气指数与全国建材家居景气指数的趋势图来看，有时二者走向并不完全一致。如果买房是为了 自住，必然要装修买建材，从这方面看，全国建材家居景气指数更能反映出房地产刚性需求的强弱。在2010年，就出现了国家房地产开发景气指数上涨幅度高于 全国建材家居景气指数的情况，说明当时购房需求中投资需求比较多。当刚性需求占据购房需求“大头儿”时，才能说楼市火热对家居市场是利好消息。\r\n　　对于目前的市场，郑斌认为还不能马上在家装市场上反映出来，因为地产之于家居存在一定的滞后期，毕竟这种行情才刚开始，其中刚性需求占据多大比例还不清楚。家居企业也要对目前的楼市情况持谨慎的态度，避免做出错误判断。',NULL,NULL,NULL,1,NULL,'admin','2016-06-23 17:41:14','admin','2016-06-23 17:41:18'),(9,'2016年三月份家装市场正破冰回暖但仍需观望','行业资讯','admin','家装网',232,NULL,'互联网家装,家居','核心阅读： 2015年，家装行业风生水起，互联网家装受到资本的关注，众多互联网家装企业出现，抢占传统家装企业的市场份额；传统家装企业经过观察后，也奋起反击，推出适合互联网...\r\n　　2015年，家装行业风生水起，互联网家装受到资本的关注，众多互联网家装企业出现，抢占传统家装企业的市场份额；传统家装企业经过观察后，也奋起反击，推出适合互联网时代的装修套餐或进行企业转型，向互联网大市场征战。在经过一年的热闹及冷却以后，2016年开年，家装仍然是家居市场最受重视的一个行业。无论传统企业还是互联网家装，都憋足劲在2016年大干一场。\r\n　　根据以往的经验，每年开年都 是装修的旺季，目前昆明市场上的家装公司都在全力备战，纷纷推出节后第一个活动，以期吸引消费者的目光。例如刚刚过去的“3·15国际消费者权益保护日” 作为3月份最重要的日子，既是家装企业的促销节点，也是树立品牌形象的节点，目前家装公司也纷纷出招，提供让消费者满意的产品。\r\n　　家装预热 为旺季做准备\r\n　　每年的3月份都是传统的装修旺季，加上各种家居展会也准备开锣，而3·15也是行业内的大节点，据记者了解，2月中旬已经开工的家装公司和家具企业， 纷纷在为3月份的旺季和3·15准备，大部分企业的活动内容在紧张的筹备当中。例如，新洲装饰最早的活动就已于2月底呈现在消费者面前，所以今年春季准备 装修的消费者，可以开始关注各家装公司与家具企业的活动，特别是近期，大波的促销和服务内容将让消费者应接不暇。\r\n　　新洲装饰在2月底就推出了六重大礼，还有定金翻倍的活动；新洲装饰也适时推出了不少优惠活动。记者在新洲装饰的客户洽谈区就看到，很多正在洽淡下单的 客户。新洲装饰负责人王磊告诉记者，从新洲装饰入驻北京市场至今，其实无论平时还是节点，消费者上门咨询的情况都相差不大，只不过节点可能跟活动推出有 关，客流量会更多一些。此外，新洲装饰也进一步向整装进发，而新洲装饰也将迎来自己的18周年庆。\r\n　　家装企业深耕互联网\r\n　　2015年，互联网家装抢占了传统家装的市场份额，经过一年的思考，传统家装企业也开始转型互联网。在近期房地产市场渐热的情况下，2016家居市场也被寄予厚望。不论传统家装企业还是互联网家装公司，都在坚持线上线下两条路发展的策略，家装市场竞争日趋激烈。\r\n　　对于互联网家装来说，去年很多获得风投的互联网家装在今年处于赛道冲击阶段，结果可能会在今年见分晓，所以互联网家装今年都在加快速度进行最后一搏； 而对于传统家装公司来说，互联网是大趋势，传统家装公司都已经利用互联网的技术或工具，向互联网家装转型。\r\n　　对接风投 优胜劣汰\r\n　　新的一年，风投的风向备受家装行业的关注，去年全国有几十家互联网家装项目得到投资，今年风投应该会更谨慎，投资人也处于观望阶 段，对于这一点杨帆也表示赞同。他预计今年能得到风投的家装公司可能是去年的一半，甚至还不到。但对于互联网家装来说，今年的重点除了抢市场占有率、加强 细分化的特点外，融资速度也是不可或缺的。\r\n　　细分市场 潜力无限\r\n　　新洲装饰除了在互联网家装领域玩的风声水起外，还是一家非常有个性的家装公司。比如他们100平米以上的房子不装，别墅不装，大户型也不装，只做小户 型，而且从毛坯房到精装房只需要20天。有人提出了疑问，只做小户型或许适合北京、上海这样的一线城市，因为这样的地方确实小户型是主流，但在云南这样的 市场也吃得开吗？\r\n　　出乎意料的是，答案却是肯定的。“比如昆明市场上3月份的200单任务完成也非常有希望。”王磊告诉记者，“都说今年市场难做，但有一部分刚需是确实 存在的。比如年轻人结婚就得买房子、装修，我们就做这一部分年轻人的市场。”他的这一说法得到了昆明市建筑装饰行业协会会长郑斌的认同。郑斌说道：“现在 的市场确实是这样的，越来越细分，因此就要求企业清楚地知道自己的定位，并通过精准的定位，把这一范围内的服务做到极致，那仅这一块市场就够你做了。”新洲装饰正是通过对市场的细分，将目光瞄准了80、90后这样一群对新兴事物接受极快的年轻人群体，他们要的是装修的方便、快捷，简单、透明，因此爱空间恰好 符合了他们的胃口，而且在年轻人社群中迅速传播。\r\n　　整装成市场主流\r\n　　倒逼装饰行业服务日趋完善\r\n　　从去年开始，整装套餐公司开始陆续在云南市场上发力。首先是以生活家为代表的以平米计价的报价模式，给了传统装饰公司重要一击，之后随着千百炼、新洲装饰的入驻，让以前的老牌套餐公司感到“阵痛”，更强大的整合能力，将家具、家电也囊括其中，更低的报价。\r\n　　新洲装饰的进入，并未向原先业内同行们所担心的，对传统的装饰公司形成多大的冲击，反而深挖出了一部分原来在游击队手里的消费群体。“整装模式最大的 优势就是一条龙服务，拎包入住，而且相比于传统的套餐公司，连家具和家电的资源也整合进来，在价格相差不大的基础上，消费者肯定选择性价比更高的产品。” 催总说道。而且新洲装饰工厂价全包的模式，将各项主辅材的利润空间进一步压低，而是以量取胜，这在一定程度上也对传统的套餐公司形成了冲击。这就要求这些 套餐公司在原有的管理模式上进一步改变和提升，进一步完善服务体系，对消费者和市场发展来说，都是有利的。\r\n　　观察\r\n　　家居市场是否回暖还需观望\r\n　　上游房产市场的火热并不一定利好家居市场。从国家房地产开发景气指数与全国建材家居景气指数的趋势图来看，有时二者走向并不完全一致。如果买房是为了 自住，必然要装修买建材，从这方面看，全国建材家居景气指数更能反映出房地产刚性需求的强弱。在2010年，就出现了国家房地产开发景气指数上涨幅度高于 全国建材家居景气指数的情况，说明当时购房需求中投资需求比较多。当刚性需求占据购房需求“大头儿”时，才能说楼市火热对家居市场是利好消息。\r\n　　对于目前的市场，郑斌认为还不能马上在家装市场上反映出来，因为地产之于家居存在一定的滞后期，毕竟这种行情才刚开始，其中刚性需求占据多大比例还不清楚。家居企业也要对目前的楼市情况持谨慎的态度，避免做出错误判断。',NULL,NULL,NULL,1,NULL,'admin','2016-06-23 17:41:14','admin','2016-06-23 17:41:18'),(10,'2016年三月份家装市场正破冰回暖但仍需观望','行业资讯','admin','家装网',232,NULL,'互联网家装,家居','核心阅读： 2015年，家装行业风生水起，互联网家装受到资本的关注，众多互联网家装企业出现，抢占传统家装企业的市场份额；传统家装企业经过观察后，也奋起反击，推出适合互联网...\r\n　　2015年，家装行业风生水起，互联网家装受到资本的关注，众多互联网家装企业出现，抢占传统家装企业的市场份额；传统家装企业经过观察后，也奋起反击，推出适合互联网时代的装修套餐或进行企业转型，向互联网大市场征战。在经过一年的热闹及冷却以后，2016年开年，家装仍然是家居市场最受重视的一个行业。无论传统企业还是互联网家装，都憋足劲在2016年大干一场。\r\n　　根据以往的经验，每年开年都 是装修的旺季，目前昆明市场上的家装公司都在全力备战，纷纷推出节后第一个活动，以期吸引消费者的目光。例如刚刚过去的“3·15国际消费者权益保护日” 作为3月份最重要的日子，既是家装企业的促销节点，也是树立品牌形象的节点，目前家装公司也纷纷出招，提供让消费者满意的产品。\r\n　　家装预热 为旺季做准备\r\n　　每年的3月份都是传统的装修旺季，加上各种家居展会也准备开锣，而3·15也是行业内的大节点，据记者了解，2月中旬已经开工的家装公司和家具企业， 纷纷在为3月份的旺季和3·15准备，大部分企业的活动内容在紧张的筹备当中。例如，新洲装饰最早的活动就已于2月底呈现在消费者面前，所以今年春季准备 装修的消费者，可以开始关注各家装公司与家具企业的活动，特别是近期，大波的促销和服务内容将让消费者应接不暇。\r\n　　新洲装饰在2月底就推出了六重大礼，还有定金翻倍的活动；新洲装饰也适时推出了不少优惠活动。记者在新洲装饰的客户洽谈区就看到，很多正在洽淡下单的 客户。新洲装饰负责人王磊告诉记者，从新洲装饰入驻北京市场至今，其实无论平时还是节点，消费者上门咨询的情况都相差不大，只不过节点可能跟活动推出有 关，客流量会更多一些。此外，新洲装饰也进一步向整装进发，而新洲装饰也将迎来自己的18周年庆。\r\n　　家装企业深耕互联网\r\n　　2015年，互联网家装抢占了传统家装的市场份额，经过一年的思考，传统家装企业也开始转型互联网。在近期房地产市场渐热的情况下，2016家居市场也被寄予厚望。不论传统家装企业还是互联网家装公司，都在坚持线上线下两条路发展的策略，家装市场竞争日趋激烈。\r\n　　对于互联网家装来说，去年很多获得风投的互联网家装在今年处于赛道冲击阶段，结果可能会在今年见分晓，所以互联网家装今年都在加快速度进行最后一搏； 而对于传统家装公司来说，互联网是大趋势，传统家装公司都已经利用互联网的技术或工具，向互联网家装转型。\r\n　　对接风投 优胜劣汰\r\n　　新的一年，风投的风向备受家装行业的关注，去年全国有几十家互联网家装项目得到投资，今年风投应该会更谨慎，投资人也处于观望阶 段，对于这一点杨帆也表示赞同。他预计今年能得到风投的家装公司可能是去年的一半，甚至还不到。但对于互联网家装来说，今年的重点除了抢市场占有率、加强 细分化的特点外，融资速度也是不可或缺的。\r\n　　细分市场 潜力无限\r\n　　新洲装饰除了在互联网家装领域玩的风声水起外，还是一家非常有个性的家装公司。比如他们100平米以上的房子不装，别墅不装，大户型也不装，只做小户 型，而且从毛坯房到精装房只需要20天。有人提出了疑问，只做小户型或许适合北京、上海这样的一线城市，因为这样的地方确实小户型是主流，但在云南这样的 市场也吃得开吗？\r\n　　出乎意料的是，答案却是肯定的。“比如昆明市场上3月份的200单任务完成也非常有希望。”王磊告诉记者，“都说今年市场难做，但有一部分刚需是确实 存在的。比如年轻人结婚就得买房子、装修，我们就做这一部分年轻人的市场。”他的这一说法得到了昆明市建筑装饰行业协会会长郑斌的认同。郑斌说道：“现在 的市场确实是这样的，越来越细分，因此就要求企业清楚地知道自己的定位，并通过精准的定位，把这一范围内的服务做到极致，那仅这一块市场就够你做了。”新洲装饰正是通过对市场的细分，将目光瞄准了80、90后这样一群对新兴事物接受极快的年轻人群体，他们要的是装修的方便、快捷，简单、透明，因此爱空间恰好 符合了他们的胃口，而且在年轻人社群中迅速传播。\r\n　　整装成市场主流\r\n　　倒逼装饰行业服务日趋完善\r\n　　从去年开始，整装套餐公司开始陆续在云南市场上发力。首先是以生活家为代表的以平米计价的报价模式，给了传统装饰公司重要一击，之后随着千百炼、新洲装饰的入驻，让以前的老牌套餐公司感到“阵痛”，更强大的整合能力，将家具、家电也囊括其中，更低的报价。\r\n　　新洲装饰的进入，并未向原先业内同行们所担心的，对传统的装饰公司形成多大的冲击，反而深挖出了一部分原来在游击队手里的消费群体。“整装模式最大的 优势就是一条龙服务，拎包入住，而且相比于传统的套餐公司，连家具和家电的资源也整合进来，在价格相差不大的基础上，消费者肯定选择性价比更高的产品。” 催总说道。而且新洲装饰工厂价全包的模式，将各项主辅材的利润空间进一步压低，而是以量取胜，这在一定程度上也对传统的套餐公司形成了冲击。这就要求这些 套餐公司在原有的管理模式上进一步改变和提升，进一步完善服务体系，对消费者和市场发展来说，都是有利的。\r\n　　观察\r\n　　家居市场是否回暖还需观望\r\n　　上游房产市场的火热并不一定利好家居市场。从国家房地产开发景气指数与全国建材家居景气指数的趋势图来看，有时二者走向并不完全一致。如果买房是为了 自住，必然要装修买建材，从这方面看，全国建材家居景气指数更能反映出房地产刚性需求的强弱。在2010年，就出现了国家房地产开发景气指数上涨幅度高于 全国建材家居景气指数的情况，说明当时购房需求中投资需求比较多。当刚性需求占据购房需求“大头儿”时，才能说楼市火热对家居市场是利好消息。\r\n　　对于目前的市场，郑斌认为还不能马上在家装市场上反映出来，因为地产之于家居存在一定的滞后期，毕竟这种行情才刚开始，其中刚性需求占据多大比例还不清楚。家居企业也要对目前的楼市情况持谨慎的态度，避免做出错误判断。',NULL,NULL,NULL,1,NULL,'admin','2016-06-23 17:41:14','admin','2016-06-23 17:41:18'),(11,'2016年三月份家装市场正破冰回暖但仍需观望','行业资讯','admin','家装网',232,NULL,'互联网家装,家居','核心阅读： 2015年，家装行业风生水起，互联网家装受到资本的关注，众多互联网家装企业出现，抢占传统家装企业的市场份额；传统家装企业经过观察后，也奋起反击，推出适合互联网...\r\n　　2015年，家装行业风生水起，互联网家装受到资本的关注，众多互联网家装企业出现，抢占传统家装企业的市场份额；传统家装企业经过观察后，也奋起反击，推出适合互联网时代的装修套餐或进行企业转型，向互联网大市场征战。在经过一年的热闹及冷却以后，2016年开年，家装仍然是家居市场最受重视的一个行业。无论传统企业还是互联网家装，都憋足劲在2016年大干一场。\r\n　　根据以往的经验，每年开年都 是装修的旺季，目前昆明市场上的家装公司都在全力备战，纷纷推出节后第一个活动，以期吸引消费者的目光。例如刚刚过去的“3·15国际消费者权益保护日” 作为3月份最重要的日子，既是家装企业的促销节点，也是树立品牌形象的节点，目前家装公司也纷纷出招，提供让消费者满意的产品。\r\n　　家装预热 为旺季做准备\r\n　　每年的3月份都是传统的装修旺季，加上各种家居展会也准备开锣，而3·15也是行业内的大节点，据记者了解，2月中旬已经开工的家装公司和家具企业， 纷纷在为3月份的旺季和3·15准备，大部分企业的活动内容在紧张的筹备当中。例如，新洲装饰最早的活动就已于2月底呈现在消费者面前，所以今年春季准备 装修的消费者，可以开始关注各家装公司与家具企业的活动，特别是近期，大波的促销和服务内容将让消费者应接不暇。\r\n　　新洲装饰在2月底就推出了六重大礼，还有定金翻倍的活动；新洲装饰也适时推出了不少优惠活动。记者在新洲装饰的客户洽谈区就看到，很多正在洽淡下单的 客户。新洲装饰负责人王磊告诉记者，从新洲装饰入驻北京市场至今，其实无论平时还是节点，消费者上门咨询的情况都相差不大，只不过节点可能跟活动推出有 关，客流量会更多一些。此外，新洲装饰也进一步向整装进发，而新洲装饰也将迎来自己的18周年庆。\r\n　　家装企业深耕互联网\r\n　　2015年，互联网家装抢占了传统家装的市场份额，经过一年的思考，传统家装企业也开始转型互联网。在近期房地产市场渐热的情况下，2016家居市场也被寄予厚望。不论传统家装企业还是互联网家装公司，都在坚持线上线下两条路发展的策略，家装市场竞争日趋激烈。\r\n　　对于互联网家装来说，去年很多获得风投的互联网家装在今年处于赛道冲击阶段，结果可能会在今年见分晓，所以互联网家装今年都在加快速度进行最后一搏； 而对于传统家装公司来说，互联网是大趋势，传统家装公司都已经利用互联网的技术或工具，向互联网家装转型。\r\n　　对接风投 优胜劣汰\r\n　　新的一年，风投的风向备受家装行业的关注，去年全国有几十家互联网家装项目得到投资，今年风投应该会更谨慎，投资人也处于观望阶 段，对于这一点杨帆也表示赞同。他预计今年能得到风投的家装公司可能是去年的一半，甚至还不到。但对于互联网家装来说，今年的重点除了抢市场占有率、加强 细分化的特点外，融资速度也是不可或缺的。\r\n　　细分市场 潜力无限\r\n　　新洲装饰除了在互联网家装领域玩的风声水起外，还是一家非常有个性的家装公司。比如他们100平米以上的房子不装，别墅不装，大户型也不装，只做小户 型，而且从毛坯房到精装房只需要20天。有人提出了疑问，只做小户型或许适合北京、上海这样的一线城市，因为这样的地方确实小户型是主流，但在云南这样的 市场也吃得开吗？\r\n　　出乎意料的是，答案却是肯定的。“比如昆明市场上3月份的200单任务完成也非常有希望。”王磊告诉记者，“都说今年市场难做，但有一部分刚需是确实 存在的。比如年轻人结婚就得买房子、装修，我们就做这一部分年轻人的市场。”他的这一说法得到了昆明市建筑装饰行业协会会长郑斌的认同。郑斌说道：“现在 的市场确实是这样的，越来越细分，因此就要求企业清楚地知道自己的定位，并通过精准的定位，把这一范围内的服务做到极致，那仅这一块市场就够你做了。”新洲装饰正是通过对市场的细分，将目光瞄准了80、90后这样一群对新兴事物接受极快的年轻人群体，他们要的是装修的方便、快捷，简单、透明，因此爱空间恰好 符合了他们的胃口，而且在年轻人社群中迅速传播。\r\n　　整装成市场主流\r\n　　倒逼装饰行业服务日趋完善\r\n　　从去年开始，整装套餐公司开始陆续在云南市场上发力。首先是以生活家为代表的以平米计价的报价模式，给了传统装饰公司重要一击，之后随着千百炼、新洲装饰的入驻，让以前的老牌套餐公司感到“阵痛”，更强大的整合能力，将家具、家电也囊括其中，更低的报价。\r\n　　新洲装饰的进入，并未向原先业内同行们所担心的，对传统的装饰公司形成多大的冲击，反而深挖出了一部分原来在游击队手里的消费群体。“整装模式最大的 优势就是一条龙服务，拎包入住，而且相比于传统的套餐公司，连家具和家电的资源也整合进来，在价格相差不大的基础上，消费者肯定选择性价比更高的产品。” 催总说道。而且新洲装饰工厂价全包的模式，将各项主辅材的利润空间进一步压低，而是以量取胜，这在一定程度上也对传统的套餐公司形成了冲击。这就要求这些 套餐公司在原有的管理模式上进一步改变和提升，进一步完善服务体系，对消费者和市场发展来说，都是有利的。\r\n　　观察\r\n　　家居市场是否回暖还需观望\r\n　　上游房产市场的火热并不一定利好家居市场。从国家房地产开发景气指数与全国建材家居景气指数的趋势图来看，有时二者走向并不完全一致。如果买房是为了 自住，必然要装修买建材，从这方面看，全国建材家居景气指数更能反映出房地产刚性需求的强弱。在2010年，就出现了国家房地产开发景气指数上涨幅度高于 全国建材家居景气指数的情况，说明当时购房需求中投资需求比较多。当刚性需求占据购房需求“大头儿”时，才能说楼市火热对家居市场是利好消息。\r\n　　对于目前的市场，郑斌认为还不能马上在家装市场上反映出来，因为地产之于家居存在一定的滞后期，毕竟这种行情才刚开始，其中刚性需求占据多大比例还不清楚。家居企业也要对目前的楼市情况持谨慎的态度，避免做出错误判断。',NULL,NULL,NULL,1,NULL,'admin','2016-06-23 17:41:14','admin','2016-06-23 17:41:18'),(12,'2016年三月份家装市场正破冰回暖但仍需观望','行业资讯','admin','家装网',232,NULL,'互联网家装,家居','核心阅读： 2015年，家装行业风生水起，互联网家装受到资本的关注，众多互联网家装企业出现，抢占传统家装企业的市场份额；传统家装企业经过观察后，也奋起反击，推出适合互联网...\r\n　　2015年，家装行业风生水起，互联网家装受到资本的关注，众多互联网家装企业出现，抢占传统家装企业的市场份额；传统家装企业经过观察后，也奋起反击，推出适合互联网时代的装修套餐或进行企业转型，向互联网大市场征战。在经过一年的热闹及冷却以后，2016年开年，家装仍然是家居市场最受重视的一个行业。无论传统企业还是互联网家装，都憋足劲在2016年大干一场。\r\n　　根据以往的经验，每年开年都 是装修的旺季，目前昆明市场上的家装公司都在全力备战，纷纷推出节后第一个活动，以期吸引消费者的目光。例如刚刚过去的“3·15国际消费者权益保护日” 作为3月份最重要的日子，既是家装企业的促销节点，也是树立品牌形象的节点，目前家装公司也纷纷出招，提供让消费者满意的产品。\r\n　　家装预热 为旺季做准备\r\n　　每年的3月份都是传统的装修旺季，加上各种家居展会也准备开锣，而3·15也是行业内的大节点，据记者了解，2月中旬已经开工的家装公司和家具企业， 纷纷在为3月份的旺季和3·15准备，大部分企业的活动内容在紧张的筹备当中。例如，新洲装饰最早的活动就已于2月底呈现在消费者面前，所以今年春季准备 装修的消费者，可以开始关注各家装公司与家具企业的活动，特别是近期，大波的促销和服务内容将让消费者应接不暇。\r\n　　新洲装饰在2月底就推出了六重大礼，还有定金翻倍的活动；新洲装饰也适时推出了不少优惠活动。记者在新洲装饰的客户洽谈区就看到，很多正在洽淡下单的 客户。新洲装饰负责人王磊告诉记者，从新洲装饰入驻北京市场至今，其实无论平时还是节点，消费者上门咨询的情况都相差不大，只不过节点可能跟活动推出有 关，客流量会更多一些。此外，新洲装饰也进一步向整装进发，而新洲装饰也将迎来自己的18周年庆。\r\n　　家装企业深耕互联网\r\n　　2015年，互联网家装抢占了传统家装的市场份额，经过一年的思考，传统家装企业也开始转型互联网。在近期房地产市场渐热的情况下，2016家居市场也被寄予厚望。不论传统家装企业还是互联网家装公司，都在坚持线上线下两条路发展的策略，家装市场竞争日趋激烈。\r\n　　对于互联网家装来说，去年很多获得风投的互联网家装在今年处于赛道冲击阶段，结果可能会在今年见分晓，所以互联网家装今年都在加快速度进行最后一搏； 而对于传统家装公司来说，互联网是大趋势，传统家装公司都已经利用互联网的技术或工具，向互联网家装转型。\r\n　　对接风投 优胜劣汰\r\n　　新的一年，风投的风向备受家装行业的关注，去年全国有几十家互联网家装项目得到投资，今年风投应该会更谨慎，投资人也处于观望阶 段，对于这一点杨帆也表示赞同。他预计今年能得到风投的家装公司可能是去年的一半，甚至还不到。但对于互联网家装来说，今年的重点除了抢市场占有率、加强 细分化的特点外，融资速度也是不可或缺的。\r\n　　细分市场 潜力无限\r\n　　新洲装饰除了在互联网家装领域玩的风声水起外，还是一家非常有个性的家装公司。比如他们100平米以上的房子不装，别墅不装，大户型也不装，只做小户 型，而且从毛坯房到精装房只需要20天。有人提出了疑问，只做小户型或许适合北京、上海这样的一线城市，因为这样的地方确实小户型是主流，但在云南这样的 市场也吃得开吗？\r\n　　出乎意料的是，答案却是肯定的。“比如昆明市场上3月份的200单任务完成也非常有希望。”王磊告诉记者，“都说今年市场难做，但有一部分刚需是确实 存在的。比如年轻人结婚就得买房子、装修，我们就做这一部分年轻人的市场。”他的这一说法得到了昆明市建筑装饰行业协会会长郑斌的认同。郑斌说道：“现在 的市场确实是这样的，越来越细分，因此就要求企业清楚地知道自己的定位，并通过精准的定位，把这一范围内的服务做到极致，那仅这一块市场就够你做了。”新洲装饰正是通过对市场的细分，将目光瞄准了80、90后这样一群对新兴事物接受极快的年轻人群体，他们要的是装修的方便、快捷，简单、透明，因此爱空间恰好 符合了他们的胃口，而且在年轻人社群中迅速传播。\r\n　　整装成市场主流\r\n　　倒逼装饰行业服务日趋完善\r\n　　从去年开始，整装套餐公司开始陆续在云南市场上发力。首先是以生活家为代表的以平米计价的报价模式，给了传统装饰公司重要一击，之后随着千百炼、新洲装饰的入驻，让以前的老牌套餐公司感到“阵痛”，更强大的整合能力，将家具、家电也囊括其中，更低的报价。\r\n　　新洲装饰的进入，并未向原先业内同行们所担心的，对传统的装饰公司形成多大的冲击，反而深挖出了一部分原来在游击队手里的消费群体。“整装模式最大的 优势就是一条龙服务，拎包入住，而且相比于传统的套餐公司，连家具和家电的资源也整合进来，在价格相差不大的基础上，消费者肯定选择性价比更高的产品。” 催总说道。而且新洲装饰工厂价全包的模式，将各项主辅材的利润空间进一步压低，而是以量取胜，这在一定程度上也对传统的套餐公司形成了冲击。这就要求这些 套餐公司在原有的管理模式上进一步改变和提升，进一步完善服务体系，对消费者和市场发展来说，都是有利的。\r\n　　观察\r\n　　家居市场是否回暖还需观望\r\n　　上游房产市场的火热并不一定利好家居市场。从国家房地产开发景气指数与全国建材家居景气指数的趋势图来看，有时二者走向并不完全一致。如果买房是为了 自住，必然要装修买建材，从这方面看，全国建材家居景气指数更能反映出房地产刚性需求的强弱。在2010年，就出现了国家房地产开发景气指数上涨幅度高于 全国建材家居景气指数的情况，说明当时购房需求中投资需求比较多。当刚性需求占据购房需求“大头儿”时，才能说楼市火热对家居市场是利好消息。\r\n　　对于目前的市场，郑斌认为还不能马上在家装市场上反映出来，因为地产之于家居存在一定的滞后期，毕竟这种行情才刚开始，其中刚性需求占据多大比例还不清楚。家居企业也要对目前的楼市情况持谨慎的态度，避免做出错误判断。',NULL,NULL,NULL,1,NULL,'admin','2016-06-23 17:41:14','admin','2016-06-23 17:41:18'),(13,'2016年三月份家装市场正破冰回暖但仍需观望','行业资讯','admin','家装网',232,NULL,'互联网家装,家居','核心阅读： 2015年，家装行业风生水起，互联网家装受到资本的关注，众多互联网家装企业出现，抢占传统家装企业的市场份额；传统家装企业经过观察后，也奋起反击，推出适合互联网...\r\n　　2015年，家装行业风生水起，互联网家装受到资本的关注，众多互联网家装企业出现，抢占传统家装企业的市场份额；传统家装企业经过观察后，也奋起反击，推出适合互联网时代的装修套餐或进行企业转型，向互联网大市场征战。在经过一年的热闹及冷却以后，2016年开年，家装仍然是家居市场最受重视的一个行业。无论传统企业还是互联网家装，都憋足劲在2016年大干一场。\r\n　　根据以往的经验，每年开年都 是装修的旺季，目前昆明市场上的家装公司都在全力备战，纷纷推出节后第一个活动，以期吸引消费者的目光。例如刚刚过去的“3·15国际消费者权益保护日” 作为3月份最重要的日子，既是家装企业的促销节点，也是树立品牌形象的节点，目前家装公司也纷纷出招，提供让消费者满意的产品。\r\n　　家装预热 为旺季做准备\r\n　　每年的3月份都是传统的装修旺季，加上各种家居展会也准备开锣，而3·15也是行业内的大节点，据记者了解，2月中旬已经开工的家装公司和家具企业， 纷纷在为3月份的旺季和3·15准备，大部分企业的活动内容在紧张的筹备当中。例如，新洲装饰最早的活动就已于2月底呈现在消费者面前，所以今年春季准备 装修的消费者，可以开始关注各家装公司与家具企业的活动，特别是近期，大波的促销和服务内容将让消费者应接不暇。\r\n　　新洲装饰在2月底就推出了六重大礼，还有定金翻倍的活动；新洲装饰也适时推出了不少优惠活动。记者在新洲装饰的客户洽谈区就看到，很多正在洽淡下单的 客户。新洲装饰负责人王磊告诉记者，从新洲装饰入驻北京市场至今，其实无论平时还是节点，消费者上门咨询的情况都相差不大，只不过节点可能跟活动推出有 关，客流量会更多一些。此外，新洲装饰也进一步向整装进发，而新洲装饰也将迎来自己的18周年庆。\r\n　　家装企业深耕互联网\r\n　　2015年，互联网家装抢占了传统家装的市场份额，经过一年的思考，传统家装企业也开始转型互联网。在近期房地产市场渐热的情况下，2016家居市场也被寄予厚望。不论传统家装企业还是互联网家装公司，都在坚持线上线下两条路发展的策略，家装市场竞争日趋激烈。\r\n　　对于互联网家装来说，去年很多获得风投的互联网家装在今年处于赛道冲击阶段，结果可能会在今年见分晓，所以互联网家装今年都在加快速度进行最后一搏； 而对于传统家装公司来说，互联网是大趋势，传统家装公司都已经利用互联网的技术或工具，向互联网家装转型。\r\n　　对接风投 优胜劣汰\r\n　　新的一年，风投的风向备受家装行业的关注，去年全国有几十家互联网家装项目得到投资，今年风投应该会更谨慎，投资人也处于观望阶 段，对于这一点杨帆也表示赞同。他预计今年能得到风投的家装公司可能是去年的一半，甚至还不到。但对于互联网家装来说，今年的重点除了抢市场占有率、加强 细分化的特点外，融资速度也是不可或缺的。\r\n　　细分市场 潜力无限\r\n　　新洲装饰除了在互联网家装领域玩的风声水起外，还是一家非常有个性的家装公司。比如他们100平米以上的房子不装，别墅不装，大户型也不装，只做小户 型，而且从毛坯房到精装房只需要20天。有人提出了疑问，只做小户型或许适合北京、上海这样的一线城市，因为这样的地方确实小户型是主流，但在云南这样的 市场也吃得开吗？\r\n　　出乎意料的是，答案却是肯定的。“比如昆明市场上3月份的200单任务完成也非常有希望。”王磊告诉记者，“都说今年市场难做，但有一部分刚需是确实 存在的。比如年轻人结婚就得买房子、装修，我们就做这一部分年轻人的市场。”他的这一说法得到了昆明市建筑装饰行业协会会长郑斌的认同。郑斌说道：“现在 的市场确实是这样的，越来越细分，因此就要求企业清楚地知道自己的定位，并通过精准的定位，把这一范围内的服务做到极致，那仅这一块市场就够你做了。”新洲装饰正是通过对市场的细分，将目光瞄准了80、90后这样一群对新兴事物接受极快的年轻人群体，他们要的是装修的方便、快捷，简单、透明，因此爱空间恰好 符合了他们的胃口，而且在年轻人社群中迅速传播。\r\n　　整装成市场主流\r\n　　倒逼装饰行业服务日趋完善\r\n　　从去年开始，整装套餐公司开始陆续在云南市场上发力。首先是以生活家为代表的以平米计价的报价模式，给了传统装饰公司重要一击，之后随着千百炼、新洲装饰的入驻，让以前的老牌套餐公司感到“阵痛”，更强大的整合能力，将家具、家电也囊括其中，更低的报价。\r\n　　新洲装饰的进入，并未向原先业内同行们所担心的，对传统的装饰公司形成多大的冲击，反而深挖出了一部分原来在游击队手里的消费群体。“整装模式最大的 优势就是一条龙服务，拎包入住，而且相比于传统的套餐公司，连家具和家电的资源也整合进来，在价格相差不大的基础上，消费者肯定选择性价比更高的产品。” 催总说道。而且新洲装饰工厂价全包的模式，将各项主辅材的利润空间进一步压低，而是以量取胜，这在一定程度上也对传统的套餐公司形成了冲击。这就要求这些 套餐公司在原有的管理模式上进一步改变和提升，进一步完善服务体系，对消费者和市场发展来说，都是有利的。\r\n　　观察\r\n　　家居市场是否回暖还需观望\r\n　　上游房产市场的火热并不一定利好家居市场。从国家房地产开发景气指数与全国建材家居景气指数的趋势图来看，有时二者走向并不完全一致。如果买房是为了 自住，必然要装修买建材，从这方面看，全国建材家居景气指数更能反映出房地产刚性需求的强弱。在2010年，就出现了国家房地产开发景气指数上涨幅度高于 全国建材家居景气指数的情况，说明当时购房需求中投资需求比较多。当刚性需求占据购房需求“大头儿”时，才能说楼市火热对家居市场是利好消息。\r\n　　对于目前的市场，郑斌认为还不能马上在家装市场上反映出来，因为地产之于家居存在一定的滞后期，毕竟这种行情才刚开始，其中刚性需求占据多大比例还不清楚。家居企业也要对目前的楼市情况持谨慎的态度，避免做出错误判断。',NULL,NULL,NULL,1,NULL,'admin','2016-06-23 17:41:14','admin','2016-06-23 17:41:18'),(14,'2016年三月份家装市场正破冰回暖但仍需观望','行业资讯','admin','家装网',232,NULL,'互联网家装,家居','核心阅读： 2015年，家装行业风生水起，互联网家装受到资本的关注，众多互联网家装企业出现，抢占传统家装企业的市场份额；传统家装企业经过观察后，也奋起反击，推出适合互联网...\r\n　　2015年，家装行业风生水起，互联网家装受到资本的关注，众多互联网家装企业出现，抢占传统家装企业的市场份额；传统家装企业经过观察后，也奋起反击，推出适合互联网时代的装修套餐或进行企业转型，向互联网大市场征战。在经过一年的热闹及冷却以后，2016年开年，家装仍然是家居市场最受重视的一个行业。无论传统企业还是互联网家装，都憋足劲在2016年大干一场。\r\n　　根据以往的经验，每年开年都 是装修的旺季，目前昆明市场上的家装公司都在全力备战，纷纷推出节后第一个活动，以期吸引消费者的目光。例如刚刚过去的“3·15国际消费者权益保护日” 作为3月份最重要的日子，既是家装企业的促销节点，也是树立品牌形象的节点，目前家装公司也纷纷出招，提供让消费者满意的产品。\r\n　　家装预热 为旺季做准备\r\n　　每年的3月份都是传统的装修旺季，加上各种家居展会也准备开锣，而3·15也是行业内的大节点，据记者了解，2月中旬已经开工的家装公司和家具企业， 纷纷在为3月份的旺季和3·15准备，大部分企业的活动内容在紧张的筹备当中。例如，新洲装饰最早的活动就已于2月底呈现在消费者面前，所以今年春季准备 装修的消费者，可以开始关注各家装公司与家具企业的活动，特别是近期，大波的促销和服务内容将让消费者应接不暇。\r\n　　新洲装饰在2月底就推出了六重大礼，还有定金翻倍的活动；新洲装饰也适时推出了不少优惠活动。记者在新洲装饰的客户洽谈区就看到，很多正在洽淡下单的 客户。新洲装饰负责人王磊告诉记者，从新洲装饰入驻北京市场至今，其实无论平时还是节点，消费者上门咨询的情况都相差不大，只不过节点可能跟活动推出有 关，客流量会更多一些。此外，新洲装饰也进一步向整装进发，而新洲装饰也将迎来自己的18周年庆。\r\n　　家装企业深耕互联网\r\n　　2015年，互联网家装抢占了传统家装的市场份额，经过一年的思考，传统家装企业也开始转型互联网。在近期房地产市场渐热的情况下，2016家居市场也被寄予厚望。不论传统家装企业还是互联网家装公司，都在坚持线上线下两条路发展的策略，家装市场竞争日趋激烈。\r\n　　对于互联网家装来说，去年很多获得风投的互联网家装在今年处于赛道冲击阶段，结果可能会在今年见分晓，所以互联网家装今年都在加快速度进行最后一搏； 而对于传统家装公司来说，互联网是大趋势，传统家装公司都已经利用互联网的技术或工具，向互联网家装转型。\r\n　　对接风投 优胜劣汰\r\n　　新的一年，风投的风向备受家装行业的关注，去年全国有几十家互联网家装项目得到投资，今年风投应该会更谨慎，投资人也处于观望阶 段，对于这一点杨帆也表示赞同。他预计今年能得到风投的家装公司可能是去年的一半，甚至还不到。但对于互联网家装来说，今年的重点除了抢市场占有率、加强 细分化的特点外，融资速度也是不可或缺的。\r\n　　细分市场 潜力无限\r\n　　新洲装饰除了在互联网家装领域玩的风声水起外，还是一家非常有个性的家装公司。比如他们100平米以上的房子不装，别墅不装，大户型也不装，只做小户 型，而且从毛坯房到精装房只需要20天。有人提出了疑问，只做小户型或许适合北京、上海这样的一线城市，因为这样的地方确实小户型是主流，但在云南这样的 市场也吃得开吗？\r\n　　出乎意料的是，答案却是肯定的。“比如昆明市场上3月份的200单任务完成也非常有希望。”王磊告诉记者，“都说今年市场难做，但有一部分刚需是确实 存在的。比如年轻人结婚就得买房子、装修，我们就做这一部分年轻人的市场。”他的这一说法得到了昆明市建筑装饰行业协会会长郑斌的认同。郑斌说道：“现在 的市场确实是这样的，越来越细分，因此就要求企业清楚地知道自己的定位，并通过精准的定位，把这一范围内的服务做到极致，那仅这一块市场就够你做了。”新洲装饰正是通过对市场的细分，将目光瞄准了80、90后这样一群对新兴事物接受极快的年轻人群体，他们要的是装修的方便、快捷，简单、透明，因此爱空间恰好 符合了他们的胃口，而且在年轻人社群中迅速传播。\r\n　　整装成市场主流\r\n　　倒逼装饰行业服务日趋完善\r\n　　从去年开始，整装套餐公司开始陆续在云南市场上发力。首先是以生活家为代表的以平米计价的报价模式，给了传统装饰公司重要一击，之后随着千百炼、新洲装饰的入驻，让以前的老牌套餐公司感到“阵痛”，更强大的整合能力，将家具、家电也囊括其中，更低的报价。\r\n　　新洲装饰的进入，并未向原先业内同行们所担心的，对传统的装饰公司形成多大的冲击，反而深挖出了一部分原来在游击队手里的消费群体。“整装模式最大的 优势就是一条龙服务，拎包入住，而且相比于传统的套餐公司，连家具和家电的资源也整合进来，在价格相差不大的基础上，消费者肯定选择性价比更高的产品。” 催总说道。而且新洲装饰工厂价全包的模式，将各项主辅材的利润空间进一步压低，而是以量取胜，这在一定程度上也对传统的套餐公司形成了冲击。这就要求这些 套餐公司在原有的管理模式上进一步改变和提升，进一步完善服务体系，对消费者和市场发展来说，都是有利的。\r\n　　观察\r\n　　家居市场是否回暖还需观望\r\n　　上游房产市场的火热并不一定利好家居市场。从国家房地产开发景气指数与全国建材家居景气指数的趋势图来看，有时二者走向并不完全一致。如果买房是为了 自住，必然要装修买建材，从这方面看，全国建材家居景气指数更能反映出房地产刚性需求的强弱。在2010年，就出现了国家房地产开发景气指数上涨幅度高于 全国建材家居景气指数的情况，说明当时购房需求中投资需求比较多。当刚性需求占据购房需求“大头儿”时，才能说楼市火热对家居市场是利好消息。\r\n　　对于目前的市场，郑斌认为还不能马上在家装市场上反映出来，因为地产之于家居存在一定的滞后期，毕竟这种行情才刚开始，其中刚性需求占据多大比例还不清楚。家居企业也要对目前的楼市情况持谨慎的态度，避免做出错误判断。',NULL,NULL,NULL,1,NULL,'admin','2016-06-23 17:41:14','admin','2016-06-23 17:41:18'),(15,'2016年三月份家装市场正破冰回暖但仍需观望','行业资讯','admin','家装网',232,NULL,'互联网家装,家居','核心阅读： 2015年，家装行业风生水起，互联网家装受到资本的关注，众多互联网家装企业出现，抢占传统家装企业的市场份额；传统家装企业经过观察后，也奋起反击，推出适合互联网...\r\n　　2015年，家装行业风生水起，互联网家装受到资本的关注，众多互联网家装企业出现，抢占传统家装企业的市场份额；传统家装企业经过观察后，也奋起反击，推出适合互联网时代的装修套餐或进行企业转型，向互联网大市场征战。在经过一年的热闹及冷却以后，2016年开年，家装仍然是家居市场最受重视的一个行业。无论传统企业还是互联网家装，都憋足劲在2016年大干一场。\r\n　　根据以往的经验，每年开年都 是装修的旺季，目前昆明市场上的家装公司都在全力备战，纷纷推出节后第一个活动，以期吸引消费者的目光。例如刚刚过去的“3·15国际消费者权益保护日” 作为3月份最重要的日子，既是家装企业的促销节点，也是树立品牌形象的节点，目前家装公司也纷纷出招，提供让消费者满意的产品。\r\n　　家装预热 为旺季做准备\r\n　　每年的3月份都是传统的装修旺季，加上各种家居展会也准备开锣，而3·15也是行业内的大节点，据记者了解，2月中旬已经开工的家装公司和家具企业， 纷纷在为3月份的旺季和3·15准备，大部分企业的活动内容在紧张的筹备当中。例如，新洲装饰最早的活动就已于2月底呈现在消费者面前，所以今年春季准备 装修的消费者，可以开始关注各家装公司与家具企业的活动，特别是近期，大波的促销和服务内容将让消费者应接不暇。\r\n　　新洲装饰在2月底就推出了六重大礼，还有定金翻倍的活动；新洲装饰也适时推出了不少优惠活动。记者在新洲装饰的客户洽谈区就看到，很多正在洽淡下单的 客户。新洲装饰负责人王磊告诉记者，从新洲装饰入驻北京市场至今，其实无论平时还是节点，消费者上门咨询的情况都相差不大，只不过节点可能跟活动推出有 关，客流量会更多一些。此外，新洲装饰也进一步向整装进发，而新洲装饰也将迎来自己的18周年庆。\r\n　　家装企业深耕互联网\r\n　　2015年，互联网家装抢占了传统家装的市场份额，经过一年的思考，传统家装企业也开始转型互联网。在近期房地产市场渐热的情况下，2016家居市场也被寄予厚望。不论传统家装企业还是互联网家装公司，都在坚持线上线下两条路发展的策略，家装市场竞争日趋激烈。\r\n　　对于互联网家装来说，去年很多获得风投的互联网家装在今年处于赛道冲击阶段，结果可能会在今年见分晓，所以互联网家装今年都在加快速度进行最后一搏； 而对于传统家装公司来说，互联网是大趋势，传统家装公司都已经利用互联网的技术或工具，向互联网家装转型。\r\n　　对接风投 优胜劣汰\r\n　　新的一年，风投的风向备受家装行业的关注，去年全国有几十家互联网家装项目得到投资，今年风投应该会更谨慎，投资人也处于观望阶 段，对于这一点杨帆也表示赞同。他预计今年能得到风投的家装公司可能是去年的一半，甚至还不到。但对于互联网家装来说，今年的重点除了抢市场占有率、加强 细分化的特点外，融资速度也是不可或缺的。\r\n　　细分市场 潜力无限\r\n　　新洲装饰除了在互联网家装领域玩的风声水起外，还是一家非常有个性的家装公司。比如他们100平米以上的房子不装，别墅不装，大户型也不装，只做小户 型，而且从毛坯房到精装房只需要20天。有人提出了疑问，只做小户型或许适合北京、上海这样的一线城市，因为这样的地方确实小户型是主流，但在云南这样的 市场也吃得开吗？\r\n　　出乎意料的是，答案却是肯定的。“比如昆明市场上3月份的200单任务完成也非常有希望。”王磊告诉记者，“都说今年市场难做，但有一部分刚需是确实 存在的。比如年轻人结婚就得买房子、装修，我们就做这一部分年轻人的市场。”他的这一说法得到了昆明市建筑装饰行业协会会长郑斌的认同。郑斌说道：“现在 的市场确实是这样的，越来越细分，因此就要求企业清楚地知道自己的定位，并通过精准的定位，把这一范围内的服务做到极致，那仅这一块市场就够你做了。”新洲装饰正是通过对市场的细分，将目光瞄准了80、90后这样一群对新兴事物接受极快的年轻人群体，他们要的是装修的方便、快捷，简单、透明，因此爱空间恰好 符合了他们的胃口，而且在年轻人社群中迅速传播。\r\n　　整装成市场主流\r\n　　倒逼装饰行业服务日趋完善\r\n　　从去年开始，整装套餐公司开始陆续在云南市场上发力。首先是以生活家为代表的以平米计价的报价模式，给了传统装饰公司重要一击，之后随着千百炼、新洲装饰的入驻，让以前的老牌套餐公司感到“阵痛”，更强大的整合能力，将家具、家电也囊括其中，更低的报价。\r\n　　新洲装饰的进入，并未向原先业内同行们所担心的，对传统的装饰公司形成多大的冲击，反而深挖出了一部分原来在游击队手里的消费群体。“整装模式最大的 优势就是一条龙服务，拎包入住，而且相比于传统的套餐公司，连家具和家电的资源也整合进来，在价格相差不大的基础上，消费者肯定选择性价比更高的产品。” 催总说道。而且新洲装饰工厂价全包的模式，将各项主辅材的利润空间进一步压低，而是以量取胜，这在一定程度上也对传统的套餐公司形成了冲击。这就要求这些 套餐公司在原有的管理模式上进一步改变和提升，进一步完善服务体系，对消费者和市场发展来说，都是有利的。\r\n　　观察\r\n　　家居市场是否回暖还需观望\r\n　　上游房产市场的火热并不一定利好家居市场。从国家房地产开发景气指数与全国建材家居景气指数的趋势图来看，有时二者走向并不完全一致。如果买房是为了 自住，必然要装修买建材，从这方面看，全国建材家居景气指数更能反映出房地产刚性需求的强弱。在2010年，就出现了国家房地产开发景气指数上涨幅度高于 全国建材家居景气指数的情况，说明当时购房需求中投资需求比较多。当刚性需求占据购房需求“大头儿”时，才能说楼市火热对家居市场是利好消息。\r\n　　对于目前的市场，郑斌认为还不能马上在家装市场上反映出来，因为地产之于家居存在一定的滞后期，毕竟这种行情才刚开始，其中刚性需求占据多大比例还不清楚。家居企业也要对目前的楼市情况持谨慎的态度，避免做出错误判断。',NULL,NULL,NULL,1,NULL,'admin','2016-06-23 17:41:14','admin','2016-06-23 17:41:18'),(16,'2016年三月份家装市场正破冰回暖但仍需观望','行业资讯','admin','家装网',232,NULL,'互联网家装,家居','核心阅读： 2015年，家装行业风生水起，互联网家装受到资本的关注，众多互联网家装企业出现，抢占传统家装企业的市场份额；传统家装企业经过观察后，也奋起反击，推出适合互联网...\r\n　　2015年，家装行业风生水起，互联网家装受到资本的关注，众多互联网家装企业出现，抢占传统家装企业的市场份额；传统家装企业经过观察后，也奋起反击，推出适合互联网时代的装修套餐或进行企业转型，向互联网大市场征战。在经过一年的热闹及冷却以后，2016年开年，家装仍然是家居市场最受重视的一个行业。无论传统企业还是互联网家装，都憋足劲在2016年大干一场。\r\n　　根据以往的经验，每年开年都 是装修的旺季，目前昆明市场上的家装公司都在全力备战，纷纷推出节后第一个活动，以期吸引消费者的目光。例如刚刚过去的“3·15国际消费者权益保护日” 作为3月份最重要的日子，既是家装企业的促销节点，也是树立品牌形象的节点，目前家装公司也纷纷出招，提供让消费者满意的产品。\r\n　　家装预热 为旺季做准备\r\n　　每年的3月份都是传统的装修旺季，加上各种家居展会也准备开锣，而3·15也是行业内的大节点，据记者了解，2月中旬已经开工的家装公司和家具企业， 纷纷在为3月份的旺季和3·15准备，大部分企业的活动内容在紧张的筹备当中。例如，新洲装饰最早的活动就已于2月底呈现在消费者面前，所以今年春季准备 装修的消费者，可以开始关注各家装公司与家具企业的活动，特别是近期，大波的促销和服务内容将让消费者应接不暇。\r\n　　新洲装饰在2月底就推出了六重大礼，还有定金翻倍的活动；新洲装饰也适时推出了不少优惠活动。记者在新洲装饰的客户洽谈区就看到，很多正在洽淡下单的 客户。新洲装饰负责人王磊告诉记者，从新洲装饰入驻北京市场至今，其实无论平时还是节点，消费者上门咨询的情况都相差不大，只不过节点可能跟活动推出有 关，客流量会更多一些。此外，新洲装饰也进一步向整装进发，而新洲装饰也将迎来自己的18周年庆。\r\n　　家装企业深耕互联网\r\n　　2015年，互联网家装抢占了传统家装的市场份额，经过一年的思考，传统家装企业也开始转型互联网。在近期房地产市场渐热的情况下，2016家居市场也被寄予厚望。不论传统家装企业还是互联网家装公司，都在坚持线上线下两条路发展的策略，家装市场竞争日趋激烈。\r\n　　对于互联网家装来说，去年很多获得风投的互联网家装在今年处于赛道冲击阶段，结果可能会在今年见分晓，所以互联网家装今年都在加快速度进行最后一搏； 而对于传统家装公司来说，互联网是大趋势，传统家装公司都已经利用互联网的技术或工具，向互联网家装转型。\r\n　　对接风投 优胜劣汰\r\n　　新的一年，风投的风向备受家装行业的关注，去年全国有几十家互联网家装项目得到投资，今年风投应该会更谨慎，投资人也处于观望阶 段，对于这一点杨帆也表示赞同。他预计今年能得到风投的家装公司可能是去年的一半，甚至还不到。但对于互联网家装来说，今年的重点除了抢市场占有率、加强 细分化的特点外，融资速度也是不可或缺的。\r\n　　细分市场 潜力无限\r\n　　新洲装饰除了在互联网家装领域玩的风声水起外，还是一家非常有个性的家装公司。比如他们100平米以上的房子不装，别墅不装，大户型也不装，只做小户 型，而且从毛坯房到精装房只需要20天。有人提出了疑问，只做小户型或许适合北京、上海这样的一线城市，因为这样的地方确实小户型是主流，但在云南这样的 市场也吃得开吗？\r\n　　出乎意料的是，答案却是肯定的。“比如昆明市场上3月份的200单任务完成也非常有希望。”王磊告诉记者，“都说今年市场难做，但有一部分刚需是确实 存在的。比如年轻人结婚就得买房子、装修，我们就做这一部分年轻人的市场。”他的这一说法得到了昆明市建筑装饰行业协会会长郑斌的认同。郑斌说道：“现在 的市场确实是这样的，越来越细分，因此就要求企业清楚地知道自己的定位，并通过精准的定位，把这一范围内的服务做到极致，那仅这一块市场就够你做了。”新洲装饰正是通过对市场的细分，将目光瞄准了80、90后这样一群对新兴事物接受极快的年轻人群体，他们要的是装修的方便、快捷，简单、透明，因此爱空间恰好 符合了他们的胃口，而且在年轻人社群中迅速传播。\r\n　　整装成市场主流\r\n　　倒逼装饰行业服务日趋完善\r\n　　从去年开始，整装套餐公司开始陆续在云南市场上发力。首先是以生活家为代表的以平米计价的报价模式，给了传统装饰公司重要一击，之后随着千百炼、新洲装饰的入驻，让以前的老牌套餐公司感到“阵痛”，更强大的整合能力，将家具、家电也囊括其中，更低的报价。\r\n　　新洲装饰的进入，并未向原先业内同行们所担心的，对传统的装饰公司形成多大的冲击，反而深挖出了一部分原来在游击队手里的消费群体。“整装模式最大的 优势就是一条龙服务，拎包入住，而且相比于传统的套餐公司，连家具和家电的资源也整合进来，在价格相差不大的基础上，消费者肯定选择性价比更高的产品。” 催总说道。而且新洲装饰工厂价全包的模式，将各项主辅材的利润空间进一步压低，而是以量取胜，这在一定程度上也对传统的套餐公司形成了冲击。这就要求这些 套餐公司在原有的管理模式上进一步改变和提升，进一步完善服务体系，对消费者和市场发展来说，都是有利的。\r\n　　观察\r\n　　家居市场是否回暖还需观望\r\n　　上游房产市场的火热并不一定利好家居市场。从国家房地产开发景气指数与全国建材家居景气指数的趋势图来看，有时二者走向并不完全一致。如果买房是为了 自住，必然要装修买建材，从这方面看，全国建材家居景气指数更能反映出房地产刚性需求的强弱。在2010年，就出现了国家房地产开发景气指数上涨幅度高于 全国建材家居景气指数的情况，说明当时购房需求中投资需求比较多。当刚性需求占据购房需求“大头儿”时，才能说楼市火热对家居市场是利好消息。\r\n　　对于目前的市场，郑斌认为还不能马上在家装市场上反映出来，因为地产之于家居存在一定的滞后期，毕竟这种行情才刚开始，其中刚性需求占据多大比例还不清楚。家居企业也要对目前的楼市情况持谨慎的态度，避免做出错误判断。',NULL,NULL,NULL,1,NULL,'admin','2016-06-23 17:41:14','admin','2016-06-23 17:41:18'),(17,'2016年三月份家装市场正破冰回暖但仍需观望','行业资讯','admin','家装网',232,NULL,'互联网家装,家居','核心阅读： 2015年，家装行业风生水起，互联网家装受到资本的关注，众多互联网家装企业出现，抢占传统家装企业的市场份额；传统家装企业经过观察后，也奋起反击，推出适合互联网...\r\n　　2015年，家装行业风生水起，互联网家装受到资本的关注，众多互联网家装企业出现，抢占传统家装企业的市场份额；传统家装企业经过观察后，也奋起反击，推出适合互联网时代的装修套餐或进行企业转型，向互联网大市场征战。在经过一年的热闹及冷却以后，2016年开年，家装仍然是家居市场最受重视的一个行业。无论传统企业还是互联网家装，都憋足劲在2016年大干一场。\r\n　　根据以往的经验，每年开年都 是装修的旺季，目前昆明市场上的家装公司都在全力备战，纷纷推出节后第一个活动，以期吸引消费者的目光。例如刚刚过去的“3·15国际消费者权益保护日” 作为3月份最重要的日子，既是家装企业的促销节点，也是树立品牌形象的节点，目前家装公司也纷纷出招，提供让消费者满意的产品。\r\n　　家装预热 为旺季做准备\r\n　　每年的3月份都是传统的装修旺季，加上各种家居展会也准备开锣，而3·15也是行业内的大节点，据记者了解，2月中旬已经开工的家装公司和家具企业， 纷纷在为3月份的旺季和3·15准备，大部分企业的活动内容在紧张的筹备当中。例如，新洲装饰最早的活动就已于2月底呈现在消费者面前，所以今年春季准备 装修的消费者，可以开始关注各家装公司与家具企业的活动，特别是近期，大波的促销和服务内容将让消费者应接不暇。\r\n　　新洲装饰在2月底就推出了六重大礼，还有定金翻倍的活动；新洲装饰也适时推出了不少优惠活动。记者在新洲装饰的客户洽谈区就看到，很多正在洽淡下单的 客户。新洲装饰负责人王磊告诉记者，从新洲装饰入驻北京市场至今，其实无论平时还是节点，消费者上门咨询的情况都相差不大，只不过节点可能跟活动推出有 关，客流量会更多一些。此外，新洲装饰也进一步向整装进发，而新洲装饰也将迎来自己的18周年庆。\r\n　　家装企业深耕互联网\r\n　　2015年，互联网家装抢占了传统家装的市场份额，经过一年的思考，传统家装企业也开始转型互联网。在近期房地产市场渐热的情况下，2016家居市场也被寄予厚望。不论传统家装企业还是互联网家装公司，都在坚持线上线下两条路发展的策略，家装市场竞争日趋激烈。\r\n　　对于互联网家装来说，去年很多获得风投的互联网家装在今年处于赛道冲击阶段，结果可能会在今年见分晓，所以互联网家装今年都在加快速度进行最后一搏； 而对于传统家装公司来说，互联网是大趋势，传统家装公司都已经利用互联网的技术或工具，向互联网家装转型。\r\n　　对接风投 优胜劣汰\r\n　　新的一年，风投的风向备受家装行业的关注，去年全国有几十家互联网家装项目得到投资，今年风投应该会更谨慎，投资人也处于观望阶 段，对于这一点杨帆也表示赞同。他预计今年能得到风投的家装公司可能是去年的一半，甚至还不到。但对于互联网家装来说，今年的重点除了抢市场占有率、加强 细分化的特点外，融资速度也是不可或缺的。\r\n　　细分市场 潜力无限\r\n　　新洲装饰除了在互联网家装领域玩的风声水起外，还是一家非常有个性的家装公司。比如他们100平米以上的房子不装，别墅不装，大户型也不装，只做小户 型，而且从毛坯房到精装房只需要20天。有人提出了疑问，只做小户型或许适合北京、上海这样的一线城市，因为这样的地方确实小户型是主流，但在云南这样的 市场也吃得开吗？\r\n　　出乎意料的是，答案却是肯定的。“比如昆明市场上3月份的200单任务完成也非常有希望。”王磊告诉记者，“都说今年市场难做，但有一部分刚需是确实 存在的。比如年轻人结婚就得买房子、装修，我们就做这一部分年轻人的市场。”他的这一说法得到了昆明市建筑装饰行业协会会长郑斌的认同。郑斌说道：“现在 的市场确实是这样的，越来越细分，因此就要求企业清楚地知道自己的定位，并通过精准的定位，把这一范围内的服务做到极致，那仅这一块市场就够你做了。”新洲装饰正是通过对市场的细分，将目光瞄准了80、90后这样一群对新兴事物接受极快的年轻人群体，他们要的是装修的方便、快捷，简单、透明，因此爱空间恰好 符合了他们的胃口，而且在年轻人社群中迅速传播。\r\n　　整装成市场主流\r\n　　倒逼装饰行业服务日趋完善\r\n　　从去年开始，整装套餐公司开始陆续在云南市场上发力。首先是以生活家为代表的以平米计价的报价模式，给了传统装饰公司重要一击，之后随着千百炼、新洲装饰的入驻，让以前的老牌套餐公司感到“阵痛”，更强大的整合能力，将家具、家电也囊括其中，更低的报价。\r\n　　新洲装饰的进入，并未向原先业内同行们所担心的，对传统的装饰公司形成多大的冲击，反而深挖出了一部分原来在游击队手里的消费群体。“整装模式最大的 优势就是一条龙服务，拎包入住，而且相比于传统的套餐公司，连家具和家电的资源也整合进来，在价格相差不大的基础上，消费者肯定选择性价比更高的产品。” 催总说道。而且新洲装饰工厂价全包的模式，将各项主辅材的利润空间进一步压低，而是以量取胜，这在一定程度上也对传统的套餐公司形成了冲击。这就要求这些 套餐公司在原有的管理模式上进一步改变和提升，进一步完善服务体系，对消费者和市场发展来说，都是有利的。\r\n　　观察\r\n　　家居市场是否回暖还需观望\r\n　　上游房产市场的火热并不一定利好家居市场。从国家房地产开发景气指数与全国建材家居景气指数的趋势图来看，有时二者走向并不完全一致。如果买房是为了 自住，必然要装修买建材，从这方面看，全国建材家居景气指数更能反映出房地产刚性需求的强弱。在2010年，就出现了国家房地产开发景气指数上涨幅度高于 全国建材家居景气指数的情况，说明当时购房需求中投资需求比较多。当刚性需求占据购房需求“大头儿”时，才能说楼市火热对家居市场是利好消息。\r\n　　对于目前的市场，郑斌认为还不能马上在家装市场上反映出来，因为地产之于家居存在一定的滞后期，毕竟这种行情才刚开始，其中刚性需求占据多大比例还不清楚。家居企业也要对目前的楼市情况持谨慎的态度，避免做出错误判断。',NULL,NULL,NULL,1,NULL,'admin','2016-06-23 17:41:14','admin','2016-06-23 17:41:18'),(18,'2016年三月份家装市场正破冰回暖但仍需观望','行业资讯','admin','家装网',232,NULL,'互联网家装,家居','核心阅读： 2015年，家装行业风生水起，互联网家装受到资本的关注，众多互联网家装企业出现，抢占传统家装企业的市场份额；传统家装企业经过观察后，也奋起反击，推出适合互联网...\r\n　　2015年，家装行业风生水起，互联网家装受到资本的关注，众多互联网家装企业出现，抢占传统家装企业的市场份额；传统家装企业经过观察后，也奋起反击，推出适合互联网时代的装修套餐或进行企业转型，向互联网大市场征战。在经过一年的热闹及冷却以后，2016年开年，家装仍然是家居市场最受重视的一个行业。无论传统企业还是互联网家装，都憋足劲在2016年大干一场。\r\n　　根据以往的经验，每年开年都 是装修的旺季，目前昆明市场上的家装公司都在全力备战，纷纷推出节后第一个活动，以期吸引消费者的目光。例如刚刚过去的“3·15国际消费者权益保护日” 作为3月份最重要的日子，既是家装企业的促销节点，也是树立品牌形象的节点，目前家装公司也纷纷出招，提供让消费者满意的产品。\r\n　　家装预热 为旺季做准备\r\n　　每年的3月份都是传统的装修旺季，加上各种家居展会也准备开锣，而3·15也是行业内的大节点，据记者了解，2月中旬已经开工的家装公司和家具企业， 纷纷在为3月份的旺季和3·15准备，大部分企业的活动内容在紧张的筹备当中。例如，新洲装饰最早的活动就已于2月底呈现在消费者面前，所以今年春季准备 装修的消费者，可以开始关注各家装公司与家具企业的活动，特别是近期，大波的促销和服务内容将让消费者应接不暇。\r\n　　新洲装饰在2月底就推出了六重大礼，还有定金翻倍的活动；新洲装饰也适时推出了不少优惠活动。记者在新洲装饰的客户洽谈区就看到，很多正在洽淡下单的 客户。新洲装饰负责人王磊告诉记者，从新洲装饰入驻北京市场至今，其实无论平时还是节点，消费者上门咨询的情况都相差不大，只不过节点可能跟活动推出有 关，客流量会更多一些。此外，新洲装饰也进一步向整装进发，而新洲装饰也将迎来自己的18周年庆。\r\n　　家装企业深耕互联网\r\n　　2015年，互联网家装抢占了传统家装的市场份额，经过一年的思考，传统家装企业也开始转型互联网。在近期房地产市场渐热的情况下，2016家居市场也被寄予厚望。不论传统家装企业还是互联网家装公司，都在坚持线上线下两条路发展的策略，家装市场竞争日趋激烈。\r\n　　对于互联网家装来说，去年很多获得风投的互联网家装在今年处于赛道冲击阶段，结果可能会在今年见分晓，所以互联网家装今年都在加快速度进行最后一搏； 而对于传统家装公司来说，互联网是大趋势，传统家装公司都已经利用互联网的技术或工具，向互联网家装转型。\r\n　　对接风投 优胜劣汰\r\n　　新的一年，风投的风向备受家装行业的关注，去年全国有几十家互联网家装项目得到投资，今年风投应该会更谨慎，投资人也处于观望阶 段，对于这一点杨帆也表示赞同。他预计今年能得到风投的家装公司可能是去年的一半，甚至还不到。但对于互联网家装来说，今年的重点除了抢市场占有率、加强 细分化的特点外，融资速度也是不可或缺的。\r\n　　细分市场 潜力无限\r\n　　新洲装饰除了在互联网家装领域玩的风声水起外，还是一家非常有个性的家装公司。比如他们100平米以上的房子不装，别墅不装，大户型也不装，只做小户 型，而且从毛坯房到精装房只需要20天。有人提出了疑问，只做小户型或许适合北京、上海这样的一线城市，因为这样的地方确实小户型是主流，但在云南这样的 市场也吃得开吗？\r\n　　出乎意料的是，答案却是肯定的。“比如昆明市场上3月份的200单任务完成也非常有希望。”王磊告诉记者，“都说今年市场难做，但有一部分刚需是确实 存在的。比如年轻人结婚就得买房子、装修，我们就做这一部分年轻人的市场。”他的这一说法得到了昆明市建筑装饰行业协会会长郑斌的认同。郑斌说道：“现在 的市场确实是这样的，越来越细分，因此就要求企业清楚地知道自己的定位，并通过精准的定位，把这一范围内的服务做到极致，那仅这一块市场就够你做了。”新洲装饰正是通过对市场的细分，将目光瞄准了80、90后这样一群对新兴事物接受极快的年轻人群体，他们要的是装修的方便、快捷，简单、透明，因此爱空间恰好 符合了他们的胃口，而且在年轻人社群中迅速传播。\r\n　　整装成市场主流\r\n　　倒逼装饰行业服务日趋完善\r\n　　从去年开始，整装套餐公司开始陆续在云南市场上发力。首先是以生活家为代表的以平米计价的报价模式，给了传统装饰公司重要一击，之后随着千百炼、新洲装饰的入驻，让以前的老牌套餐公司感到“阵痛”，更强大的整合能力，将家具、家电也囊括其中，更低的报价。\r\n　　新洲装饰的进入，并未向原先业内同行们所担心的，对传统的装饰公司形成多大的冲击，反而深挖出了一部分原来在游击队手里的消费群体。“整装模式最大的 优势就是一条龙服务，拎包入住，而且相比于传统的套餐公司，连家具和家电的资源也整合进来，在价格相差不大的基础上，消费者肯定选择性价比更高的产品。” 催总说道。而且新洲装饰工厂价全包的模式，将各项主辅材的利润空间进一步压低，而是以量取胜，这在一定程度上也对传统的套餐公司形成了冲击。这就要求这些 套餐公司在原有的管理模式上进一步改变和提升，进一步完善服务体系，对消费者和市场发展来说，都是有利的。\r\n　　观察\r\n　　家居市场是否回暖还需观望\r\n　　上游房产市场的火热并不一定利好家居市场。从国家房地产开发景气指数与全国建材家居景气指数的趋势图来看，有时二者走向并不完全一致。如果买房是为了 自住，必然要装修买建材，从这方面看，全国建材家居景气指数更能反映出房地产刚性需求的强弱。在2010年，就出现了国家房地产开发景气指数上涨幅度高于 全国建材家居景气指数的情况，说明当时购房需求中投资需求比较多。当刚性需求占据购房需求“大头儿”时，才能说楼市火热对家居市场是利好消息。\r\n　　对于目前的市场，郑斌认为还不能马上在家装市场上反映出来，因为地产之于家居存在一定的滞后期，毕竟这种行情才刚开始，其中刚性需求占据多大比例还不清楚。家居企业也要对目前的楼市情况持谨慎的态度，避免做出错误判断。',NULL,NULL,NULL,1,NULL,'admin','2016-06-23 17:41:14','admin','2016-06-23 17:41:18'),(19,'2016年三月份家装市场正破冰回暖但仍需观望','行业资讯','admin','家装网',232,NULL,'互联网家装,家居','核心阅读： 2015年，家装行业风生水起，互联网家装受到资本的关注，众多互联网家装企业出现，抢占传统家装企业的市场份额；传统家装企业经过观察后，也奋起反击，推出适合互联网...\r\n　　2015年，家装行业风生水起，互联网家装受到资本的关注，众多互联网家装企业出现，抢占传统家装企业的市场份额；传统家装企业经过观察后，也奋起反击，推出适合互联网时代的装修套餐或进行企业转型，向互联网大市场征战。在经过一年的热闹及冷却以后，2016年开年，家装仍然是家居市场最受重视的一个行业。无论传统企业还是互联网家装，都憋足劲在2016年大干一场。\r\n　　根据以往的经验，每年开年都 是装修的旺季，目前昆明市场上的家装公司都在全力备战，纷纷推出节后第一个活动，以期吸引消费者的目光。例如刚刚过去的“3·15国际消费者权益保护日” 作为3月份最重要的日子，既是家装企业的促销节点，也是树立品牌形象的节点，目前家装公司也纷纷出招，提供让消费者满意的产品。\r\n　　家装预热 为旺季做准备\r\n　　每年的3月份都是传统的装修旺季，加上各种家居展会也准备开锣，而3·15也是行业内的大节点，据记者了解，2月中旬已经开工的家装公司和家具企业， 纷纷在为3月份的旺季和3·15准备，大部分企业的活动内容在紧张的筹备当中。例如，新洲装饰最早的活动就已于2月底呈现在消费者面前，所以今年春季准备 装修的消费者，可以开始关注各家装公司与家具企业的活动，特别是近期，大波的促销和服务内容将让消费者应接不暇。\r\n　　新洲装饰在2月底就推出了六重大礼，还有定金翻倍的活动；新洲装饰也适时推出了不少优惠活动。记者在新洲装饰的客户洽谈区就看到，很多正在洽淡下单的 客户。新洲装饰负责人王磊告诉记者，从新洲装饰入驻北京市场至今，其实无论平时还是节点，消费者上门咨询的情况都相差不大，只不过节点可能跟活动推出有 关，客流量会更多一些。此外，新洲装饰也进一步向整装进发，而新洲装饰也将迎来自己的18周年庆。\r\n　　家装企业深耕互联网\r\n　　2015年，互联网家装抢占了传统家装的市场份额，经过一年的思考，传统家装企业也开始转型互联网。在近期房地产市场渐热的情况下，2016家居市场也被寄予厚望。不论传统家装企业还是互联网家装公司，都在坚持线上线下两条路发展的策略，家装市场竞争日趋激烈。\r\n　　对于互联网家装来说，去年很多获得风投的互联网家装在今年处于赛道冲击阶段，结果可能会在今年见分晓，所以互联网家装今年都在加快速度进行最后一搏； 而对于传统家装公司来说，互联网是大趋势，传统家装公司都已经利用互联网的技术或工具，向互联网家装转型。\r\n　　对接风投 优胜劣汰\r\n　　新的一年，风投的风向备受家装行业的关注，去年全国有几十家互联网家装项目得到投资，今年风投应该会更谨慎，投资人也处于观望阶 段，对于这一点杨帆也表示赞同。他预计今年能得到风投的家装公司可能是去年的一半，甚至还不到。但对于互联网家装来说，今年的重点除了抢市场占有率、加强 细分化的特点外，融资速度也是不可或缺的。\r\n　　细分市场 潜力无限\r\n　　新洲装饰除了在互联网家装领域玩的风声水起外，还是一家非常有个性的家装公司。比如他们100平米以上的房子不装，别墅不装，大户型也不装，只做小户 型，而且从毛坯房到精装房只需要20天。有人提出了疑问，只做小户型或许适合北京、上海这样的一线城市，因为这样的地方确实小户型是主流，但在云南这样的 市场也吃得开吗？\r\n　　出乎意料的是，答案却是肯定的。“比如昆明市场上3月份的200单任务完成也非常有希望。”王磊告诉记者，“都说今年市场难做，但有一部分刚需是确实 存在的。比如年轻人结婚就得买房子、装修，我们就做这一部分年轻人的市场。”他的这一说法得到了昆明市建筑装饰行业协会会长郑斌的认同。郑斌说道：“现在 的市场确实是这样的，越来越细分，因此就要求企业清楚地知道自己的定位，并通过精准的定位，把这一范围内的服务做到极致，那仅这一块市场就够你做了。”新洲装饰正是通过对市场的细分，将目光瞄准了80、90后这样一群对新兴事物接受极快的年轻人群体，他们要的是装修的方便、快捷，简单、透明，因此爱空间恰好 符合了他们的胃口，而且在年轻人社群中迅速传播。\r\n　　整装成市场主流\r\n　　倒逼装饰行业服务日趋完善\r\n　　从去年开始，整装套餐公司开始陆续在云南市场上发力。首先是以生活家为代表的以平米计价的报价模式，给了传统装饰公司重要一击，之后随着千百炼、新洲装饰的入驻，让以前的老牌套餐公司感到“阵痛”，更强大的整合能力，将家具、家电也囊括其中，更低的报价。\r\n　　新洲装饰的进入，并未向原先业内同行们所担心的，对传统的装饰公司形成多大的冲击，反而深挖出了一部分原来在游击队手里的消费群体。“整装模式最大的 优势就是一条龙服务，拎包入住，而且相比于传统的套餐公司，连家具和家电的资源也整合进来，在价格相差不大的基础上，消费者肯定选择性价比更高的产品。” 催总说道。而且新洲装饰工厂价全包的模式，将各项主辅材的利润空间进一步压低，而是以量取胜，这在一定程度上也对传统的套餐公司形成了冲击。这就要求这些 套餐公司在原有的管理模式上进一步改变和提升，进一步完善服务体系，对消费者和市场发展来说，都是有利的。\r\n　　观察\r\n　　家居市场是否回暖还需观望\r\n　　上游房产市场的火热并不一定利好家居市场。从国家房地产开发景气指数与全国建材家居景气指数的趋势图来看，有时二者走向并不完全一致。如果买房是为了 自住，必然要装修买建材，从这方面看，全国建材家居景气指数更能反映出房地产刚性需求的强弱。在2010年，就出现了国家房地产开发景气指数上涨幅度高于 全国建材家居景气指数的情况，说明当时购房需求中投资需求比较多。当刚性需求占据购房需求“大头儿”时，才能说楼市火热对家居市场是利好消息。\r\n　　对于目前的市场，郑斌认为还不能马上在家装市场上反映出来，因为地产之于家居存在一定的滞后期，毕竟这种行情才刚开始，其中刚性需求占据多大比例还不清楚。家居企业也要对目前的楼市情况持谨慎的态度，避免做出错误判断。',NULL,NULL,NULL,1,NULL,'admin','2016-06-23 17:41:14','admin','2016-06-23 17:41:18'),(20,'2016年三月份家装市场正破冰回暖但仍需观望','行业资讯','admin','家装网',232,NULL,'互联网家装,家居','核心阅读： 2015年，家装行业风生水起，互联网家装受到资本的关注，众多互联网家装企业出现，抢占传统家装企业的市场份额；传统家装企业经过观察后，也奋起反击，推出适合互联网...\r\n　　2015年，家装行业风生水起，互联网家装受到资本的关注，众多互联网家装企业出现，抢占传统家装企业的市场份额；传统家装企业经过观察后，也奋起反击，推出适合互联网时代的装修套餐或进行企业转型，向互联网大市场征战。在经过一年的热闹及冷却以后，2016年开年，家装仍然是家居市场最受重视的一个行业。无论传统企业还是互联网家装，都憋足劲在2016年大干一场。\r\n　　根据以往的经验，每年开年都 是装修的旺季，目前昆明市场上的家装公司都在全力备战，纷纷推出节后第一个活动，以期吸引消费者的目光。例如刚刚过去的“3·15国际消费者权益保护日” 作为3月份最重要的日子，既是家装企业的促销节点，也是树立品牌形象的节点，目前家装公司也纷纷出招，提供让消费者满意的产品。\r\n　　家装预热 为旺季做准备\r\n　　每年的3月份都是传统的装修旺季，加上各种家居展会也准备开锣，而3·15也是行业内的大节点，据记者了解，2月中旬已经开工的家装公司和家具企业， 纷纷在为3月份的旺季和3·15准备，大部分企业的活动内容在紧张的筹备当中。例如，新洲装饰最早的活动就已于2月底呈现在消费者面前，所以今年春季准备 装修的消费者，可以开始关注各家装公司与家具企业的活动，特别是近期，大波的促销和服务内容将让消费者应接不暇。\r\n　　新洲装饰在2月底就推出了六重大礼，还有定金翻倍的活动；新洲装饰也适时推出了不少优惠活动。记者在新洲装饰的客户洽谈区就看到，很多正在洽淡下单的 客户。新洲装饰负责人王磊告诉记者，从新洲装饰入驻北京市场至今，其实无论平时还是节点，消费者上门咨询的情况都相差不大，只不过节点可能跟活动推出有 关，客流量会更多一些。此外，新洲装饰也进一步向整装进发，而新洲装饰也将迎来自己的18周年庆。\r\n　　家装企业深耕互联网\r\n　　2015年，互联网家装抢占了传统家装的市场份额，经过一年的思考，传统家装企业也开始转型互联网。在近期房地产市场渐热的情况下，2016家居市场也被寄予厚望。不论传统家装企业还是互联网家装公司，都在坚持线上线下两条路发展的策略，家装市场竞争日趋激烈。\r\n　　对于互联网家装来说，去年很多获得风投的互联网家装在今年处于赛道冲击阶段，结果可能会在今年见分晓，所以互联网家装今年都在加快速度进行最后一搏； 而对于传统家装公司来说，互联网是大趋势，传统家装公司都已经利用互联网的技术或工具，向互联网家装转型。\r\n　　对接风投 优胜劣汰\r\n　　新的一年，风投的风向备受家装行业的关注，去年全国有几十家互联网家装项目得到投资，今年风投应该会更谨慎，投资人也处于观望阶 段，对于这一点杨帆也表示赞同。他预计今年能得到风投的家装公司可能是去年的一半，甚至还不到。但对于互联网家装来说，今年的重点除了抢市场占有率、加强 细分化的特点外，融资速度也是不可或缺的。\r\n　　细分市场 潜力无限\r\n　　新洲装饰除了在互联网家装领域玩的风声水起外，还是一家非常有个性的家装公司。比如他们100平米以上的房子不装，别墅不装，大户型也不装，只做小户 型，而且从毛坯房到精装房只需要20天。有人提出了疑问，只做小户型或许适合北京、上海这样的一线城市，因为这样的地方确实小户型是主流，但在云南这样的 市场也吃得开吗？\r\n　　出乎意料的是，答案却是肯定的。“比如昆明市场上3月份的200单任务完成也非常有希望。”王磊告诉记者，“都说今年市场难做，但有一部分刚需是确实 存在的。比如年轻人结婚就得买房子、装修，我们就做这一部分年轻人的市场。”他的这一说法得到了昆明市建筑装饰行业协会会长郑斌的认同。郑斌说道：“现在 的市场确实是这样的，越来越细分，因此就要求企业清楚地知道自己的定位，并通过精准的定位，把这一范围内的服务做到极致，那仅这一块市场就够你做了。”新洲装饰正是通过对市场的细分，将目光瞄准了80、90后这样一群对新兴事物接受极快的年轻人群体，他们要的是装修的方便、快捷，简单、透明，因此爱空间恰好 符合了他们的胃口，而且在年轻人社群中迅速传播。\r\n　　整装成市场主流\r\n　　倒逼装饰行业服务日趋完善\r\n　　从去年开始，整装套餐公司开始陆续在云南市场上发力。首先是以生活家为代表的以平米计价的报价模式，给了传统装饰公司重要一击，之后随着千百炼、新洲装饰的入驻，让以前的老牌套餐公司感到“阵痛”，更强大的整合能力，将家具、家电也囊括其中，更低的报价。\r\n　　新洲装饰的进入，并未向原先业内同行们所担心的，对传统的装饰公司形成多大的冲击，反而深挖出了一部分原来在游击队手里的消费群体。“整装模式最大的 优势就是一条龙服务，拎包入住，而且相比于传统的套餐公司，连家具和家电的资源也整合进来，在价格相差不大的基础上，消费者肯定选择性价比更高的产品。” 催总说道。而且新洲装饰工厂价全包的模式，将各项主辅材的利润空间进一步压低，而是以量取胜，这在一定程度上也对传统的套餐公司形成了冲击。这就要求这些 套餐公司在原有的管理模式上进一步改变和提升，进一步完善服务体系，对消费者和市场发展来说，都是有利的。\r\n　　观察\r\n　　家居市场是否回暖还需观望\r\n　　上游房产市场的火热并不一定利好家居市场。从国家房地产开发景气指数与全国建材家居景气指数的趋势图来看，有时二者走向并不完全一致。如果买房是为了 自住，必然要装修买建材，从这方面看，全国建材家居景气指数更能反映出房地产刚性需求的强弱。在2010年，就出现了国家房地产开发景气指数上涨幅度高于 全国建材家居景气指数的情况，说明当时购房需求中投资需求比较多。当刚性需求占据购房需求“大头儿”时，才能说楼市火热对家居市场是利好消息。\r\n　　对于目前的市场，郑斌认为还不能马上在家装市场上反映出来，因为地产之于家居存在一定的滞后期，毕竟这种行情才刚开始，其中刚性需求占据多大比例还不清楚。家居企业也要对目前的楼市情况持谨慎的态度，避免做出错误判断。',NULL,NULL,NULL,1,NULL,'admin','2016-06-23 17:41:14','admin','2016-06-23 17:41:18'),(21,'2016年三月份家装市场正破冰回暖但仍需观望','行业资讯','admin','家装网',232,NULL,'互联网家装,家居','核心阅读： 2015年，家装行业风生水起，互联网家装受到资本的关注，众多互联网家装企业出现，抢占传统家装企业的市场份额；传统家装企业经过观察后，也奋起反击，推出适合互联网...\r\n　　2015年，家装行业风生水起，互联网家装受到资本的关注，众多互联网家装企业出现，抢占传统家装企业的市场份额；传统家装企业经过观察后，也奋起反击，推出适合互联网时代的装修套餐或进行企业转型，向互联网大市场征战。在经过一年的热闹及冷却以后，2016年开年，家装仍然是家居市场最受重视的一个行业。无论传统企业还是互联网家装，都憋足劲在2016年大干一场。\r\n　　根据以往的经验，每年开年都 是装修的旺季，目前昆明市场上的家装公司都在全力备战，纷纷推出节后第一个活动，以期吸引消费者的目光。例如刚刚过去的“3·15国际消费者权益保护日” 作为3月份最重要的日子，既是家装企业的促销节点，也是树立品牌形象的节点，目前家装公司也纷纷出招，提供让消费者满意的产品。\r\n　　家装预热 为旺季做准备\r\n　　每年的3月份都是传统的装修旺季，加上各种家居展会也准备开锣，而3·15也是行业内的大节点，据记者了解，2月中旬已经开工的家装公司和家具企业， 纷纷在为3月份的旺季和3·15准备，大部分企业的活动内容在紧张的筹备当中。例如，新洲装饰最早的活动就已于2月底呈现在消费者面前，所以今年春季准备 装修的消费者，可以开始关注各家装公司与家具企业的活动，特别是近期，大波的促销和服务内容将让消费者应接不暇。\r\n　　新洲装饰在2月底就推出了六重大礼，还有定金翻倍的活动；新洲装饰也适时推出了不少优惠活动。记者在新洲装饰的客户洽谈区就看到，很多正在洽淡下单的 客户。新洲装饰负责人王磊告诉记者，从新洲装饰入驻北京市场至今，其实无论平时还是节点，消费者上门咨询的情况都相差不大，只不过节点可能跟活动推出有 关，客流量会更多一些。此外，新洲装饰也进一步向整装进发，而新洲装饰也将迎来自己的18周年庆。\r\n　　家装企业深耕互联网\r\n　　2015年，互联网家装抢占了传统家装的市场份额，经过一年的思考，传统家装企业也开始转型互联网。在近期房地产市场渐热的情况下，2016家居市场也被寄予厚望。不论传统家装企业还是互联网家装公司，都在坚持线上线下两条路发展的策略，家装市场竞争日趋激烈。\r\n　　对于互联网家装来说，去年很多获得风投的互联网家装在今年处于赛道冲击阶段，结果可能会在今年见分晓，所以互联网家装今年都在加快速度进行最后一搏； 而对于传统家装公司来说，互联网是大趋势，传统家装公司都已经利用互联网的技术或工具，向互联网家装转型。\r\n　　对接风投 优胜劣汰\r\n　　新的一年，风投的风向备受家装行业的关注，去年全国有几十家互联网家装项目得到投资，今年风投应该会更谨慎，投资人也处于观望阶 段，对于这一点杨帆也表示赞同。他预计今年能得到风投的家装公司可能是去年的一半，甚至还不到。但对于互联网家装来说，今年的重点除了抢市场占有率、加强 细分化的特点外，融资速度也是不可或缺的。\r\n　　细分市场 潜力无限\r\n　　新洲装饰除了在互联网家装领域玩的风声水起外，还是一家非常有个性的家装公司。比如他们100平米以上的房子不装，别墅不装，大户型也不装，只做小户 型，而且从毛坯房到精装房只需要20天。有人提出了疑问，只做小户型或许适合北京、上海这样的一线城市，因为这样的地方确实小户型是主流，但在云南这样的 市场也吃得开吗？\r\n　　出乎意料的是，答案却是肯定的。“比如昆明市场上3月份的200单任务完成也非常有希望。”王磊告诉记者，“都说今年市场难做，但有一部分刚需是确实 存在的。比如年轻人结婚就得买房子、装修，我们就做这一部分年轻人的市场。”他的这一说法得到了昆明市建筑装饰行业协会会长郑斌的认同。郑斌说道：“现在 的市场确实是这样的，越来越细分，因此就要求企业清楚地知道自己的定位，并通过精准的定位，把这一范围内的服务做到极致，那仅这一块市场就够你做了。”新洲装饰正是通过对市场的细分，将目光瞄准了80、90后这样一群对新兴事物接受极快的年轻人群体，他们要的是装修的方便、快捷，简单、透明，因此爱空间恰好 符合了他们的胃口，而且在年轻人社群中迅速传播。\r\n　　整装成市场主流\r\n　　倒逼装饰行业服务日趋完善\r\n　　从去年开始，整装套餐公司开始陆续在云南市场上发力。首先是以生活家为代表的以平米计价的报价模式，给了传统装饰公司重要一击，之后随着千百炼、新洲装饰的入驻，让以前的老牌套餐公司感到“阵痛”，更强大的整合能力，将家具、家电也囊括其中，更低的报价。\r\n　　新洲装饰的进入，并未向原先业内同行们所担心的，对传统的装饰公司形成多大的冲击，反而深挖出了一部分原来在游击队手里的消费群体。“整装模式最大的 优势就是一条龙服务，拎包入住，而且相比于传统的套餐公司，连家具和家电的资源也整合进来，在价格相差不大的基础上，消费者肯定选择性价比更高的产品。” 催总说道。而且新洲装饰工厂价全包的模式，将各项主辅材的利润空间进一步压低，而是以量取胜，这在一定程度上也对传统的套餐公司形成了冲击。这就要求这些 套餐公司在原有的管理模式上进一步改变和提升，进一步完善服务体系，对消费者和市场发展来说，都是有利的。\r\n　　观察\r\n　　家居市场是否回暖还需观望\r\n　　上游房产市场的火热并不一定利好家居市场。从国家房地产开发景气指数与全国建材家居景气指数的趋势图来看，有时二者走向并不完全一致。如果买房是为了 自住，必然要装修买建材，从这方面看，全国建材家居景气指数更能反映出房地产刚性需求的强弱。在2010年，就出现了国家房地产开发景气指数上涨幅度高于 全国建材家居景气指数的情况，说明当时购房需求中投资需求比较多。当刚性需求占据购房需求“大头儿”时，才能说楼市火热对家居市场是利好消息。\r\n　　对于目前的市场，郑斌认为还不能马上在家装市场上反映出来，因为地产之于家居存在一定的滞后期，毕竟这种行情才刚开始，其中刚性需求占据多大比例还不清楚。家居企业也要对目前的楼市情况持谨慎的态度，避免做出错误判断。',NULL,NULL,NULL,1,NULL,'admin','2016-06-23 17:41:14','admin','2016-06-23 17:41:18'),(22,'2016年三月份家装市场正破冰回暖但仍需观望','行业资讯','admin','家装网',232,NULL,'互联网家装,家居','核心阅读： 2015年，家装行业风生水起，互联网家装受到资本的关注，众多互联网家装企业出现，抢占传统家装企业的市场份额；传统家装企业经过观察后，也奋起反击，推出适合互联网...\r\n　　2015年，家装行业风生水起，互联网家装受到资本的关注，众多互联网家装企业出现，抢占传统家装企业的市场份额；传统家装企业经过观察后，也奋起反击，推出适合互联网时代的装修套餐或进行企业转型，向互联网大市场征战。在经过一年的热闹及冷却以后，2016年开年，家装仍然是家居市场最受重视的一个行业。无论传统企业还是互联网家装，都憋足劲在2016年大干一场。\r\n　　根据以往的经验，每年开年都 是装修的旺季，目前昆明市场上的家装公司都在全力备战，纷纷推出节后第一个活动，以期吸引消费者的目光。例如刚刚过去的“3·15国际消费者权益保护日” 作为3月份最重要的日子，既是家装企业的促销节点，也是树立品牌形象的节点，目前家装公司也纷纷出招，提供让消费者满意的产品。\r\n　　家装预热 为旺季做准备\r\n　　每年的3月份都是传统的装修旺季，加上各种家居展会也准备开锣，而3·15也是行业内的大节点，据记者了解，2月中旬已经开工的家装公司和家具企业， 纷纷在为3月份的旺季和3·15准备，大部分企业的活动内容在紧张的筹备当中。例如，新洲装饰最早的活动就已于2月底呈现在消费者面前，所以今年春季准备 装修的消费者，可以开始关注各家装公司与家具企业的活动，特别是近期，大波的促销和服务内容将让消费者应接不暇。\r\n　　新洲装饰在2月底就推出了六重大礼，还有定金翻倍的活动；新洲装饰也适时推出了不少优惠活动。记者在新洲装饰的客户洽谈区就看到，很多正在洽淡下单的 客户。新洲装饰负责人王磊告诉记者，从新洲装饰入驻北京市场至今，其实无论平时还是节点，消费者上门咨询的情况都相差不大，只不过节点可能跟活动推出有 关，客流量会更多一些。此外，新洲装饰也进一步向整装进发，而新洲装饰也将迎来自己的18周年庆。\r\n　　家装企业深耕互联网\r\n　　2015年，互联网家装抢占了传统家装的市场份额，经过一年的思考，传统家装企业也开始转型互联网。在近期房地产市场渐热的情况下，2016家居市场也被寄予厚望。不论传统家装企业还是互联网家装公司，都在坚持线上线下两条路发展的策略，家装市场竞争日趋激烈。\r\n　　对于互联网家装来说，去年很多获得风投的互联网家装在今年处于赛道冲击阶段，结果可能会在今年见分晓，所以互联网家装今年都在加快速度进行最后一搏； 而对于传统家装公司来说，互联网是大趋势，传统家装公司都已经利用互联网的技术或工具，向互联网家装转型。\r\n　　对接风投 优胜劣汰\r\n　　新的一年，风投的风向备受家装行业的关注，去年全国有几十家互联网家装项目得到投资，今年风投应该会更谨慎，投资人也处于观望阶 段，对于这一点杨帆也表示赞同。他预计今年能得到风投的家装公司可能是去年的一半，甚至还不到。但对于互联网家装来说，今年的重点除了抢市场占有率、加强 细分化的特点外，融资速度也是不可或缺的。\r\n　　细分市场 潜力无限\r\n　　新洲装饰除了在互联网家装领域玩的风声水起外，还是一家非常有个性的家装公司。比如他们100平米以上的房子不装，别墅不装，大户型也不装，只做小户 型，而且从毛坯房到精装房只需要20天。有人提出了疑问，只做小户型或许适合北京、上海这样的一线城市，因为这样的地方确实小户型是主流，但在云南这样的 市场也吃得开吗？\r\n　　出乎意料的是，答案却是肯定的。“比如昆明市场上3月份的200单任务完成也非常有希望。”王磊告诉记者，“都说今年市场难做，但有一部分刚需是确实 存在的。比如年轻人结婚就得买房子、装修，我们就做这一部分年轻人的市场。”他的这一说法得到了昆明市建筑装饰行业协会会长郑斌的认同。郑斌说道：“现在 的市场确实是这样的，越来越细分，因此就要求企业清楚地知道自己的定位，并通过精准的定位，把这一范围内的服务做到极致，那仅这一块市场就够你做了。”新洲装饰正是通过对市场的细分，将目光瞄准了80、90后这样一群对新兴事物接受极快的年轻人群体，他们要的是装修的方便、快捷，简单、透明，因此爱空间恰好 符合了他们的胃口，而且在年轻人社群中迅速传播。\r\n　　整装成市场主流\r\n　　倒逼装饰行业服务日趋完善\r\n　　从去年开始，整装套餐公司开始陆续在云南市场上发力。首先是以生活家为代表的以平米计价的报价模式，给了传统装饰公司重要一击，之后随着千百炼、新洲装饰的入驻，让以前的老牌套餐公司感到“阵痛”，更强大的整合能力，将家具、家电也囊括其中，更低的报价。\r\n　　新洲装饰的进入，并未向原先业内同行们所担心的，对传统的装饰公司形成多大的冲击，反而深挖出了一部分原来在游击队手里的消费群体。“整装模式最大的 优势就是一条龙服务，拎包入住，而且相比于传统的套餐公司，连家具和家电的资源也整合进来，在价格相差不大的基础上，消费者肯定选择性价比更高的产品。” 催总说道。而且新洲装饰工厂价全包的模式，将各项主辅材的利润空间进一步压低，而是以量取胜，这在一定程度上也对传统的套餐公司形成了冲击。这就要求这些 套餐公司在原有的管理模式上进一步改变和提升，进一步完善服务体系，对消费者和市场发展来说，都是有利的。\r\n　　观察\r\n　　家居市场是否回暖还需观望\r\n　　上游房产市场的火热并不一定利好家居市场。从国家房地产开发景气指数与全国建材家居景气指数的趋势图来看，有时二者走向并不完全一致。如果买房是为了 自住，必然要装修买建材，从这方面看，全国建材家居景气指数更能反映出房地产刚性需求的强弱。在2010年，就出现了国家房地产开发景气指数上涨幅度高于 全国建材家居景气指数的情况，说明当时购房需求中投资需求比较多。当刚性需求占据购房需求“大头儿”时，才能说楼市火热对家居市场是利好消息。\r\n　　对于目前的市场，郑斌认为还不能马上在家装市场上反映出来，因为地产之于家居存在一定的滞后期，毕竟这种行情才刚开始，其中刚性需求占据多大比例还不清楚。家居企业也要对目前的楼市情况持谨慎的态度，避免做出错误判断。',NULL,NULL,NULL,1,NULL,'admin','2016-06-23 17:41:14','admin','2016-06-23 17:41:18'),(23,'济南万泰装饰集团管理干部培训班再次开讲','装修攻略','刘勋','济南万泰装饰',124,'','培训班','<p>&nbsp; &nbsp;2016年4月5号，<a href=\"http://www.wtzs.cc/\" target=\"_blank\">万泰装饰</a>集团为了让公司得到长效持续的健康发展，公司高层每周都会进行学习与有效的培训，而今天特意邀请胜蓝咨询首席合伙人杨新龙进行讲解，万泰装饰、香港观唐及万佳惠三个事业部的高层领导，中层管理及部分优秀员工参加了此次学习与培训。<br/></p><p><br/></p><p><img src=\"http://127.0.0.1/scinter/uedtior_upload/image/20160626/1466937322226062326.jpg\"/><img src=\"http://127.0.0.1/scinter/uedtior_upload/image/20160627/1466960023794076557.png\" alt=\"1466960023794076557.png\" width=\"706\" height=\"371\"/></p><p><br/></p><p>&nbsp; &nbsp; &nbsp; &nbsp;在正式培训之前先来一个游戏互动热热身，以此能够找到团队共荣的感觉，之后进行了正式的学习，主要分为以下几个部分：组织执行力，管理者基本素养和公司基础管理体系三个部分。</p><p>万泰装饰一直是执行力非常到位的<a href=\"http://www.wtzs.cc/cases\" target=\"_blank\">家庭装修</a>公司，一直以“言必行，行必果”为宗旨，才能是公司上下紧张有序高效率的运行与发展，才能保证每一位业主及时入住温馨舒适的家。<br/><br/></p><p><img src=\"http://127.0.0.1/scinter/uedtior_upload/image/20160719/1468921915816087274.jpg\" title=\"1468921915816087274.jpg\" alt=\"big_13631.jpg\"/></p><p><img src=\"http://127.0.0.1/scinter/uedtior_upload/image/20160719/1468921915817097356.jpg\" title=\"1468921915817097356.jpg\"/></p><p><img src=\"http://127.0.0.1/scinter/uedtior_upload/image/20160719/1468921915816036358.jpg\" title=\"1468921915816036358.jpg\"/></p><p><br/></p><p>&nbsp; &nbsp; &nbsp; &nbsp;万泰装饰公司足以能够立足济南19年，与公司的科学管理是密不可分的，也是非常重要的，他为公司的发展指明方向，为公司的组织框架的稳固性奠定基础。因此每年公司都会邀请著名讲解人为公司的中层管理做培训学习。而今天的讲解更是得到了大家的认可和学习，也将成为以后工作的一把尖刀。</p><p>&nbsp; &nbsp; &nbsp; &nbsp;作为管理培训的内容，管理者或即将走向管理者的同事们，个人成长十分有必要的。因此最后一个内容管理者的基本素养是太有必要了。</p><p>&nbsp; &nbsp; &nbsp; &nbsp;经过一天的学习与整理思绪，相信是以后的工作和个人成长的催化剂，也相信万泰装饰也会继续组织类似的学习和培训。</p><p><br/></p>','1','2','3',1,'===请选择===','admin','2016-06-26 18:36:24','admin','2016-07-19 17:52:03'),(24,'','===请选择===','王二','',NULL,'','',NULL,'1','2','3',3,NULL,'admin','2016-07-01 16:24:28','admin','2016-07-01 16:28:06'),(25,'2222','===请选择===','王二','',NULL,'/images/2016/07/21/Qtt4H8Hl.jpg','',NULL,'','','',1,'===请选择===','admin','2016-07-21 20:41:30',NULL,'2016-07-21 20:41:30');

/*Table structure for table `order_info` */

DROP TABLE IF EXISTS `order_info`;

CREATE TABLE `order_info` (
  `id` int(11) NOT NULL AUTO_INCREMENT,
  `order_id` varchar(30) DEFAULT NULL COMMENT '在线订单号',
  `client_name` varchar(100) DEFAULT NULL COMMENT '业主名称',
  `sex` varchar(2) DEFAULT NULL COMMENT '性别',
  `phone` varchar(20) DEFAULT NULL COMMENT '手机号码',
  `area` varchar(100) DEFAULT NULL COMMENT '行政区域',
  `address` varchar(200) DEFAULT NULL COMMENT '楼盘名称、地址',
  `acreage` varchar(10) DEFAULT NULL COMMENT '使用面积',
  `house_type` varchar(50) DEFAULT NULL COMMENT '户型',
  `style` varchar(50) DEFAULT NULL COMMENT '装修风格',
  `budget` varchar(10) DEFAULT NULL COMMENT '装修预算',
  `designer` varchar(10) DEFAULT NULL COMMENT '预约设计师',
  `note` varchar(500) DEFAULT NULL COMMENT '装修要求',
  `order_status` int(1) DEFAULT NULL COMMENT '订单状态',
  `source_type` varchar(50) DEFAULT NULL COMMENT '订单来源分类',
  `branch_company` varchar(100) DEFAULT NULL COMMENT '隶属分公司',
  `status` int(1) DEFAULT NULL COMMENT '正常1 删除3',
  `start_date` date DEFAULT NULL COMMENT '动工时间',
  `create_time` datetime DEFAULT NULL COMMENT '订单创建时间',
  PRIMARY KEY (`id`)
) ENGINE=MyISAM AUTO_INCREMENT=46 DEFAULT CHARSET=utf8;

/*Data for the table `order_info` */

insert  into `order_info`(`id`,`order_id`,`client_name`,`sex`,`phone`,`area`,`address`,`acreage`,`house_type`,`style`,`budget`,`designer`,`note`,`order_status`,`source_type`,`branch_company`,`status`,`start_date`,`create_time`) values (1,'20160627232412','张三4343','男','13552707761','北京,朝阳区','衡达地标','120','三居','简约风格','10w','王萍','设计师要求女性 最好是有三年以上工作经验',NULL,NULL,NULL,3,'2016-06-27','2016-06-27 23:25:45'),(2,'20160627232412','张三','男','13552707761','北京,朝阳区','衡达地标','120','三居','简约风格','10w','王萍','设计师要求女性 最好是有三年以上工作经验',NULL,NULL,NULL,3,'2016-06-27','2016-06-27 23:25:45'),(3,'20160627232412','张三','男','13552707761','北京,朝阳区','衡达地标','120','三居','简约风格','10w','王萍','设计师要求女性 最好是有三年以上工作经验',NULL,NULL,NULL,3,'2016-06-27','2016-06-27 23:25:45'),(4,'20160627232412','张三','男','13552707761','北京,朝阳区','衡达地标','120','三居','简约风格','10w','王萍','设计师要求女性 最好是有三年以上工作经验',NULL,NULL,NULL,3,'2016-06-27','2016-06-27 23:25:45'),(5,'20160627232412','张三','男','13552707761','北京,朝阳区','衡达地标','120','三居','简约风格','10w','王萍','设计师要求女性 最好是有三年以上工作经验',NULL,NULL,NULL,3,'2016-06-27','2016-06-27 23:25:45'),(6,'20160627232412','张三','男','13552707761','北京,朝阳区','衡达地标','120','三居','简约风格','10w','王萍','设计师要求女性 最好是有三年以上工作经验',NULL,NULL,NULL,3,'2016-06-27','2016-06-27 23:25:45'),(7,'20160627232412','张三','男','13552707761','北京,朝阳区','衡达地标','120','三居','简约风格','10w','王萍','设计师要求女性 最好是有三年以上工作经验',NULL,NULL,NULL,3,'2016-06-27','2016-06-27 23:25:45'),(8,'20160627232412','张三','男','13552707761','北京,朝阳区','衡达地标','120','三居','简约风格','10w','王萍','设计师要求女性 最好是有三年以上工作经验',NULL,NULL,NULL,3,'2016-06-27','2016-06-27 23:25:45'),(9,'20160627232412','张三','男','13552707761','北京,朝阳区','衡达地标','120','三居','简约风格','10w','王萍','设计师要求女性 最好是有三年以上工作经验',NULL,NULL,NULL,3,'2016-06-27','2016-06-27 23:25:45'),(10,'20160627232412','张三','男','13552707761','北京,朝阳区','衡达地标','120','三居','简约风格','10w','王萍','设计师要求女性 最好是有三年以上工作经验',NULL,NULL,NULL,3,'2016-06-27','2016-06-27 23:25:45'),(11,'20160627232412','张三','男','13552707761','北京,朝阳区','衡达地标','120','三居','简约风格','10w','王萍','设计师要求女性 最好是有三年以上工作经验',NULL,NULL,NULL,3,'2016-06-27','2016-06-27 23:25:45'),(12,'20160627232412','张三','男','13552707761','北京,朝阳区','衡达地标','120','三居','简约风格','10w','王萍','设计师要求女性 最好是有三年以上工作经验',NULL,NULL,NULL,3,'2016-06-27','2016-06-27 23:25:45'),(13,'20160627232412','张三','男','13552707761','北京,朝阳区','衡达地标','120','三居','简约风格','10w','王萍','设计师要求女性 最好是有三年以上工作经验',NULL,NULL,NULL,3,'2016-06-27','2016-06-27 23:25:45'),(14,'20160627232412','张三','男','13552707761','北京,朝阳区','衡达地标','120','三居','简约风格','10w','王萍','设计师要求女性 最好是有三年以上工作经验',NULL,NULL,NULL,3,'2016-06-27','2016-06-27 23:25:45'),(15,'20160627232412','张三','男','13552707761','北京,朝阳区','衡达地标','120','三居','简约风格','10w','王萍','设计师要求女性 最好是有三年以上工作经验',NULL,NULL,NULL,3,'2016-06-27','2016-06-27 23:25:45'),(16,'20160627232412','张三','男','13552707761','北京,朝阳区','衡达地标','120','三居','简约风格','10w','王萍','设计师要求女性 最好是有三年以上工作经验',NULL,NULL,NULL,3,'2016-06-27','2016-06-27 23:25:45'),(17,'20160627232412','张三','男','13552707761','北京,朝阳区','衡达地标','120','三居','简约风格','10w','王萍','设计师要求女性 最好是有三年以上工作经验',NULL,NULL,NULL,3,'2016-06-27','2016-06-27 23:25:45'),(18,'20160627232412','张三','男','13552707761','北京,朝阳区','衡达地标','120','三居','简约风格','10w','王萍','设计师要求女性 最好是有三年以上工作经验',NULL,NULL,NULL,3,'2016-06-27','2016-06-27 23:25:45'),(19,'20160627232412','张三','男','13552707761','北京,朝阳区','衡达地标','120','三居','简约风格','10w','王萍','设计师要求女性 最好是有三年以上工作经验',NULL,NULL,NULL,3,'2016-06-27','2016-06-27 23:25:45'),(20,'20160627232412','张三','男','13552707761','北京,朝阳区','衡达地标','120','三居','简约风格','10w','王萍','设计师要求女性 最好是有三年以上工作经验',NULL,NULL,NULL,3,'2016-06-27','2016-06-27 23:25:45'),(21,'20160627232412','张三','男','13552707761','北京,朝阳区','衡达地标','120','三居','简约风格','10w','王萍','设计师要求女性 最好是有三年以上工作经验',NULL,NULL,NULL,3,'2016-06-27','2016-06-27 23:25:45'),(22,'20160627232412','张三','男','13552707761','北京,朝阳区','衡达地标','120','三居','简约风格','10w','王萍','设计师要求女性 最好是有三年以上工作经验',NULL,NULL,NULL,3,'2016-06-27','2016-06-27 23:25:45'),(23,'20160627232400','张三','女','13552707761','山东,济南,历下区','衡达地标','150平以上','两居','美式乡村','12w','王倩文','放入肉111',0,'2','===请选择===',1,'2016-06-17','2016-06-27 23:25:45'),(24,'20160627232412','张三','男','13552707761','黑龙江,哈尔滨,道里区','衡达地标2','120','三居','简约风格','10w','王萍','设计师要求女性 最好是有三年以上工作经验1',NULL,'2',NULL,1,'2016-06-01','2016-06-27 23:25:45'),(25,'20160627232412','张三','男','13552707761','北京,朝阳区,null','衡达地标','120','三居','简约风格','10w','王萍','设计师要求女性 最好是有三年以上工作经验111',0,'在线订单','三创装饰唐山分公司',1,'2015-02-12','2016-06-27 23:25:45'),(26,'20160627232412','张三','女','13552707761','北京,朝阳区','衡达地标','120','三居','简约风格','10w','王萍','设计师要求女性 最好是有三年以上工作经验',NULL,NULL,NULL,3,'2016-06-27','2016-06-27 23:25:45'),(27,'20160627232412','张三','男','13552707761','北京,朝阳区,null','衡达地标','120','三居','简约风格','10w','王萍','设计师要求女性 最好是有三年以上工作经验',0,'在线订单','===请选择===',1,'2016-06-27','2016-06-27 23:25:45'),(28,'20160627232412','张三','男','13552707761','山东,济南,历下区','衡达地标','120','三居','简约风格','10w','王萍','设计师要求女性 最好是有三年以上工作经验',0,'报价神器','三创装饰保定分公司',1,'2016-06-27','2016-06-27 23:25:45'),(29,'20160627232412','张三','男','13552707761','山西,太原,小店区','衡达地标','120','三居','简约风格','10w','王萍','设计师要求女性 最好是有三年以上工作经验',NULL,NULL,NULL,1,'2016-06-10','2016-06-27 23:25:45'),(30,'20160627232412','张三','男','13552707761','北京,朝阳区','衡达地标','120','三居','简约风格','10w','王萍','设计师要求女性 最好是有三年以上工作经验',NULL,NULL,NULL,3,'2016-06-27','2016-06-27 23:25:45'),(31,'20160627232412','张三','男','13552707761','内蒙古,呼和浩特,新城区','衡达地标','120','三居','简约风格','10w','王萍','设计师要求女性 最好是有三年以上工作经验',NULL,NULL,NULL,1,'2016-06-27','2016-06-27 23:25:45'),(32,'20160627232412','张三','男','13552707761','北京,朝阳区','衡达地标','120','三居','简约风格','10w','王萍','设计师要求女性 最好是有三年以上工作经验',NULL,NULL,NULL,1,'2016-06-27','2016-06-27 23:25:45'),(33,'20160627232412','张三','男','13552707761','北京,朝阳区','衡达地标','120','三居','简约风格','10w','王萍','设计师要求女性 最好是有三年以上工作经验',NULL,NULL,NULL,1,'2016-06-27','2016-06-27 23:25:45'),(34,'20160627232412','张三','男','13552707761','河南,郑州,中原区','衡达地标','120-150平','三居','简约风格','10w','王萍','设计师要求女性 最好是有三年以上工作经验',2,'在线订单','三创装饰北京分公司',2,'2016-06-07','2016-06-27 23:25:45'),(35,'20160627232412','张三','男','13552707761','北京,朝阳区,null','衡达地标','120','三居','简约风格','10w','王萍','设计师要求女性 最好是有三年以上工作经验',2,'在线订单','三创装饰保定分公司',2,'2016-06-27','2016-06-27 23:25:45'),(36,'20160627232412','张三','男','13552707761','北京,朝阳区,null','衡达地标','120','三居','简约风格','10w','王萍','设计师要求女性 最好是有三年以上工作经验',2,'报价神器','三创装饰唐山分公司',2,'2016-06-27','2016-06-27 23:25:45'),(37,'20160627232412','张三','男','13552707761','北京,朝阳区','衡达地标','120','三居','简约风格','10w','王萍','设计师要求女性 最好是有三年以上工作经验',NULL,NULL,NULL,1,'2016-06-27','2016-06-27 23:25:45'),(38,'20160627232412','张三','男','13552707761','北京,朝阳区','衡达地标','120','三居','简约风格','10w','王萍','设计师要求女性 最好是有三年以上工作经验',NULL,NULL,NULL,1,'2016-06-27','2016-06-27 23:25:45'),(39,'20160627232412','张三','男','13552707761','北京,朝阳区','衡达地标','120','三居','简约风格','10w','王萍','设计师要求女性 最好是有三年以上工作经验',NULL,NULL,NULL,1,'2016-06-27','2016-06-27 23:25:45'),(40,'20160627232412','张三555','男','13552707761','北京,朝阳区','衡达地标','120','三居','简约风格','10w','王萍','设计师要求女性 最好是有三年以上工作经验',NULL,NULL,NULL,1,'2016-06-27','2016-06-27 23:25:45'),(41,'20160627232412','张三','男','13552707761','北京,朝阳区','衡达地标','120','三居','简约风格','10w','王萍','设计师要求女性 最好是有三年以上工作经验',NULL,NULL,NULL,1,'2016-06-27','2016-06-27 23:25:45'),(42,'20160627232412','张三','男','13552707761','北京,朝阳区','衡达地标','120','三居','简约风格','10w','王萍','设计师要求女性 最好是有三年以上工作经验',NULL,NULL,NULL,1,'2016-06-27','2016-06-27 23:25:45'),(43,'20160627232412','张三333','男','13552707761','北京,朝阳区','衡达地标111','120','三居','简约风格','10w','王萍','设计师要求女性 最好是有三年以上工作经验',NULL,NULL,NULL,1,'2016-06-27','2016-06-27 23:25:45'),(44,'20160627232412','张三222','男','13552707761','北京,朝阳区','衡达地标','120','三居','简约风格','10w','王萍','设计师要求女性 最好是有三年以上工作经验',NULL,NULL,NULL,1,'2016-06-27','2016-06-27 23:25:45'),(45,'20160627232412','张三111','男','13552707761','北京,朝阳区','衡达地标111','120','三居','简约风格','10w','王萍','设计师要求女性 最好是有三年以上工作经验',NULL,NULL,NULL,1,'2016-06-27','2016-06-27 23:25:45');

/*Table structure for table `repair` */

DROP TABLE IF EXISTS `repair`;

CREATE TABLE `repair` (
  `id` int(11) NOT NULL AUTO_INCREMENT,
  `repair_id` varchar(30) DEFAULT NULL COMMENT '保修编号',
  `client_name` varchar(100) DEFAULT NULL COMMENT '客户姓名',
  `sex` varchar(2) DEFAULT NULL COMMENT '性别',
  `phone` varchar(20) DEFAULT NULL COMMENT '手机号',
  `build_name` varchar(100) DEFAULT NULL COMMENT '楼盘小区名称',
  `address` varchar(200) DEFAULT NULL COMMENT '楼盘地址',
  `charge_manager` varchar(50) DEFAULT NULL COMMENT '原工程经理',
  `charge_designer` varchar(50) DEFAULT NULL COMMENT '原设计师',
  `start_date` date DEFAULT NULL COMMENT '装修开工日期',
  `repair_time` datetime DEFAULT NULL COMMENT '预约维修时间',
  `repair_type` varchar(10) DEFAULT NULL COMMENT '水电类 木制类 油漆类  地板类',
  `repair_status` int(11) DEFAULT NULL COMMENT '维修状态',
  `note` varchar(500) DEFAULT NULL COMMENT '维修说明',
  `create_time` datetime DEFAULT NULL COMMENT '创建时间',
  `status` int(11) DEFAULT NULL COMMENT '状态1 3',
  `branch_company` varchar(100) DEFAULT NULL COMMENT '隶属分公司',
  PRIMARY KEY (`id`)
) ENGINE=MyISAM AUTO_INCREMENT=33 DEFAULT CHARSET=utf8;

/*Data for the table `repair` */

insert  into `repair`(`id`,`repair_id`,`client_name`,`sex`,`phone`,`build_name`,`address`,`charge_manager`,`charge_designer`,`start_date`,`repair_time`,`repair_type`,`repair_status`,`note`,`create_time`,`status`,`branch_company`) values (1,'20160630162301112','王二','男','13552705586','恒大菊园1','北京,东城区,null','张经理','王强','2016-06-30','2016-06-30 00:00:00','水电类',NULL,'范德萨发生','2016-06-30 16:25:20',3,NULL),(2,'20160630162301112','王二','男','13552705586','恒大菊2','北京,东城区,null','张经理','王强','2016-06-30','2016-06-30 00:00:00','水电类',NULL,'范德萨发生','2016-06-30 16:25:20',3,NULL),(3,'20160630162301112','申万三','男','13552705586','恒大菊园3','吉林,长春,南关区','李四前','王光耀','2016-06-01','2016-06-30 00:00:00','水电类',NULL,'范德萨发生物权法热吻111','2016-06-30 16:25:20',0,NULL),(4,'20160630162301112','王二','男','13552705586','恒大菊园4','北京市东城区','张经理','王强','2016-06-30','2016-06-30 00:00:00','水电类',NULL,'范德萨发生','2016-06-30 16:25:20',1,NULL),(5,'20160630162301112','王二','男','13552705586','恒大菊园5','北京市东城区','张经理','王强','2016-06-30','2016-06-30 16:24:59','水电类',NULL,'范德萨发生','2016-06-30 16:25:20',1,NULL),(6,'20160630162301112','王二','男','13552705586','恒大菊园','北京,东城区,null','张经理','王强','2016-06-30','2016-06-30 00:00:00','水电类',0,'范德萨发生','2016-06-30 16:25:20',2,'三创装饰保定分公司'),(7,'20160630162301112','王二','男','13552705586','恒大菊园','北京市东城区','张经理','王强','2016-06-30','2016-06-30 16:24:59','水电类',NULL,'范德萨发生','2016-06-30 16:25:20',1,NULL),(8,'20160630162301112','王二','男','13552705586','恒大菊园','北京市东城区','张经理','王强','2016-06-30','2016-06-30 16:24:59','水电类',NULL,'范德萨发生','2016-06-30 16:25:20',1,NULL),(9,'20160630162301112','王二','男','13552705586','恒大菊园','北京市东城区','张经理','王强','2016-06-30','2016-06-30 16:24:59','水电类',NULL,'范德萨发生','2016-06-30 16:25:20',1,NULL),(10,'20160630162301112','王二','男','13552705586','恒大菊园11','北京市东城区','张经理','王强','2016-06-30','2016-06-30 16:24:59','水电类',NULL,'范德萨发生','2016-06-30 16:25:20',1,NULL),(11,'20160630162301112','王二','男','13552705586','恒大菊园','北京市东城区','张经理','王强','2016-06-30','2016-06-30 16:24:59','水电类',NULL,'范德萨发生','2016-06-30 16:25:20',1,NULL),(12,'20160630162301112','王二','男','13552705586','恒大菊园','北京市东城区','张经理','王强','2016-06-30','2016-06-30 16:24:59','水电类',NULL,'范德萨发生','2016-06-30 16:25:20',1,NULL),(13,'20160630162301112','王二','男','13552705586','恒大菊园','北京市东城区','张经理','王强','2016-06-30','2016-06-30 16:24:59','水电类',NULL,'范德萨发生','2016-06-30 16:25:20',1,NULL),(14,'20160630162301112','王二','男','13552705586','恒大菊园12','北京市东城区','张经理','王强','2016-06-30','2016-06-30 16:24:59','水电类',NULL,'范德萨发生','2016-06-30 16:25:20',1,NULL),(15,'20160630162301112','王二','男','13552705586','恒大菊园','北京市东城区','张经理','王强','2016-06-30','2016-06-30 16:24:59','水电类',NULL,'范德萨发生','2016-06-30 16:25:20',1,NULL),(16,'20160630162301112','王二','男','13552705586','恒大菊园','北京市东城区','张经理','王强','2016-06-30','2016-06-30 16:24:59','水电类',NULL,'范德萨发生','2016-06-30 16:25:20',1,NULL),(17,'20160630162301112','王二','男','13552705586','恒大菊12园','北京市东城区','张经理','王强','2016-06-30','2016-06-30 16:24:59','水电类',NULL,'范德萨发生','2016-06-30 16:25:20',1,NULL),(18,'20160630162301112','王二','男','13552705586','恒大菊园434','北京市东城区','张经理','王强','2016-06-30','2016-06-30 16:24:59','水电类',NULL,'范德萨发生','2016-06-30 16:25:20',1,NULL),(19,'20160630162301112','王二','男','13552705586','恒大菊园','北京市东城区','张经理','王强','2016-06-30','2016-06-30 16:24:59','水电类',NULL,'范德萨发生','2016-06-30 16:25:20',1,NULL),(20,'20160630162301112','王二','男','13552705586','恒大菊园','北京市东城区','张经理','王强','2016-06-30','2016-06-30 16:24:59','水电类',NULL,'范德萨发生','2016-06-30 16:25:20',1,NULL),(21,'20160630162301112','王二','男','13552705586','恒大菊园','北京市东城区','张经理','王强','2016-06-30','2016-06-30 16:24:59','水电类',NULL,'范德萨发生','2016-06-30 16:25:20',1,NULL),(22,'20160630162301112','王二','男','13552705586','恒大菊园','北京市东城区','张经理','王强','2016-06-30','2016-06-30 16:24:59','水电类',NULL,'范德萨发生','2016-06-30 16:25:20',1,NULL),(23,'20160630162301112','王二','男','13552705586','恒大菊园43','北京市东城区','张经理','王强','2016-06-30','2016-06-30 16:24:59','水电类',NULL,'范德萨发生','2016-06-30 16:25:20',1,NULL),(24,'20160630162301112','王二','男','13552705586','恒大菊园','北京市东城区','张经理','王强','2016-06-30','2016-06-30 16:24:59','水电类',NULL,'范德萨发生','2016-06-30 16:25:20',1,NULL),(25,'20160630162301112','王二','男','13552705586','恒大菊园','北京市东城区','张经理','王强','2016-06-30','2016-06-30 16:24:59','水电类',NULL,'范德萨发生','2016-06-30 16:25:20',1,NULL),(26,'20160630162301112','王二','男','13552705586','恒大菊园','北京市东城区','张经理','王强','2016-06-30','2016-06-30 16:24:59','水电类',NULL,'范德萨发生','2016-06-30 16:25:20',1,NULL),(27,'20160630162301112','王二','男','13552705586','恒大菊园','北京市东城区','张经理','王强','2016-06-30','2016-06-30 16:24:59','水电类',NULL,'范德萨发生','2016-06-30 16:25:20',1,NULL),(28,'20160630162301112','王二','男','13552705586','恒大菊园','北京市东城区','张经理','王强','2016-06-30','2016-06-30 16:24:59','水电类',NULL,'范德萨发生','2016-06-30 16:25:20',1,NULL),(29,'20160630162301112','王二','男','13552705586','恒大菊园','北京市东城区','张经理','王强','2016-06-30','2016-06-30 16:24:59','水电类',NULL,'范德萨发生','2016-06-30 16:25:20',1,NULL),(30,'20160630162301112','王二','男','13552705586','恒大菊园','北京市东城区','张经理','王强','2016-06-30','2016-06-30 16:24:59','水电类',NULL,'范德萨发生','2016-06-30 16:25:20',1,NULL),(31,'20160630162301112','王二','男','13552705586','恒大菊园','北京市东城区','张经理','王强','2016-06-30','2016-06-30 16:24:59','水电类',NULL,'范德萨发生','2016-06-30 16:25:20',1,NULL),(32,'20160630162301112','王二','男','13552705586','恒大菊园','北京市东城区','张经理','王强','2016-06-30','2016-06-30 16:24:59','水电类',NULL,'范德萨发生','2016-06-30 16:25:20',1,NULL);

/*Table structure for table `role` */

DROP TABLE IF EXISTS `role`;

CREATE TABLE `role` (
  `role_id` int(11) NOT NULL AUTO_INCREMENT COMMENT '角色ID',
  `role_name` varchar(100) DEFAULT NULL,
  `auth_id` int(11) DEFAULT NULL COMMENT '关联权限ID',
  `status` int(11) DEFAULT '1',
  `branch_company` varchar(100) DEFAULT NULL COMMENT '隶属分公司',
  `create_time` datetime DEFAULT NULL,
  `creater` varchar(100) DEFAULT NULL,
  `update_time` datetime DEFAULT NULL,
  `updater` varchar(100) DEFAULT NULL,
  PRIMARY KEY (`role_id`)
) ENGINE=InnoDB AUTO_INCREMENT=39 DEFAULT CHARSET=utf8;

/*Data for the table `role` */

insert  into `role`(`role_id`,`role_name`,`auth_id`,`status`,`branch_company`,`create_time`,`creater`,`update_time`,`updater`) values (29,'超级管理员',1,1,'三创装饰北京分公司','2016-07-12 22:53:23','admin','2016-07-12 23:12:09','admin'),(33,'三创设计师',14,1,'三创装饰北京分公司','2016-07-12 23:12:42','admin','2016-07-12 23:12:59','admin'),(34,'三创销售',15,1,'三创装饰北京分公司','2016-07-12 23:14:24','admin','2016-07-13 18:37:32','admin'),(35,'三创客服',16,1,'三创装饰北京分公司','2016-07-12 23:15:05','admin','2016-07-12 23:15:48','admin'),(36,'测试角色',NULL,3,'燕郊三创','2016-07-19 20:12:00','admin','2016-07-19 20:16:25','admin'),(37,'新洲网销',NULL,1,'北京三创','2016-07-19 20:16:12','admin','2016-07-19 20:16:12',NULL),(38,'三创网销',NULL,1,'北京三创','2016-07-19 20:28:04','admin','2016-07-19 20:28:04',NULL);

/*Table structure for table `role_auth` */

DROP TABLE IF EXISTS `role_auth`;

CREATE TABLE `role_auth` (
  `auth_id` int(11) NOT NULL AUTO_INCREMENT COMMENT '权限ID',
  `role_id` int(11) NOT NULL COMMENT '角色ID',
  `sypz` int(11) NOT NULL DEFAULT '0' COMMENT '首页配置',
  `zxal` int(11) NOT NULL DEFAULT '0' COMMENT '装修案例',
  `sjtd` int(11) NOT NULL DEFAULT '0' COMMENT '设计团队',
  `lpxx` int(11) NOT NULL DEFAULT '0' COMMENT '楼盘信息',
  `zjgd` int(11) NOT NULL DEFAULT '0' COMMENT '在建工地',
  `hxdp` int(11) NOT NULL DEFAULT '0' COMMENT '户型点评',
  `zxzx` int(11) NOT NULL DEFAULT '0' COMMENT '装修资讯',
  `zxdd` int(11) NOT NULL DEFAULT '0' COMMENT '在线订单',
  `zxbx` int(11) NOT NULL DEFAULT '0' COMMENT '在线报修',
  `zxwd` int(11) NOT NULL DEFAULT '0' COMMENT '装修问答',
  `lypl` int(11) NOT NULL DEFAULT '0' COMMENT '留言评论',
  PRIMARY KEY (`auth_id`)
) ENGINE=InnoDB AUTO_INCREMENT=20 DEFAULT CHARSET=utf8;

/*Data for the table `role_auth` */

insert  into `role_auth`(`auth_id`,`role_id`,`sypz`,`zxal`,`sjtd`,`lpxx`,`zjgd`,`hxdp`,`zxzx`,`zxdd`,`zxbx`,`zxwd`,`lypl`) values (1,29,1,1,1,1,1,1,1,1,1,1,1),(14,33,1,0,1,0,0,1,0,0,0,1,0),(15,34,1,0,0,1,1,0,0,1,1,0,0),(16,35,1,0,0,0,0,0,1,0,1,1,1),(17,36,1,0,0,0,1,0,0,0,1,0,0),(18,37,1,1,1,1,1,1,1,1,1,1,1),(19,38,1,1,1,1,1,1,1,1,1,1,1);

/*Table structure for table `sys_config` */

DROP TABLE IF EXISTS `sys_config`;

CREATE TABLE `sys_config` (
  `config_id` int(11) NOT NULL AUTO_INCREMENT,
  `key_name` varchar(100) DEFAULT NULL,
  `value` varchar(100) DEFAULT NULL,
  `note` varchar(200) DEFAULT NULL,
  PRIMARY KEY (`config_id`)
) ENGINE=InnoDB AUTO_INCREMENT=23 DEFAULT CHARSET=utf8;

/*Data for the table `sys_config` */

insert  into `sys_config`(`config_id`,`key_name`,`value`,`note`) values (1,'login_bg','null','登录背景图片'),(2,'server_upload_file_path','E:/upload/','图片上传保存路径'),(3,'account_case','1','用户帐户是否区分大小写'),(4,'default_password','Scinter2016','用户默认密码'),(5,'default_password_validity_time','10','默认密码有效期 单位：天'),(6,'login_captcha','1','登录验证码是否开启'),(7,'password_min_length','8','用户密码长度控制'),(8,'new_password_repeat','1','用户密码修改控制 新密码不能与当前密码相同'),(9,'new_password_uppercase','1','用户密码复杂度控制 大写字符个数'),(10,'new_password_lowercase','1','用户密码复杂度控制 小写字符个数'),(11,'new_password_number','1','用户密码复杂度控制 数字个数'),(12,'new_password_email','1','密码重置邮件通知是否开启'),(13,'session_timeout','60','会话失效时间 单位：分钟'),(14,'session_update_time','30','用户在线状态更新间隔 单位：秒'),(15,'scinter_website_name','会达装饰集团网站集成管理系统','三创网站名称'),(16,'scinter_logo_url','/images/2016/07/20/ffMGtEq2.png','后台左上方logo URL地址'),(17,'smtp_server','smtp.126.com','邮件SMTP服务器'),(18,'email_address','sandisk_pkgwarp@126.com','自动发送邮件的邮箱地址'),(19,'email_password','pkgwarp','邮箱密码'),(20,'database_password','YvFMbPg542pVW7OR','数据库密码'),(21,'database_back_datetime','1','数据库备份时间间隔 单位：天'),(22,'scinter_login_bg','/images/2016/07/20/MtOd573A.jpg','后台登录背景图URL');

/*Table structure for table `sys_log` */

DROP TABLE IF EXISTS `sys_log`;

CREATE TABLE `sys_log` (
  `log_id` int(11) NOT NULL AUTO_INCREMENT,
  `desc_name` varchar(100) DEFAULT NULL COMMENT '业务名称 操作描述',
  `operation_type` varchar(50) DEFAULT NULL COMMENT '操作类型 登录 注销 上传 新增 删除 编辑 查询 百度爬虫 360爬虫',
  `main_key` int(11) NOT NULL COMMENT '操作表主键',
  `table_name` varchar(100) DEFAULT NULL COMMENT '操作表名',
  `log_status` int(11) DEFAULT '1' COMMENT '状态 1正常 3删除',
  `create_time` datetime DEFAULT NULL COMMENT '操作时间',
  `creater` varchar(50) DEFAULT NULL COMMENT '操作人',
  PRIMARY KEY (`log_id`)
) ENGINE=InnoDB AUTO_INCREMENT=2824 DEFAULT CHARSET=utf8;

/*Data for the table `sys_log` */

insert  into `sys_log`(`log_id`,`desc_name`,`operation_type`,`main_key`,`table_name`,`log_status`,`create_time`,`creater`) values (1,'用户:王二查找热装楼盘...','查找',1,'hot_building',3,'2016-07-12 13:12:10','王二'),(2,'用户:王二查找热装楼盘...','查找',1,'hot_building',3,'2016-07-12 13:12:12','王二'),(3,'用户:王二查找热装楼盘...','查找',1,'hot_building',3,'2016-07-12 13:12:28','王二'),(4,'用户:王二查找热装楼盘...','查找',1,'hot_building',3,'2016-07-12 13:12:53','王二'),(5,'用户:王二查找热装楼盘...','查找',1,'hot_building',3,'2016-07-12 13:12:54','王二'),(6,'用户:王二查找热装楼盘...','查找',1,'hot_building',3,'2016-07-12 13:12:55','王二'),(7,'用户:王二查找热装楼盘...','查找',1,'hot_building',3,'2016-07-12 13:12:56','王二'),(8,'用户:王二查找热装楼盘...','查找',1,'hot_building',3,'2016-07-12 13:13:15','王二'),(9,'用户:王二查找热装楼盘...','查找',1,'hot_building',3,'2016-07-12 13:15:07','王二'),(10,'用户:王二查找热装楼盘...','查找',1,'hot_building',3,'2016-07-12 13:15:28','王二'),(11,'用户:王二查找热装楼盘...','查找',1,'hot_building',3,'2016-07-12 13:15:29','王二'),(12,'用户:王二查找热装楼盘...','查找',1,'hot_building',3,'2016-07-12 13:16:02','王二'),(13,'用户:王二查找热装楼盘...','查找',1,'hot_building',3,'2016-07-12 22:30:06','王二'),(14,'用户:王二查找热装楼盘...','查找',1,'hot_building',3,'2016-07-12 22:30:21','王二'),(15,'用户:王二查找热装楼盘...','查找',1,'hot_building',3,'2016-07-12 22:31:03','王二'),(16,'用户：王二注销登录!','注销',645,'user',3,'2016-07-13 15:34:27','王二'),(17,'用户：王二新增用户信息','新增',657,'user',1,'2016-07-13 15:35:51','王二'),(18,'用户：王二修改编辑在线报修信息','修改',7,'repair',1,'2016-07-13 15:36:53','王二'),(19,'用户：王二查询查看在线报修信息','查询',8,'faq',1,'2016-07-13 15:37:02','王二'),(20,'用户：王二查询查看在线报修信息','查询',9,'faq',1,'2016-07-13 15:37:18','王二'),(21,'用户：王二修改编辑在线报修信息','修改',5,'repair',1,'2016-07-13 15:37:29','王二'),(22,'用户：王二注销登录!','注销',645,'user',1,'2016-07-13 15:39:36','王二'),(23,'用户：王二登录成功登录系统','登录',645,'user',1,'2016-07-13 18:33:36','王二'),(24,'用户：王二注销登录!','注销',645,'user',1,'2016-07-13 18:35:02','王二'),(25,'用户：王二登录成功登录系统','登录',645,'user',1,'2016-07-13 18:35:08','王二'),(26,'用户：王二注销登录!','注销',645,'user',1,'2016-07-13 18:35:38','王二'),(27,'用户：王二登录系统','登录',645,'user',1,'2016-07-13 18:35:56','王二'),(28,'用户：王二登录系统','登录',645,'user',1,'2016-07-13 18:36:52','王二'),(29,'用户：王二登录系统','登录',645,'user',1,'2016-07-14 10:51:59','王二'),(30,'用户：王二注销登录!','注销',645,'user',1,'2016-07-14 11:23:50','王二'),(31,'用户：栗倩登录系统','登录',656,'user',1,'2016-07-14 11:24:03','栗倩'),(32,'用户：栗倩注销登录!','注销',656,'user',1,'2016-07-14 11:24:09','栗倩'),(33,'用户：王二登录系统','登录',645,'user',1,'2016-07-14 11:24:14','王二'),(34,'用户：王二登录系统','登录',645,'user',1,'2016-07-14 13:13:04','王二'),(35,'用户：王二新增用户信息','新增',658,'user',1,'2016-07-14 13:13:53','王二'),(36,'用户：王二查询查看用户信息','查询',658,'user',1,'2016-07-14 13:13:57','王二'),(37,'用户：王二查询查看用户信息','查询',656,'user',1,'2016-07-14 13:14:44','王二'),(38,'用户：王二查询查看用户信息','查询',654,'user',1,'2016-07-14 13:14:46','王二'),(39,'用户：王二注销登录!','注销',645,'user',1,'2016-07-14 13:14:51','王二'),(40,'用户：刘勋登录系统','登录',658,'user',1,'2016-07-14 13:15:04','刘勋'),(41,'用户：刘勋注销登录!','注销',658,'user',1,'2016-07-14 13:15:27','刘勋'),(42,'用户：刘勋登录系统','登录',658,'user',1,'2016-07-14 13:24:47','刘勋'),(43,'用户：王二登录系统','登录',645,'user',1,'2016-07-14 13:25:06','王二'),(44,'用户：王二查询查看用户信息','查询',656,'user',1,'2016-07-14 13:25:23','王二'),(45,'用户：王二查询查看用户信息','查询',658,'user',1,'2016-07-14 13:25:25','王二'),(46,'用户：王二查询重置用户密码','查询',658,'user',1,'2016-07-14 13:25:35','王二'),(47,'用户：王二注销登录!','注销',645,'user',1,'2016-07-14 13:25:37','王二'),(48,'用户：刘勋登录系统','登录',658,'user',1,'2016-07-14 13:25:45','刘勋'),(49,'用户：刘勋注销登录!','注销',658,'user',1,'2016-07-14 13:26:07','刘勋'),(50,'用户：刘勋登录系统','登录',658,'user',1,'2016-07-14 13:26:13','刘勋'),(51,'用户：王二登录系统','登录',645,'user',1,'2016-07-14 15:48:32','王二'),(52,'用户：王二查询角色列表信息','查询',0,'role',1,'2016-07-14 15:48:33','王二'),(53,'用户：王二查询装修案例列表信息','查询',0,'cases',1,'2016-07-14 15:48:35','王二'),(54,'用户：王二查询用户列表信息','查询',0,'user',1,'2016-07-14 15:48:51','王二'),(55,'用户：王二查询在线用户列表信息','查询',0,'house_type_review',1,'2016-07-14 15:48:56','王二'),(56,'用户：王二查询在线用户列表信息','查询',0,'house_type_review',1,'2016-07-14 15:48:58','王二'),(57,'用户：王二查询在线用户列表信息','查询',0,'house_type_review',1,'2016-07-14 15:49:16','王二'),(58,'用户：王二查询在线用户列表信息','查询',0,'house_type_review',1,'2016-07-14 15:49:18','王二'),(59,'用户：王二查询在线用户列表信息','查询',0,'house_type_review',1,'2016-07-14 15:49:19','王二'),(60,'用户：王二查询在线用户列表信息','查询',0,'house_type_review',1,'2016-07-14 15:49:22','王二'),(61,'用户：王二查询在线用户列表信息','查询',0,'',1,'2016-07-14 15:57:54','王二'),(62,'用户：王二注销登录','注销',645,'user',1,'2016-07-14 15:57:57','王二'),(63,'用户：王二登录系统','登录',645,'user',1,'2016-07-14 15:58:09','王二'),(64,'用户：王二查询角色列表信息','查询',0,'role',1,'2016-07-14 15:58:09','王二'),(65,'用户：王二查询装修案例列表信息','查询',0,'cases',1,'2016-07-14 15:58:10','王二'),(66,'用户：王二查询用户列表信息','查询',0,'user',1,'2016-07-14 15:58:12','王二'),(67,'用户：王二查询在线用户列表信息','查询',0,'',1,'2016-07-14 15:58:14','王二'),(68,'用户：王二查询在线用户列表信息','查询',0,'',1,'2016-07-14 15:58:22','王二'),(69,'用户：王二查询用户列表信息','查询',0,'user',1,'2016-07-14 15:58:23','王二'),(70,'用户：王二查询三创公用账号信息','查询',657,'user',1,'2016-07-14 15:58:32','王二'),(71,'用户：王二修改用户信息','修改',657,'user',1,'2016-07-14 15:58:42','王二'),(72,'用户：王二查询用户列表信息','查询',0,'user',1,'2016-07-14 15:58:42','王二'),(73,'用户：王二查询三创公用账号信息','查询',657,'user',1,'2016-07-14 15:58:44','王二'),(74,'用户：王二查询三创公用账号信息','查询',657,'user',1,'2016-07-14 15:58:45','王二'),(75,'用户：王二查询三创公用账号信息','查询',657,'user',1,'2016-07-14 15:58:46','王二'),(76,'用户：王二修改用户密码','修改',657,'user',1,'2016-07-14 15:58:58','王二'),(77,'用户：王二查询用户列表信息','查询',0,'user',1,'2016-07-14 15:59:46','王二'),(78,'用户：王二查询三创公用账号信息','查询',657,'user',1,'2016-07-14 15:59:47','王二'),(79,'用户：王二修改用户密码','修改',657,'user',1,'2016-07-14 16:00:29','王二'),(80,'用户：王二登录系统','登录',645,'user',1,'2016-07-14 16:02:58','王二'),(81,'用户：王二查询角色列表信息','查询',0,'role',1,'2016-07-14 16:02:58','王二'),(82,'用户：王二查询装修案例列表信息','查询',0,'cases',1,'2016-07-14 16:02:59','王二'),(83,'用户：王二查询用户列表信息','查询',0,'user',1,'2016-07-14 16:03:01','王二'),(84,'用户：王二查询用户列表信息','查询',0,'user',1,'2016-07-14 16:03:04','王二'),(85,'用户：王二查询用户列表信息','查询',0,'user',1,'2016-07-14 16:03:10','王二'),(86,'用户：王二修改用户密码','修改',657,'user',1,'2016-07-14 16:03:36','王二'),(87,'用户：王二查询三创公用账号信息','查询',657,'user',1,'2016-07-14 16:03:42','王二'),(88,'用户：王二查询角色列表信息','查询',0,'role',1,'2016-07-14 16:03:44','王二'),(89,'用户：王二登录系统','登录',645,'user',1,'2016-07-15 10:57:56','王二'),(90,'用户：王二查询角色列表信息','查询',0,'role',1,'2016-07-15 10:57:57','王二'),(91,'用户：王二查询装修案例列表信息','查询',0,'cases',1,'2016-07-15 10:57:58','王二'),(92,'用户：王二查询用户列表信息','查询',0,'user',1,'2016-07-15 10:58:09','王二'),(93,'用户：王二查询用户列表信息','查询',0,'user',1,'2016-07-15 10:58:57','王二'),(94,'用户：王二登录系统','登录',645,'user',1,'2016-07-15 11:35:48','王二'),(95,'用户：王二查询角色列表信息','查询',0,'role',1,'2016-07-15 11:35:49','王二'),(96,'用户：王二查询装修案例列表信息','查询',0,'cases',1,'2016-07-15 11:35:50','王二'),(97,'用户：王二查询用户列表信息','查询',0,'user',1,'2016-07-15 11:35:51','王二'),(98,'用户：王二查询在线用户列表信息','查询',0,'',1,'2016-07-15 11:35:56','王二'),(99,'用户：王二查询用户列表信息','查询',0,'user',1,'2016-07-15 11:35:57','王二'),(100,'用户：王二新增用户scinter','新增',659,'user',1,'2016-07-15 11:36:29','王二'),(101,'用户：王二查询用户列表信息','查询',0,'user',1,'2016-07-15 11:36:29','王二'),(102,'用户：王二新增用户scinter','新增',660,'user',1,'2016-07-15 11:36:30','王二'),(103,'用户：王二查询用户列表信息','查询',0,'user',1,'2016-07-15 11:36:30','王二'),(104,'用户：王二查询用户列表信息','查询',0,'user',1,'2016-07-15 11:37:50','王二'),(105,'用户：王二新增用户scinter','新增',661,'user',1,'2016-07-15 11:39:27','王二'),(106,'用户：王二查询用户列表信息','查询',0,'user',1,'2016-07-15 11:39:27','王二'),(107,'用户：王二查询用户列表信息','查询',0,'user',1,'2016-07-15 11:40:08','王二'),(108,'用户：王二新增用户scinter','新增',662,'user',1,'2016-07-15 11:40:21','王二'),(109,'用户：王二查询用户列表信息','查询',0,'user',1,'2016-07-15 11:40:21','王二'),(110,'用户：王二新增用户scinter','新增',663,'user',1,'2016-07-15 11:42:17','王二'),(111,'用户：王二查询用户列表信息','查询',0,'user',1,'2016-07-15 11:42:17','王二'),(112,'用户：王二登录系统','登录',645,'user',1,'2016-07-15 11:46:13','王二'),(113,'用户：王二查询角色列表信息','查询',0,'role',1,'2016-07-15 11:46:14','王二'),(114,'用户：王二查询装修案例列表信息','查询',0,'cases',1,'2016-07-15 11:46:14','王二'),(115,'用户：王二查询用户列表信息','查询',0,'user',1,'2016-07-15 11:46:18','王二'),(116,'用户：王二查询角色列表信息','查询',0,'role',1,'2016-07-15 11:46:37','王二'),(117,'用户：王二查询装修案例列表信息','查询',0,'cases',1,'2016-07-15 11:46:37','王二'),(118,'用户：王二查询角色列表信息','查询',0,'role',1,'2016-07-15 11:46:38','王二'),(119,'用户：王二查询装修案例列表信息','查询',0,'cases',1,'2016-07-15 11:46:39','王二'),(120,'用户：王二查询用户列表信息','查询',0,'user',1,'2016-07-15 11:46:40','王二'),(121,'用户：王二查询在线用户列表信息','查询',0,'',1,'2016-07-15 11:46:43','王二'),(122,'用户：王二查询用户列表信息','查询',0,'user',1,'2016-07-15 11:46:44','王二'),(123,'用户：王二查询用户列表信息','查询',0,'user',1,'2016-07-15 11:53:23','王二'),(124,'用户：王二查询三创公用账号信息','查询',657,'user',1,'2016-07-15 11:53:24','王二'),(125,'用户：王二查询三创公用账号信息','查询',657,'user',1,'2016-07-15 11:53:25','王二'),(126,'用户：王二查询栗倩信息','查询',656,'user',1,'2016-07-15 11:53:34','王二'),(127,'用户：王二修改用户信息','修改',656,'user',1,'2016-07-15 11:53:39','王二'),(128,'用户：王二查询用户列表信息','查询',0,'user',1,'2016-07-15 11:53:40','王二'),(129,'用户：王二修改用户信息','修改',656,'user',1,'2016-07-15 11:53:43','王二'),(130,'用户：王二查询用户列表信息','查询',0,'user',1,'2016-07-15 11:53:44','王二'),(131,'用户：王二查询三创公用账号信息','查询',657,'user',1,'2016-07-15 11:53:45','王二'),(132,'用户：王二新增用户test1','新增',664,'user',1,'2016-07-15 11:54:25','王二'),(133,'用户：王二查询用户列表信息','查询',0,'user',1,'2016-07-15 11:54:25','王二'),(134,'用户：王二查询测试帐号信息','查询',664,'user',1,'2016-07-15 11:54:27','王二'),(135,'用户：王二修改重置密码提醒邮件发送异常','修改',664,'',1,'2016-07-15 11:54:32','王二'),(136,'用户：王二修改用户密码','修改',664,'user',1,'2016-07-15 11:54:32','王二'),(137,'用户：王二查询测试帐号信息','查询',664,'user',1,'2016-07-15 11:55:15','王二'),(138,'用户：王二查询测试帐号信息','查询',664,'user',1,'2016-07-15 11:55:17','王二'),(139,'用户：王二查询三创公用账号信息','查询',657,'user',1,'2016-07-15 11:55:28','王二'),(140,'用户：王二查询张志伟信息','查询',655,'user',1,'2016-07-15 11:55:29','王二'),(141,'用户：王二查询刘旭信息','查询',654,'user',1,'2016-07-15 11:55:30','王二'),(142,'用户：王二查询刘勋信息','查询',658,'user',1,'2016-07-15 11:55:31','王二'),(143,'用户：王二查询王二信息','查询',645,'user',1,'2016-07-15 11:55:32','王二'),(144,'用户：王二查询测试帐号信息','查询',664,'user',1,'2016-07-15 11:55:34','王二'),(145,'用户：王二新增用户test2','新增',665,'user',1,'2016-07-15 11:55:54','王二'),(146,'用户：王二查询用户列表信息','查询',0,'user',1,'2016-07-15 11:55:54','王二'),(147,'用户：王二查询测试帐号2信息','查询',665,'user',1,'2016-07-15 11:55:57','王二'),(148,'用户：王二查询测试帐号信息','查询',664,'user',1,'2016-07-15 11:56:00','王二'),(149,'用户：王二查询测试帐号2信息','查询',665,'user',1,'2016-07-15 11:56:02','王二'),(150,'用户：王二查询测试帐号2信息','查询',665,'user',1,'2016-07-15 11:56:03','王二'),(151,'用户：王二查询测试帐号2信息','查询',665,'user',1,'2016-07-15 11:56:04','王二'),(152,'用户：王二查询测试帐号2信息','查询',665,'user',1,'2016-07-15 11:57:32','王二'),(153,'用户：王二新增用户test3','新增',666,'user',1,'2016-07-15 11:59:05','王二'),(154,'用户：王二查询用户列表信息','查询',0,'user',1,'2016-07-15 11:59:06','王二'),(155,'用户：王二查询测试帐号3信息','查询',666,'user',1,'2016-07-15 12:00:19','王二'),(156,'用户：王二查询测试帐号2信息','查询',665,'user',1,'2016-07-15 12:00:21','王二'),(157,'用户：王二查询测试帐号信息','查询',664,'user',1,'2016-07-15 12:00:22','王二'),(158,'用户：王二查询测试帐号2信息','查询',665,'user',1,'2016-07-15 12:00:23','王二'),(159,'用户：王二查询测试帐号3信息','查询',666,'user',1,'2016-07-15 12:00:25','王二'),(160,'用户：王二查询测试帐号信息','查询',664,'user',1,'2016-07-15 12:00:29','王二'),(161,'用户：王二查询用户列表信息','查询',0,'user',1,'2016-07-15 12:03:56','王二'),(162,'用户：王二查询用户列表信息','查询',0,'user',1,'2016-07-15 12:03:59','王二'),(163,'用户：王二查询测试帐号3信息','查询',666,'user',1,'2016-07-15 12:04:01','王二'),(164,'用户：王二修改重置密码提醒邮件发送异常','修改',666,'',1,'2016-07-15 12:04:07','王二'),(165,'用户：王二修改用户密码','修改',666,'user',1,'2016-07-15 12:04:07','王二'),(166,'用户：王二登录系统','登录',645,'user',1,'2016-07-15 12:05:50','王二'),(167,'用户：王二查询角色列表信息','查询',0,'role',1,'2016-07-15 12:05:50','王二'),(168,'用户：王二查询装修案例列表信息','查询',0,'cases',1,'2016-07-15 12:05:51','王二'),(169,'用户：王二查询用户列表信息','查询',0,'user',1,'2016-07-15 12:05:53','王二'),(170,'用户：王二查询测试帐号3信息','查询',666,'user',1,'2016-07-15 12:05:55','王二'),(171,'用户：王二修改用户密码','修改',666,'user',1,'2016-07-15 12:06:01','王二'),(172,'用户：王二查询用户列表信息','查询',0,'user',1,'2016-07-15 12:51:34','王二'),(173,'用户：王二查询用户列表信息','查询',0,'user',1,'2016-07-15 12:51:35','王二'),(174,'用户：王二查询测试帐号3信息','查询',666,'user',1,'2016-07-15 12:51:36','王二'),(175,'用户：王二修改用户密码','修改',666,'user',1,'2016-07-15 12:51:40','王二'),(176,'用户：王二查询用户列表信息','查询',0,'user',1,'2016-07-15 12:52:06','王二'),(177,'用户：王二查询测试帐号3信息','查询',666,'user',1,'2016-07-15 12:52:06','王二'),(178,'用户：王二修改用户密码','修改',666,'user',1,'2016-07-15 12:52:10','王二'),(179,'用户：王二查询用户列表信息','查询',0,'user',1,'2016-07-15 12:52:13','王二'),(180,'用户：王二查询用户列表信息','查询',0,'user',1,'2016-07-15 12:52:13','王二'),(181,'用户：王二查询用户列表信息','查询',0,'user',1,'2016-07-15 12:52:14','王二'),(182,'用户：王二查询用户列表信息','查询',0,'user',1,'2016-07-15 12:52:14','王二'),(183,'用户：王二查询张志伟信息','查询',655,'user',1,'2016-07-15 12:54:07','王二'),(184,'用户：王二注销登录','注销',645,'user',1,'2016-07-15 12:54:12','王二'),(185,'用户：王二登录系统','登录',645,'user',1,'2016-07-15 12:54:25','王二'),(186,'用户：王二查询角色列表信息','查询',0,'role',1,'2016-07-15 12:54:25','王二'),(187,'用户：王二查询装修案例列表信息','查询',0,'cases',1,'2016-07-15 12:54:26','王二'),(188,'用户：王二查询用户列表信息','查询',0,'user',1,'2016-07-15 12:54:36','王二'),(189,'用户：王二查询测试帐号3信息','查询',666,'user',1,'2016-07-15 12:54:37','王二'),(190,'用户：王二查询测试帐号3信息','查询',666,'user',1,'2016-07-15 12:54:38','王二'),(191,'用户：王二修改用户密码','修改',666,'user',1,'2016-07-15 12:54:44','王二'),(192,'用户：王二登录系统','登录',645,'user',1,'2016-07-15 16:34:36','王二'),(193,'用户：王二查询角色列表信息','查询',0,'role',1,'2016-07-15 16:34:37','王二'),(194,'用户：王二查询装修案例列表信息','查询',0,'cases',1,'2016-07-15 16:34:38','王二'),(195,'用户：王二查询用户列表信息','查询',0,'user',1,'2016-07-15 16:41:34','王二'),(196,'用户：王二修改用户密码','修改',666,'user',1,'2016-07-15 16:41:42','王二'),(197,'用户：王二查询用户列表信息','查询',0,'user',1,'2016-07-15 16:43:53','王二'),(198,'用户：王二查询用户列表信息','查询',0,'user',1,'2016-07-15 16:44:35','王二'),(199,'用户：王二修改用户密码','修改',666,'user',1,'2016-07-15 16:46:52','王二'),(200,'用户：王二修改用户密码','修改',665,'user',1,'2016-07-15 16:46:52','王二'),(201,'用户：王二修改用户密码','修改',664,'user',1,'2016-07-15 16:46:53','王二'),(202,'用户：王二查询用户列表信息','查询',0,'user',1,'2016-07-15 16:46:57','王二'),(203,'用户：王二查询用户列表信息','查询',0,'user',1,'2016-07-15 16:47:43','王二'),(204,'用户：王二查询测试帐号信息','查询',664,'user',1,'2016-07-15 16:47:47','王二'),(205,'用户：王二修改用户密码','修改',666,'user',1,'2016-07-15 16:48:08','王二'),(206,'用户：王二修改用户密码','修改',665,'user',1,'2016-07-15 16:48:08','王二'),(207,'用户：王二修改用户密码','修改',664,'user',1,'2016-07-15 16:48:08','王二'),(208,'用户：王二查询用户列表信息','查询',0,'user',1,'2016-07-15 16:48:11','王二'),(209,'用户：王二查询测试帐号2信息','查询',665,'user',1,'2016-07-15 16:48:13','王二'),(210,'用户：王二查询用户列表信息','查询',0,'user',1,'2016-07-15 16:48:19','王二'),(211,'用户：王二修改用户密码','修改',666,'user',1,'2016-07-15 16:48:35','王二'),(212,'用户：王二查询用户列表信息','查询',0,'user',1,'2016-07-15 16:48:43','王二'),(213,'用户：王二注销登录','注销',645,'user',1,'2016-07-15 16:52:15','王二'),(214,'用户：测试帐号登录系统','登录',664,'user',1,'2016-07-15 16:52:33','测试帐号'),(215,'用户：测试帐号修改用户密码','修改',664,'user',1,'2016-07-15 16:55:33','测试帐号'),(216,'用户：测试帐号注销登录','注销',664,'user',1,'2016-07-15 16:55:36','测试帐号'),(217,'用户：测试帐号登录系统','登录',664,'user',1,'2016-07-15 16:55:52','测试帐号'),(218,'用户：测试帐号查询角色列表信息','查询',0,'role',1,'2016-07-15 16:55:52','测试帐号'),(219,'用户：测试帐号查询装修案例列表信息','查询',0,'cases',1,'2016-07-15 16:55:53','测试帐号'),(220,'用户：测试帐号查询户型点评列表信息','查询',0,'house_type_review',1,'2016-07-15 16:55:54','测试帐号'),(221,'用户：测试帐号查询在线订单列表信息','查询',0,'order_info',1,'2016-07-15 16:55:55','测试帐号'),(222,'用户：测试帐号查询在线报修列表信息','查询',0,'repair',1,'2016-07-15 16:55:58','测试帐号'),(223,'用户：测试帐号查询热装楼盘列表信息','查询',0,'hot_building',1,'2016-07-15 16:55:59','测试帐号'),(224,'用户：测试帐号查询户型点评列表信息','查询',0,'house_type_review',1,'2016-07-15 16:55:59','测试帐号'),(225,'用户：测试帐号查询在线订单列表信息','查询',0,'order_info',1,'2016-07-15 16:56:01','测试帐号'),(226,'用户：测试帐号查询在线报修列表信息','查询',0,'repair',1,'2016-07-15 16:56:02','测试帐号'),(227,'用户：测试帐号查询装修案例列表信息','查询',0,'cases',1,'2016-07-15 16:56:03','测试帐号'),(228,'用户：测试帐号查询装修案例列表信息','查询',0,'cases',1,'2016-07-15 16:56:04','测试帐号'),(229,'用户：测试帐号登录系统','登录',664,'user',1,'2016-07-15 16:58:33','测试帐号'),(230,'用户：测试帐号查询用户列表信息','查询',0,'user',1,'2016-07-15 16:58:34','测试帐号'),(231,'用户：测试帐号登录系统','登录',664,'user',1,'2016-07-15 16:58:40','测试帐号'),(232,'用户：测试帐号查询用户列表信息','查询',0,'user',1,'2016-07-15 16:58:41','测试帐号'),(233,'用户：测试帐号查询用户列表信息','查询',0,'user',1,'2016-07-15 16:58:48','测试帐号'),(234,'用户：测试帐号查询角色列表信息','查询',0,'role',1,'2016-07-15 16:58:53','测试帐号'),(235,'用户：测试帐号查询装修案例列表信息','查询',0,'cases',1,'2016-07-15 16:58:53','测试帐号'),(236,'用户：测试帐号查询角色列表信息','查询',0,'role',1,'2016-07-15 16:58:55','测试帐号'),(237,'用户：测试帐号查询装修案例列表信息','查询',0,'cases',1,'2016-07-15 16:58:55','测试帐号'),(238,'用户：测试帐号查询角色列表信息','查询',0,'role',1,'2016-07-15 16:58:56','测试帐号'),(239,'用户：测试帐号查询装修案例列表信息','查询',0,'cases',1,'2016-07-15 16:58:57','测试帐号'),(240,'用户：测试帐号查询角色列表信息','查询',0,'role',1,'2016-07-15 16:58:57','测试帐号'),(241,'用户：测试帐号查询装修案例列表信息','查询',0,'cases',1,'2016-07-15 16:58:58','测试帐号'),(242,'用户：测试帐号查询用户列表信息','查询',0,'user',1,'2016-07-15 16:59:04','测试帐号'),(243,'用户：测试帐号查询用户列表信息','查询',0,'user',1,'2016-07-15 16:59:12','测试帐号'),(244,'用户：测试帐号注销登录','注销',664,'user',1,'2016-07-15 17:00:05','测试帐号'),(245,'用户：测试帐号登录系统','登录',664,'user',1,'2016-07-15 17:00:33','测试帐号'),(246,'用户：测试帐号查询角色列表信息','查询',0,'role',1,'2016-07-15 17:00:34','测试帐号'),(247,'用户：测试帐号查询装修案例列表信息','查询',0,'cases',1,'2016-07-15 17:00:35','测试帐号'),(248,'用户：测试帐号查询热装楼盘列表信息','查询',0,'hot_building',1,'2016-07-15 17:00:38','测试帐号'),(249,'用户：测试帐号查询户型点评列表信息','查询',0,'house_type_review',1,'2016-07-15 17:00:39','测试帐号'),(250,'用户：测试帐号登录系统','登录',664,'user',1,'2016-07-15 17:00:41','测试帐号'),(251,'用户：测试帐号查询用户列表信息','查询',0,'user',1,'2016-07-15 17:00:42','测试帐号'),(252,'用户：测试帐号登录系统','登录',664,'user',1,'2016-07-15 17:02:03','测试帐号'),(253,'用户：测试帐号查询角色列表信息','查询',0,'role',1,'2016-07-15 17:02:04','测试帐号'),(254,'用户：测试帐号查询装修案例列表信息','查询',0,'cases',1,'2016-07-15 17:02:04','测试帐号'),(255,'用户：测试帐号登录系统','登录',664,'user',1,'2016-07-15 17:02:07','测试帐号'),(256,'用户：测试帐号查询角色列表信息','查询',0,'role',1,'2016-07-15 17:02:07','测试帐号'),(257,'用户：测试帐号查询装修案例列表信息','查询',0,'cases',1,'2016-07-15 17:02:08','测试帐号'),(258,'用户：测试帐号查询户型点评列表信息','查询',0,'house_type_review',1,'2016-07-15 17:02:10','测试帐号'),(259,'用户：测试帐号修改用户信息','修改',664,'user',1,'2016-07-15 17:02:22','测试帐号'),(260,'用户：测试帐号注销登录','注销',664,'user',1,'2016-07-15 17:02:25','测试帐号'),(261,'用户：王二登录系统','登录',645,'user',1,'2016-07-15 17:02:33','王二'),(262,'用户：王二查询角色列表信息','查询',0,'role',1,'2016-07-15 17:02:34','王二'),(263,'用户：王二查询装修案例列表信息','查询',0,'cases',1,'2016-07-15 17:02:34','王二'),(264,'用户：王二查询装修案例列表信息','查询',0,'cases',1,'2016-07-15 17:22:24','王二'),(265,'用户：王二查询用户列表信息','查询',0,'user',1,'2016-07-15 17:22:25','王二'),(266,'用户：王二查询用户列表信息','查询',0,'user',1,'2016-07-15 17:22:30','王二'),(267,'用户：王二查询角色列表信息','查询',0,'role',1,'2016-07-15 17:22:32','王二'),(268,'用户：王二查询装修案例列表信息','查询',0,'cases',1,'2016-07-15 17:22:32','王二'),(269,'用户：王二查询用户列表信息','查询',0,'user',1,'2016-07-15 17:22:34','王二'),(270,'用户：王二登录系统','登录',645,'user',1,'2016-07-15 17:24:55','王二'),(271,'用户：王二查询角色列表信息','查询',0,'role',1,'2016-07-15 17:24:56','王二'),(272,'用户：王二查询装修案例列表信息','查询',0,'cases',1,'2016-07-15 17:24:56','王二'),(273,'用户：王二查询用户列表信息','查询',0,'user',1,'2016-07-15 17:25:21','王二'),(274,'用户：王二查询角色列表信息','查询',0,'role',1,'2016-07-15 17:36:02','王二'),(275,'用户：王二查询装修案例列表信息','查询',0,'cases',1,'2016-07-15 17:36:03','王二'),(276,'用户：王二查询装修案例信息','查询',57,'cases',1,'2016-07-15 17:36:04','王二'),(277,'用户：王二上传装修案例缩略图','上传',57,'cases',1,'2016-07-15 17:36:17','王二'),(278,'用户：王二上传装修案例展示图片','上传',129,'cases_show_image',1,'2016-07-15 17:36:21','王二'),(279,'用户：王二查询装修案例信息','查询',57,'cases',1,'2016-07-15 17:36:24','王二'),(280,'用户：王二查询设计师列表信息','查询',0,'designer',1,'2016-07-15 17:36:45','王二'),(281,'用户：王二查询热装楼盘列表信息','查询',0,'hot_building',1,'2016-07-15 17:36:46','王二'),(282,'用户：王二查询热装楼盘信息','查询',1,'hot_building',1,'2016-07-15 17:36:47','王二'),(283,'用户：王二上传热装楼盘图片','上传',1,'hot_building',1,'2016-07-15 17:36:58','王二'),(284,'用户：王二查询热装楼盘信息','查询',1,'hot_building',1,'2016-07-15 17:37:00','王二'),(285,'用户：王二查询热装楼盘信息','查询',1,'hot_building',1,'2016-07-15 17:37:02','王二'),(286,'用户：王二查询户型点评列表信息','查询',0,'house_type_review',1,'2016-07-15 17:37:09','王二'),(287,'用户：王二查询热装楼盘列表信息','查询',0,'hot_building',1,'2016-07-15 17:37:10','王二'),(288,'用户：王二查询热装楼盘信息','查询',1,'hot_building',1,'2016-07-15 17:37:12','王二'),(289,'用户：王二修改热装楼盘信息','修改',1,'hot_building',1,'2016-07-15 17:38:23','王二'),(290,'用户：王二查询热装楼盘列表信息','查询',0,'hot_building',1,'2016-07-15 17:38:23','王二'),(291,'用户：王二查询热装楼盘列表信息','查询',0,'hot_building',1,'2016-07-15 17:38:25','王二'),(292,'用户：王二查询热装楼盘信息','查询',1,'hot_building',1,'2016-07-15 17:38:26','王二'),(293,'用户：王二修改热装楼盘信息','修改',1,'hot_building',1,'2016-07-15 17:38:31','王二'),(294,'用户：王二查询热装楼盘列表信息','查询',0,'hot_building',1,'2016-07-15 17:38:31','王二'),(295,'用户：王二上传热装楼盘图片','上传',1,'hot_building',1,'2016-07-15 17:38:36','王二'),(296,'用户：王二查询热装楼盘信息','查询',1,'hot_building',1,'2016-07-15 17:38:37','王二'),(297,'用户：王二查询热装楼盘信息','查询',1,'hot_building',1,'2016-07-15 17:38:38','王二'),(298,'用户：王二查询户型点评列表信息','查询',0,'house_type_review',1,'2016-07-15 17:38:40','王二'),(299,'用户：王二查询户型点评信息','查询',1,'house_type_review',1,'2016-07-15 17:38:41','王二'),(300,'用户：王二查询设计师列表信息','查询',0,'designer',1,'2016-07-15 17:39:11','王二'),(301,'用户：王二查询设计师列表信息','查询',0,'designer',1,'2016-07-15 17:39:18','王二'),(302,'用户：王二删除设计师信息','删除',35,'designer',1,'2016-07-15 17:39:24','王二'),(303,'用户：王二查询设计师列表信息','查询',0,'designer',1,'2016-07-15 17:39:24','王二'),(304,'用户：王二查询热装楼盘列表信息','查询',0,'hot_building',1,'2016-07-15 17:39:27','王二'),(305,'用户：王二查询热装楼盘信息','查询',1,'hot_building',1,'2016-07-15 17:39:29','王二'),(306,'用户：王二查询户型点评列表信息','查询',0,'house_type_review',1,'2016-07-15 17:39:30','王二'),(307,'用户：王二查询户型点评信息','查询',1,'house_type_review',1,'2016-07-15 17:39:32','王二'),(308,'用户：王二查询户型点评列表信息','查询',0,'house_type_review',1,'2016-07-15 17:39:50','王二'),(309,'用户：王二查询户型点评列表信息','查询',0,'house_type_review',1,'2016-07-15 17:39:51','王二'),(310,'用户：王二查询户型点评信息','查询',1,'house_type_review',1,'2016-07-15 17:39:52','王二'),(311,'用户：王二查询户型点评信息','查询',1,'house_type_review',1,'2016-07-15 17:39:54','王二'),(312,'用户：王二查询装修资讯列表信息','查询',0,'order_info',1,'2016-07-15 17:40:01','王二'),(313,'用户：王二查询在线订单列表信息','查询',0,'order_info',1,'2016-07-15 17:40:07','王二'),(314,'用户：王二查询设计师列表信息','查询',0,'designer',1,'2016-07-15 17:40:09','王二'),(315,'用户：王二查询装修案例列表信息','查询',0,'cases',1,'2016-07-15 17:40:09','王二'),(316,'用户：王二查询装修案例信息','查询',17,'cases',1,'2016-07-15 17:44:43','王二'),(317,'用户：王二查询装修案例列表信息','查询',0,'cases',1,'2016-07-15 17:46:17','王二'),(318,'用户：王二查询装修案例列表信息','查询',0,'cases',1,'2016-07-15 17:46:33','王二'),(319,'用户：王二登录系统','登录',645,'user',1,'2016-07-15 17:49:29','王二'),(320,'用户：王二查询角色列表信息','查询',0,'role',1,'2016-07-15 17:49:29','王二'),(321,'用户：王二查询装修案例列表信息','查询',0,'cases',1,'2016-07-15 17:49:30','王二'),(322,'用户：王二查询装修案例列表信息','查询',0,'cases',1,'2016-07-15 17:49:33','王二'),(323,'用户：王二查询用户列表信息','查询',0,'user',1,'2016-07-15 17:49:40','王二'),(324,'用户：王二查询角色列表信息','查询',0,'role',1,'2016-07-15 17:49:47','王二'),(325,'用户：王二查询装修案例列表信息','查询',0,'cases',1,'2016-07-15 17:49:47','王二'),(326,'用户：王二查询用户列表信息','查询',0,'user',1,'2016-07-15 17:49:51','王二'),(327,'用户：王二查询角色列表信息','查询',0,'role',1,'2016-07-15 17:49:57','王二'),(328,'用户：王二查询装修案例列表信息','查询',0,'cases',1,'2016-07-15 17:49:57','王二'),(329,'用户：王二查询角色列表信息','查询',0,'role',1,'2016-07-15 17:50:00','王二'),(330,'用户：王二查询装修案例列表信息','查询',0,'cases',1,'2016-07-15 17:50:00','王二'),(331,'用户：王二查询角色列表信息','查询',0,'role',1,'2016-07-15 17:50:04','王二'),(332,'用户：王二查询装修案例列表信息','查询',0,'cases',1,'2016-07-15 17:50:04','王二'),(333,'用户：王二登录系统','登录',645,'user',1,'2016-07-15 17:53:34','王二'),(334,'用户：王二查询角色列表信息','查询',0,'role',1,'2016-07-15 17:53:34','王二'),(335,'用户：王二查询装修案例列表信息','查询',0,'cases',1,'2016-07-15 17:53:35','王二'),(336,'用户：王二新增装修案例信息','新增',58,'cases',1,'2016-07-15 17:53:57','王二'),(337,'用户：王二查询装修案例列表信息','查询',0,'cases',1,'2016-07-15 17:53:57','王二'),(338,'用户：王二查询装修案例信息','查询',57,'cases',1,'2016-07-15 17:54:01','王二'),(339,'用户：王二查询装修案例信息','查询',58,'cases',1,'2016-07-15 17:54:03','王二'),(340,'用户：王二查询装修案例信息','查询',58,'cases',1,'2016-07-15 17:54:04','王二'),(341,'用户：王二查询装修案例列表信息','查询',0,'cases',1,'2016-07-15 17:55:24','王二'),(342,'用户：王二查询装修案例信息','查询',58,'cases',1,'2016-07-15 17:55:25','王二'),(343,'用户：王二修改装修案例信息','修改',58,'repair',1,'2016-07-15 17:55:42','王二'),(344,'用户：王二查询装修案例信息','查询',58,'cases',1,'2016-07-15 17:55:43','王二'),(345,'用户：王二查询装修案例列表信息','查询',0,'cases',1,'2016-07-15 17:55:43','王二'),(346,'用户：王二查询装修案例信息','查询',58,'cases',1,'2016-07-15 17:55:45','王二'),(347,'用户：王二查询装修案例列表信息','查询',0,'cases',1,'2016-07-15 17:56:00','王二'),(348,'用户：王二登录系统','登录',645,'user',1,'2016-07-15 17:59:26','王二'),(349,'用户：王二查询角色列表信息','查询',0,'role',1,'2016-07-15 17:59:27','王二'),(350,'用户：王二查询装修案例列表信息','查询',0,'cases',1,'2016-07-15 17:59:28','王二'),(351,'用户：王二登录系统','登录',645,'user',1,'2016-07-15 18:01:03','王二'),(352,'用户：王二查询角色列表信息','查询',0,'role',1,'2016-07-15 18:01:03','王二'),(353,'用户：王二查询装修案例列表信息','查询',0,'cases',1,'2016-07-15 18:01:04','王二'),(354,'用户：王二上传装修案例展示图片','上传',130,'cases_show_image',1,'2016-07-15 18:01:10','王二'),(355,'用户：王二删除装修案例展示图','删除',0,'cases_show_image',1,'2016-07-15 18:01:12','王二'),(356,'用户：王二登录系统','登录',645,'user',1,'2016-07-17 19:59:18','王二'),(357,'用户：王二查询角色列表信息','查询',0,'role',1,'2016-07-17 19:59:19','王二'),(358,'用户：王二查询装修案例列表信息','查询',0,'cases',1,'2016-07-17 19:59:20','王二'),(359,'用户：王二查询角色列表信息','查询',0,'role',1,'2016-07-17 19:59:22','王二'),(360,'用户：王二查询装修案例列表信息','查询',0,'cases',1,'2016-07-17 19:59:22','王二'),(361,'用户：王二查询装修案例列表信息','查询',0,'cases',1,'2016-07-17 19:59:33','王二'),(362,'用户：王二查询装修案例信息','查询',58,'cases',1,'2016-07-17 19:59:34','王二'),(363,'用户：王二上传装修案例展示图片','上传',131,'cases_show_image',1,'2016-07-17 19:59:47','王二'),(364,'用户：王二上传装修案例展示图片','上传',132,'cases_show_image',1,'2016-07-17 19:59:47','王二'),(365,'用户：王二上传装修案例展示图片','上传',133,'cases_show_image',1,'2016-07-17 19:59:47','王二'),(366,'用户：王二上传装修案例展示图片','上传',134,'cases_show_image',1,'2016-07-17 19:59:48','王二'),(367,'用户：王二上传装修案例展示图片','上传',135,'cases_show_image',1,'2016-07-17 19:59:48','王二'),(368,'用户：王二上传装修案例展示图片','上传',136,'cases_show_image',1,'2016-07-17 19:59:48','王二'),(369,'用户：王二新增装修案例信息','新增',59,'cases',1,'2016-07-17 19:59:53','王二'),(370,'用户：王二查询装修案例列表信息','查询',0,'cases',1,'2016-07-17 19:59:53','王二'),(371,'用户：王二查询装修案例信息','查询',59,'cases',1,'2016-07-17 19:59:56','王二'),(372,'用户：王二登录系统','登录',645,'user',1,'2016-07-17 20:27:16','王二'),(373,'用户：王二查询角色列表信息','查询',0,'role',1,'2016-07-17 20:27:17','王二'),(374,'用户：王二查询装修案例列表信息','查询',0,'cases',1,'2016-07-17 20:27:18','王二'),(375,'用户：王二查询装修案例信息','查询',59,'cases',1,'2016-07-17 20:27:19','王二'),(376,'用户：王二删除装修案例信息','删除',59,'cases',1,'2016-07-17 20:27:29','王二'),(377,'用户：王二查询装修案例列表信息','查询',0,'cases',1,'2016-07-17 20:27:29','王二'),(378,'用户：王二查询装修案例信息','查询',58,'cases',1,'2016-07-17 20:27:31','王二'),(379,'用户：王二上传装修案例展示图片','上传',137,'cases_show_image',1,'2016-07-17 20:28:07','王二'),(380,'用户：王二上传装修案例展示图片','上传',138,'cases_show_image',1,'2016-07-17 20:28:07','王二'),(381,'用户：王二上传装修案例展示图片','上传',139,'cases_show_image',1,'2016-07-17 20:28:07','王二'),(382,'用户：王二上传装修案例展示图片','上传',140,'cases_show_image',1,'2016-07-17 20:28:13','王二'),(383,'用户：王二上传装修案例展示图片','上传',141,'cases_show_image',1,'2016-07-17 20:28:13','王二'),(384,'用户：王二新增装修案例信息','新增',60,'cases',1,'2016-07-17 20:28:26','王二'),(385,'用户：王二查询装修案例列表信息','查询',0,'cases',1,'2016-07-17 20:28:26','王二'),(386,'用户：王二查询装修案例信息','查询',60,'cases',1,'2016-07-17 20:28:29','王二'),(387,'用户：王二登录系统','登录',645,'user',1,'2016-07-17 20:31:26','王二'),(388,'用户：王二查询角色列表信息','查询',0,'role',1,'2016-07-17 20:31:26','王二'),(389,'用户：王二查询装修案例列表信息','查询',0,'cases',1,'2016-07-17 20:31:27','王二'),(390,'用户：王二上传装修案例展示图片','上传',142,'cases_show_image',1,'2016-07-17 20:31:45','王二'),(391,'用户：王二上传装修案例展示图片','上传',143,'cases_show_image',1,'2016-07-17 20:31:48','王二'),(392,'用户：王二上传装修案例展示图片','上传',144,'cases_show_image',1,'2016-07-17 20:31:50','王二'),(393,'用户：王二新增装修案例信息','新增',61,'cases',1,'2016-07-17 20:31:52','王二'),(394,'用户：王二查询装修案例列表信息','查询',0,'cases',1,'2016-07-17 20:31:52','王二'),(395,'用户：王二查询装修案例信息','查询',61,'cases',1,'2016-07-17 20:31:54','王二'),(396,'用户：王二查询装修案例信息','查询',61,'cases',1,'2016-07-17 20:31:59','王二'),(397,'用户：王二上传装修案例展示图片','上传',145,'cases_show_image',1,'2016-07-17 20:33:25','王二'),(398,'用户：王二上传装修案例展示图片','上传',146,'cases_show_image',1,'2016-07-17 20:33:25','王二'),(399,'用户：王二上传装修案例展示图片','上传',147,'cases_show_image',1,'2016-07-17 20:33:25','王二'),(400,'用户：王二上传装修案例展示图片','上传',148,'cases_show_image',1,'2016-07-17 20:33:26','王二'),(401,'用户：王二上传装修案例展示图片','上传',149,'cases_show_image',1,'2016-07-17 20:33:26','王二'),(402,'用户：王二上传装修案例展示图片','上传',150,'cases_show_image',1,'2016-07-17 20:33:26','王二'),(403,'用户：王二新增装修案例信息','新增',62,'cases',1,'2016-07-17 20:33:31','王二'),(404,'用户：王二查询装修案例列表信息','查询',0,'cases',1,'2016-07-17 20:33:31','王二'),(405,'用户：王二登录系统','登录',645,'user',1,'2016-07-17 20:39:34','王二'),(406,'用户：王二查询角色列表信息','查询',0,'role',1,'2016-07-17 20:39:35','王二'),(407,'用户：王二查询装修案例列表信息','查询',0,'cases',1,'2016-07-17 20:39:35','王二'),(408,'用户：王二查询装修案例列表信息','查询',0,'cases',1,'2016-07-17 20:39:37','王二'),(409,'用户：王二查询装修案例信息','查询',61,'cases',1,'2016-07-17 20:39:39','王二'),(410,'用户：王二查询装修案例信息','查询',62,'cases',1,'2016-07-17 20:39:41','王二'),(411,'用户：王二上传装修案例展示图片','上传',151,'cases_show_image',1,'2016-07-17 20:41:06','王二'),(412,'用户：王二上传装修案例展示图片','上传',152,'cases_show_image',1,'2016-07-17 20:41:06','王二'),(413,'用户：王二上传装修案例展示图片','上传',153,'cases_show_image',1,'2016-07-17 20:41:07','王二'),(414,'用户：王二上传装修案例展示图片','上传',154,'cases_show_image',1,'2016-07-17 20:41:07','王二'),(415,'用户：王二上传装修案例展示图片','上传',155,'cases_show_image',1,'2016-07-17 20:41:07','王二'),(416,'用户：王二上传装修案例展示图片','上传',156,'cases_show_image',1,'2016-07-17 20:41:07','王二'),(417,'用户：王二上传装修案例展示图片','上传',157,'cases_show_image',1,'2016-07-17 20:41:08','王二'),(418,'用户：王二登录系统','登录',645,'user',1,'2016-07-17 20:43:52','王二'),(419,'用户：王二查询角色列表信息','查询',0,'role',1,'2016-07-17 20:43:52','王二'),(420,'用户：王二查询装修案例列表信息','查询',0,'cases',1,'2016-07-17 20:43:53','王二'),(421,'用户：王二上传装修案例展示图片','上传',158,'cases_show_image',1,'2016-07-17 20:44:51','王二'),(422,'用户：王二上传装修案例展示图片','上传',159,'cases_show_image',1,'2016-07-17 20:44:52','王二'),(423,'用户：王二上传装修案例展示图片','上传',160,'cases_show_image',1,'2016-07-17 20:44:52','王二'),(424,'用户：王二上传装修案例展示图片','上传',161,'cases_show_image',1,'2016-07-17 20:44:52','王二'),(425,'用户：王二上传装修案例展示图片','上传',162,'cases_show_image',1,'2016-07-17 20:44:52','王二'),(426,'用户：王二登录系统','登录',645,'user',1,'2016-07-17 20:48:13','王二'),(427,'用户：王二查询角色列表信息','查询',0,'role',1,'2016-07-17 20:48:14','王二'),(428,'用户：王二查询装修案例列表信息','查询',0,'cases',1,'2016-07-17 20:48:14','王二'),(429,'用户：王二查询装修案例列表信息','查询',0,'cases',1,'2016-07-17 20:48:31','王二'),(430,'用户：王二查询装修案例信息','查询',61,'cases',1,'2016-07-17 20:48:33','王二'),(431,'用户：王二上传装修案例展示图片','上传',163,'cases_show_image',1,'2016-07-17 20:49:02','王二'),(432,'用户：王二上传装修案例展示图片','上传',164,'cases_show_image',1,'2016-07-17 20:49:02','王二'),(433,'用户：王二上传装修案例展示图片','上传',165,'cases_show_image',1,'2016-07-17 20:49:02','王二'),(434,'用户：王二上传装修案例展示图片','上传',166,'cases_show_image',1,'2016-07-17 20:49:03','王二'),(435,'用户：王二上传装修案例展示图片','上传',167,'cases_show_image',1,'2016-07-17 20:49:03','王二'),(436,'用户：王二新增装修案例信息','新增',65,'cases',1,'2016-07-17 20:49:06','王二'),(437,'用户：王二查询装修案例列表信息','查询',0,'cases',1,'2016-07-17 20:49:06','王二'),(438,'用户：王二查询装修案例信息','查询',65,'cases',1,'2016-07-17 20:49:09','王二'),(439,'用户：王二查询装修案例信息','查询',65,'cases',1,'2016-07-17 20:49:11','王二'),(440,'用户：王二登录系统','登录',645,'user',1,'2016-07-17 20:54:53','王二'),(441,'用户：王二查询角色列表信息','查询',0,'role',1,'2016-07-17 20:54:53','王二'),(442,'用户：王二查询装修案例列表信息','查询',0,'cases',1,'2016-07-17 20:54:54','王二'),(443,'用户：王二上传装修案例展示图片','上传',168,'cases_show_image',1,'2016-07-17 20:55:46','王二'),(444,'用户：王二上传装修案例展示图片','上传',169,'cases_show_image',1,'2016-07-17 20:55:46','王二'),(445,'用户：王二上传装修案例展示图片','上传',170,'cases_show_image',1,'2016-07-17 20:55:46','王二'),(446,'用户：王二上传装修案例展示图片','上传',171,'cases_show_image',1,'2016-07-17 20:55:46','王二'),(447,'用户：王二上传装修案例展示图片','上传',172,'cases_show_image',1,'2016-07-17 20:55:46','王二'),(448,'用户：王二新增装修案例信息','新增',66,'cases',1,'2016-07-17 20:55:57','王二'),(449,'用户：王二查询装修案例列表信息','查询',0,'cases',1,'2016-07-17 20:55:57','王二'),(450,'用户：王二查询装修案例信息','查询',66,'cases',1,'2016-07-17 20:55:59','王二'),(451,'用户：王二查询装修案例信息','查询',65,'cases',1,'2016-07-17 20:56:26','王二'),(452,'用户：王二修改装修案例信息','修改',65,'repair',1,'2016-07-17 20:56:34','王二'),(453,'用户：王二查询装修案例信息','查询',65,'cases',1,'2016-07-17 20:56:34','王二'),(454,'用户：王二查询装修案例列表信息','查询',0,'cases',1,'2016-07-17 20:56:34','王二'),(455,'用户：王二查询装修案例信息','查询',65,'cases',1,'2016-07-17 20:56:36','王二'),(456,'用户：王二上传装修案例展示图片','上传',173,'cases_show_image',1,'2016-07-17 20:56:39','王二'),(457,'用户：王二查询装修案例信息','查询',65,'cases',1,'2016-07-17 20:56:41','王二'),(458,'用户：王二查询装修案例信息','查询',64,'cases',1,'2016-07-17 20:56:44','王二'),(459,'用户：王二上传装修案例展示图片','上传',174,'cases_show_image',1,'2016-07-17 20:56:49','王二'),(460,'用户：王二上传装修案例展示图片','上传',175,'cases_show_image',1,'2016-07-17 20:56:49','王二'),(461,'用户：王二上传装修案例展示图片','上传',176,'cases_show_image',1,'2016-07-17 20:56:49','王二'),(462,'用户：王二上传装修案例展示图片','上传',177,'cases_show_image',1,'2016-07-17 20:56:49','王二'),(463,'用户：王二上传装修案例展示图片','上传',178,'cases_show_image',1,'2016-07-17 20:56:49','王二'),(464,'用户：王二查询装修案例信息','查询',64,'cases',1,'2016-07-17 20:56:55','王二'),(465,'用户：王二查询户型点评列表信息','查询',0,'house_type_review',1,'2016-07-17 20:57:06','王二'),(466,'用户：王二查询户型点评信息','查询',1,'house_type_review',1,'2016-07-17 20:57:08','王二'),(467,'用户：王二查询户型点评列表信息','查询',0,'house_type_review',1,'2016-07-17 20:57:19','王二'),(468,'用户：王二查询户型点评列表信息','查询',0,'house_type_review',1,'2016-07-17 20:57:23','王二'),(469,'用户：王二查询户型点评列表信息','查询',0,'house_type_review',1,'2016-07-17 20:57:28','王二'),(470,'用户：王二查询户型点评信息','查询',1,'house_type_review',1,'2016-07-17 20:57:29','王二'),(471,'用户：王二登录系统','登录',645,'user',1,'2016-07-17 20:58:26','王二'),(472,'用户：王二查询角色列表信息','查询',0,'role',1,'2016-07-17 20:58:26','王二'),(473,'用户：王二查询装修案例列表信息','查询',0,'cases',1,'2016-07-17 20:58:27','王二'),(474,'用户：王二查询户型点评列表信息','查询',0,'house_type_review',1,'2016-07-17 20:58:27','王二'),(475,'用户：王二查询户型点评列表信息','查询',0,'house_type_review',1,'2016-07-17 20:58:29','王二'),(476,'用户：王二登录系统','登录',645,'user',1,'2016-07-17 20:58:34','王二'),(477,'用户：王二查询角色列表信息','查询',0,'role',1,'2016-07-17 20:58:34','王二'),(478,'用户：王二查询装修案例列表信息','查询',0,'cases',1,'2016-07-17 20:58:35','王二'),(479,'用户：王二查询角色列表信息','查询',0,'role',1,'2016-07-17 21:02:28','王二'),(480,'用户：王二查询角色列表信息','查询',0,'role',1,'2016-07-17 21:02:28','王二'),(481,'用户：王二查询装修案例列表信息','查询',0,'cases',1,'2016-07-17 21:02:29','王二'),(482,'用户：王二查询户型点评列表信息','查询',0,'house_type_review',1,'2016-07-17 21:02:32','王二'),(483,'用户：王二查询热装楼盘列表信息','查询',0,'hot_building',1,'2016-07-17 21:02:39','王二'),(484,'用户：王二查询户型点评列表信息','查询',0,'house_type_review',1,'2016-07-17 21:02:41','王二'),(485,'用户：王二查询户型点评列表信息','查询',0,'house_type_review',1,'2016-07-17 21:02:42','王二'),(486,'用户：王二查询角色列表信息','查询',0,'role',1,'2016-07-17 21:02:55','王二'),(487,'用户：王二查询角色列表信息','查询',0,'role',1,'2016-07-17 21:02:56','王二'),(488,'用户：王二查询装修案例列表信息','查询',0,'cases',1,'2016-07-17 21:02:56','王二'),(489,'用户：王二注销登录','注销',645,'user',1,'2016-07-17 21:03:02','王二'),(490,'用户：王二登录系统','登录',645,'user',1,'2016-07-17 21:03:09','王二'),(491,'用户：王二查询角色列表信息','查询',0,'role',1,'2016-07-17 21:03:09','王二'),(492,'用户：王二查询装修案例列表信息','查询',0,'cases',1,'2016-07-17 21:03:10','王二'),(493,'用户：王二查询户型点评列表信息','查询',0,'house_type_review',1,'2016-07-17 21:03:28','王二'),(494,'用户：王二查询户型点评列表信息','查询',0,'house_type_review',1,'2016-07-17 21:03:29','王二'),(495,'用户：王二查询户型点评列表信息','查询',0,'house_type_review',1,'2016-07-17 21:03:29','王二'),(496,'用户：王二查询户型点评列表信息','查询',0,'house_type_review',1,'2016-07-17 21:03:30','王二'),(497,'用户：王二查询户型点评列表信息','查询',0,'house_type_review',1,'2016-07-17 21:03:31','王二'),(498,'用户：王二查询户型点评列表信息','查询',0,'house_type_review',1,'2016-07-17 21:03:31','王二'),(499,'用户：王二查询户型点评列表信息','查询',0,'house_type_review',1,'2016-07-17 21:03:32','王二'),(500,'用户：王二查询户型点评列表信息','查询',0,'house_type_review',1,'2016-07-17 21:03:32','王二'),(501,'用户：王二查询角色列表信息','查询',0,'role',1,'2016-07-17 21:03:51','王二'),(502,'用户：王二查询装修案例列表信息','查询',0,'cases',1,'2016-07-17 21:03:52','王二'),(503,'用户：王二查询角色列表信息','查询',0,'role',1,'2016-07-17 21:03:54','王二'),(504,'用户：王二查询装修案例列表信息','查询',0,'cases',1,'2016-07-17 21:03:55','王二'),(505,'用户：王二查询角色列表信息','查询',0,'role',1,'2016-07-17 21:04:34','王二'),(506,'用户：王二查询装修案例列表信息','查询',0,'cases',1,'2016-07-17 21:04:35','王二'),(507,'用户：王二查询角色列表信息','查询',0,'role',1,'2016-07-17 21:04:36','王二'),(508,'用户：王二查询角色列表信息','查询',0,'role',1,'2016-07-17 21:04:37','王二'),(509,'用户：王二查询装修案例列表信息','查询',0,'cases',1,'2016-07-17 21:04:37','王二'),(510,'用户：王二查询角色列表信息','查询',0,'role',1,'2016-07-17 21:10:02','王二'),(511,'用户：王二查询装修案例列表信息','查询',0,'cases',1,'2016-07-17 21:10:02','王二'),(512,'用户：王二查询角色列表信息','查询',0,'role',1,'2016-07-17 21:10:03','王二'),(513,'用户：王二查询装修案例列表信息','查询',0,'cases',1,'2016-07-17 21:10:03','王二'),(514,'用户：王二查询角色列表信息','查询',0,'role',1,'2016-07-17 21:10:39','王二'),(515,'用户：王二查询装修案例列表信息','查询',0,'cases',1,'2016-07-17 21:10:39','王二'),(516,'用户：王二查询角色列表信息','查询',0,'role',1,'2016-07-17 21:11:09','王二'),(517,'用户：王二查询装修案例列表信息','查询',0,'cases',1,'2016-07-17 21:11:10','王二'),(518,'用户：王二查询角色列表信息','查询',0,'role',1,'2016-07-17 21:11:11','王二'),(519,'用户：王二查询装修案例列表信息','查询',0,'cases',1,'2016-07-17 21:11:11','王二'),(520,'用户：王二查询角色列表信息','查询',0,'role',1,'2016-07-17 21:11:13','王二'),(521,'用户：王二查询装修案例列表信息','查询',0,'cases',1,'2016-07-17 21:11:13','王二'),(522,'用户：王二查询角色列表信息','查询',0,'role',1,'2016-07-17 21:11:14','王二'),(523,'用户：王二查询装修案例列表信息','查询',0,'cases',1,'2016-07-17 21:11:15','王二'),(524,'用户：王二查询角色列表信息','查询',0,'role',1,'2016-07-17 21:15:03','王二'),(525,'用户：王二查询装修案例列表信息','查询',0,'cases',1,'2016-07-17 21:15:04','王二'),(526,'用户：王二查询户型点评列表信息','查询',0,'house_type_review',1,'2016-07-17 21:15:09','王二'),(527,'用户：王二查询户型点评列表信息','查询',0,'house_type_review',1,'2016-07-17 21:15:10','王二'),(528,'用户：王二查询户型点评列表信息','查询',0,'house_type_review',1,'2016-07-17 21:15:13','王二'),(529,'用户：王二查询户型点评列表信息','查询',0,'house_type_review',1,'2016-07-17 21:15:14','王二'),(530,'用户：王二查询角色列表信息','查询',0,'role',1,'2016-07-17 21:15:16','王二'),(531,'用户：王二查询装修案例列表信息','查询',0,'cases',1,'2016-07-17 21:15:17','王二'),(532,'用户：王二查询角色列表信息','查询',0,'role',1,'2016-07-17 21:15:18','王二'),(533,'用户：王二查询装修案例列表信息','查询',0,'cases',1,'2016-07-17 21:15:18','王二'),(534,'用户：王二查询角色列表信息','查询',0,'role',1,'2016-07-17 21:15:18','王二'),(535,'用户：王二查询装修案例列表信息','查询',0,'cases',1,'2016-07-17 21:15:19','王二'),(536,'用户：王二查询角色列表信息','查询',0,'role',1,'2016-07-17 21:15:19','王二'),(537,'用户：王二查询装修案例列表信息','查询',0,'cases',1,'2016-07-17 21:15:20','王二'),(538,'用户：王二查询角色列表信息','查询',0,'role',1,'2016-07-17 21:15:20','王二'),(539,'用户：王二查询装修案例列表信息','查询',0,'cases',1,'2016-07-17 21:15:21','王二'),(540,'用户：王二查询角色列表信息','查询',0,'role',1,'2016-07-17 21:16:04','王二'),(541,'用户：王二查询装修案例列表信息','查询',0,'cases',1,'2016-07-17 21:16:05','王二'),(542,'用户：王二注销登录','注销',645,'user',1,'2016-07-17 21:16:08','王二'),(543,'用户：王二登录系统','登录',645,'user',1,'2016-07-17 21:16:24','王二'),(544,'用户：王二查询角色列表信息','查询',0,'role',1,'2016-07-17 21:16:24','王二'),(545,'用户：王二查询装修案例列表信息','查询',0,'cases',1,'2016-07-17 21:16:25','王二'),(546,'用户：王二注销登录','注销',645,'user',1,'2016-07-17 21:16:42','王二'),(547,'用户：王二登录系统','登录',645,'user',1,'2016-07-17 21:16:47','王二'),(548,'用户：王二查询角色列表信息','查询',0,'role',1,'2016-07-17 21:16:47','王二'),(549,'用户：王二查询装修案例列表信息','查询',0,'cases',1,'2016-07-17 21:16:48','王二'),(550,'用户：王二查询在建工地列表信息','查询',0,'hot_building_site',1,'2016-07-17 21:16:52','王二'),(551,'用户：王二查询装修案例列表信息','查询',0,'cases',1,'2016-07-17 21:17:52','王二'),(552,'用户：王二查询装修案例信息','查询',66,'cases',1,'2016-07-17 21:17:53','王二'),(553,'用户：王二查询装修案例信息','查询',65,'cases',1,'2016-07-17 21:18:01','王二'),(554,'用户：王二修改装修案例信息','修改',65,'repair',1,'2016-07-17 21:18:04','王二'),(555,'用户：王二查询装修案例信息','查询',65,'cases',1,'2016-07-17 21:18:05','王二'),(556,'用户：王二查询装修案例列表信息','查询',0,'cases',1,'2016-07-17 21:18:05','王二'),(557,'用户：王二查询装修案例信息','查询',65,'cases',1,'2016-07-17 21:18:06','王二'),(558,'用户：王二查询装修案例信息','查询',65,'cases',1,'2016-07-17 21:18:15','王二'),(559,'用户：王二查询装修案例信息','查询',61,'cases',1,'2016-07-17 21:18:23','王二'),(560,'用户：王二查询装修案例信息','查询',62,'cases',1,'2016-07-17 21:18:50','王二'),(561,'用户：王二查询装修案例信息','查询',61,'cases',1,'2016-07-17 21:18:52','王二'),(562,'用户：王二修改装修案例信息','修改',61,'repair',1,'2016-07-17 21:19:10','王二'),(563,'用户：王二查询装修案例信息','查询',61,'cases',1,'2016-07-17 21:19:10','王二'),(564,'用户：王二查询装修案例列表信息','查询',0,'cases',1,'2016-07-17 21:19:10','王二'),(565,'用户：王二上传装修案例缩略图','上传',61,'cases',1,'2016-07-17 21:19:20','王二'),(566,'用户：王二上传装修案例展示图片','上传',179,'cases_show_image',1,'2016-07-17 21:19:24','王二'),(567,'用户：王二上传装修案例展示图片','上传',180,'cases_show_image',1,'2016-07-17 21:19:24','王二'),(568,'用户：王二上传装修案例展示图片','上传',181,'cases_show_image',1,'2016-07-17 21:19:24','王二'),(569,'用户：王二上传装修案例展示图片','上传',182,'cases_show_image',1,'2016-07-17 21:19:25','王二'),(570,'用户：王二上传装修案例展示图片','上传',183,'cases_show_image',1,'2016-07-17 21:19:25','王二'),(571,'用户：王二修改装修案例信息','修改',61,'repair',1,'2016-07-17 21:19:27','王二'),(572,'用户：王二查询装修案例信息','查询',61,'cases',1,'2016-07-17 21:19:28','王二'),(573,'用户：王二查询装修案例列表信息','查询',0,'cases',1,'2016-07-17 21:19:28','王二'),(574,'用户：王二查询装修案例信息','查询',60,'cases',1,'2016-07-17 21:19:33','王二'),(575,'用户：王二查询装修案例信息','查询',61,'cases',1,'2016-07-17 21:19:35','王二'),(576,'用户：王二登录系统','登录',645,'user',1,'2016-07-17 21:24:50','王二'),(577,'用户：王二查询角色列表信息','查询',0,'role',1,'2016-07-17 21:24:50','王二'),(578,'用户：王二查询装修案例列表信息','查询',0,'cases',1,'2016-07-17 21:24:51','王二'),(579,'用户：王二查询在建工地列表信息','查询',0,'hot_building_site',1,'2016-07-17 21:24:53','王二'),(580,'用户：王二查询在建工地列表信息','查询',0,'hot_building_site',1,'2016-07-17 21:24:55','王二'),(581,'用户：王二查询在建工地列表信息','查询',0,'hot_building_site',1,'2016-07-17 21:24:56','王二'),(582,'用户：王二新增在建工地信息','新增',1,'hot_building_site',1,'2016-07-17 21:28:22','王二'),(583,'用户：王二查询在建工地列表信息','查询',0,'hot_building_site',1,'2016-07-17 21:28:22','王二'),(584,'用户：王二查询在建工地信息','查询',1,'hot_building_site',1,'2016-07-17 21:28:24','王二'),(585,'用户：王二查询在建工地列表信息','查询',0,'hot_building_site',1,'2016-07-17 21:29:32','王二'),(586,'用户：王二查询在建工地信息','查询',1,'hot_building_site',1,'2016-07-17 21:29:34','王二'),(587,'用户：王二查询在建工地信息','查询',1,'hot_building_site',1,'2016-07-17 21:29:35','王二'),(588,'用户：王二修改在建工地信息','修改',1,'hot_building_site',1,'2016-07-17 21:29:43','王二'),(589,'用户：王二查询在建工地列表信息','查询',0,'hot_building_site',1,'2016-07-17 21:29:43','王二'),(590,'用户：王二查询在建工地列表信息','查询',0,'hot_building_site',1,'2016-07-17 21:30:04','王二'),(591,'用户：王二查询在建工地信息','查询',1,'hot_building_site',1,'2016-07-17 21:30:04','王二'),(592,'用户：王二查询在建工地信息','查询',1,'hot_building_site',1,'2016-07-17 21:30:06','王二'),(593,'用户：王二查询在建工地信息','查询',1,'hot_building_site',1,'2016-07-17 21:30:39','王二'),(594,'用户：王二查询在建工地信息','查询',1,'hot_building_site',1,'2016-07-17 21:30:41','王二'),(595,'用户：王二查询在建工地信息','查询',1,'hot_building_site',1,'2016-07-17 21:31:41','王二'),(596,'用户：王二修改在建工地信息','修改',1,'hot_building_site',1,'2016-07-17 21:31:49','王二'),(597,'用户：王二查询在建工地列表信息','查询',0,'hot_building_site',1,'2016-07-17 21:31:49','王二'),(598,'用户：王二查询在建工地列表信息','查询',0,'hot_building_site',1,'2016-07-17 21:32:23','王二'),(599,'用户：王二查询在建工地列表信息','查询',0,'hot_building_site',1,'2016-07-17 21:32:24','王二'),(600,'用户：王二查询在建工地列表信息','查询',0,'hot_building_site',1,'2016-07-17 21:32:47','王二'),(601,'用户：王二查询在建工地列表信息','查询',0,'hot_building_site',1,'2016-07-17 21:32:48','王二'),(602,'用户：王二查询在建工地列表信息','查询',0,'hot_building_site',1,'2016-07-17 21:33:14','王二'),(603,'用户：王二查询在建工地列表信息','查询',0,'hot_building_site',1,'2016-07-17 21:33:15','王二'),(604,'用户：王二查询在建工地列表信息','查询',0,'hot_building_site',1,'2016-07-17 21:33:16','王二'),(605,'用户：王二查询在建工地列表信息','查询',0,'hot_building_site',1,'2016-07-17 21:33:24','王二'),(606,'用户：王二查询在建工地列表信息','查询',0,'hot_building_site',1,'2016-07-17 21:33:25','王二'),(607,'用户：王二查询在建工地列表信息','查询',0,'hot_building_site',1,'2016-07-17 21:33:27','王二'),(608,'用户：王二查询在建工地信息','查询',1,'hot_building_site',1,'2016-07-17 21:33:28','王二'),(609,'用户：王二查询在建工地信息','查询',1,'hot_building_site',1,'2016-07-17 21:33:30','王二'),(610,'用户：王二查询在建工地列表信息','查询',0,'hot_building_site',1,'2016-07-17 21:33:47','王二'),(611,'用户：王二查询在建工地列表信息','查询',0,'hot_building_site',1,'2016-07-17 21:33:48','王二'),(612,'用户：王二查询在建工地列表信息','查询',0,'hot_building_site',1,'2016-07-17 21:33:50','王二'),(613,'用户：王二查询在建工地列表信息','查询',0,'hot_building_site',1,'2016-07-17 21:33:51','王二'),(614,'用户：王二查询在建工地列表信息','查询',0,'hot_building_site',1,'2016-07-17 21:33:51','王二'),(615,'用户：王二查询在建工地列表信息','查询',0,'hot_building_site',1,'2016-07-17 21:33:52','王二'),(616,'用户：王二查询在建工地列表信息','查询',0,'hot_building_site',1,'2016-07-17 21:33:53','王二'),(617,'用户：王二查询在建工地列表信息','查询',0,'hot_building_site',1,'2016-07-17 21:33:54','王二'),(618,'用户：王二查询在建工地列表信息','查询',0,'hot_building_site',1,'2016-07-17 21:34:09','王二'),(619,'用户：王二查询在建工地列表信息','查询',0,'hot_building_site',1,'2016-07-17 21:34:11','王二'),(620,'用户：王二查询在建工地列表信息','查询',0,'hot_building_site',1,'2016-07-17 21:34:12','王二'),(621,'用户：王二查询在建工地信息','查询',1,'hot_building_site',1,'2016-07-17 21:34:15','王二'),(622,'用户：王二查询在建工地信息','查询',1,'hot_building_site',1,'2016-07-17 21:35:59','王二'),(623,'用户：王二查询在建工地信息','查询',1,'hot_building_site',1,'2016-07-17 21:36:17','王二'),(624,'用户：王二查询在建工地信息','查询',1,'hot_building_site',1,'2016-07-17 21:36:18','王二'),(625,'用户：王二查询在建工地信息','查询',1,'hot_building_site',1,'2016-07-17 21:36:46','王二'),(626,'用户：王二查询在建工地信息','查询',1,'hot_building_site',1,'2016-07-17 21:36:48','王二'),(627,'用户：王二查询在建工地列表信息','查询',0,'hot_building_site',1,'2016-07-17 21:37:03','王二'),(628,'用户：王二查询在建工地信息','查询',1,'hot_building_site',1,'2016-07-17 21:37:05','王二'),(629,'用户：王二查询在建工地信息','查询',1,'hot_building_site',1,'2016-07-17 21:37:51','王二'),(630,'用户：王二查询在建工地信息','查询',1,'hot_building_site',1,'2016-07-17 21:38:44','王二'),(631,'用户：王二查询在建工地信息','查询',1,'hot_building_site',1,'2016-07-17 21:38:45','王二'),(632,'用户：王二查询在建工地列表信息','查询',0,'hot_building_site',1,'2016-07-17 21:39:22','王二'),(633,'用户：王二查询在建工地列表信息','查询',0,'hot_building_site',1,'2016-07-17 21:39:23','王二'),(634,'用户：王二查询在建工地信息','查询',1,'hot_building_site',1,'2016-07-17 21:39:24','王二'),(635,'用户：王二查询在建工地信息','查询',1,'hot_building_site',1,'2016-07-17 21:40:03','王二'),(636,'用户：王二查询在建工地信息','查询',1,'hot_building_site',1,'2016-07-17 21:49:22','王二'),(637,'用户：王二查询在建工地信息','查询',1,'hot_building_site',1,'2016-07-17 21:49:23','王二'),(638,'用户：王二查询在建工地信息','查询',1,'hot_building_site',1,'2016-07-17 21:49:24','王二'),(639,'用户：王二查询在建工地信息','查询',1,'hot_building_site',1,'2016-07-17 21:50:55','王二'),(640,'用户：王二查询在建工地信息','查询',1,'hot_building_site',1,'2016-07-17 21:51:27','王二'),(641,'用户：王二查询在建工地信息','查询',1,'hot_building_site',1,'2016-07-17 21:51:28','王二'),(642,'用户：王二查询在建工地信息','查询',1,'hot_building_site',1,'2016-07-17 21:51:53','王二'),(643,'用户：王二查询在建工地信息','查询',1,'hot_building_site',1,'2016-07-17 21:51:59','王二'),(644,'用户：王二查询在建工地信息','查询',1,'hot_building_site',1,'2016-07-17 21:52:26','王二'),(645,'用户：王二查询在建工地信息','查询',1,'hot_building_site',1,'2016-07-17 21:52:47','王二'),(646,'用户：王二查询在建工地信息','查询',1,'hot_building_site',1,'2016-07-17 21:52:48','王二'),(647,'用户：王二查询在建工地信息','查询',1,'hot_building_site',1,'2016-07-17 21:53:28','王二'),(648,'用户：王二查询在建工地信息','查询',1,'hot_building_site',1,'2016-07-17 21:53:29','王二'),(649,'用户：王二查询在建工地信息','查询',1,'hot_building_site',1,'2016-07-17 21:53:36','王二'),(650,'用户：王二查询在建工地信息','查询',1,'hot_building_site',1,'2016-07-17 21:53:38','王二'),(651,'用户：王二查询在建工地信息','查询',1,'hot_building_site',1,'2016-07-17 21:53:48','王二'),(652,'用户：王二查询在建工地信息','查询',1,'hot_building_site',1,'2016-07-17 21:53:49','王二'),(653,'用户：王二查询在建工地信息','查询',1,'hot_building_site',1,'2016-07-17 21:54:06','王二'),(654,'用户：王二查询在建工地信息','查询',1,'hot_building_site',1,'2016-07-17 21:54:29','王二'),(655,'用户：王二查询在建工地信息','查询',1,'hot_building_site',1,'2016-07-17 21:54:30','王二'),(656,'用户：王二查询在建工地信息','查询',1,'hot_building_site',1,'2016-07-17 21:54:41','王二'),(657,'用户：王二查询在建工地信息','查询',1,'hot_building_site',1,'2016-07-17 21:55:05','王二'),(658,'用户：王二查询在建工地信息','查询',1,'hot_building_site',1,'2016-07-17 21:55:12','王二'),(659,'用户：王二查询在建工地信息','查询',1,'hot_building_site',1,'2016-07-17 21:56:06','王二'),(660,'用户：王二查询在建工地信息','查询',1,'hot_building_site',1,'2016-07-17 21:56:25','王二'),(661,'用户：王二查询在建工地信息','查询',1,'hot_building_site',1,'2016-07-17 21:56:26','王二'),(662,'用户：王二查询在建工地信息','查询',1,'hot_building_site',1,'2016-07-17 21:56:36','王二'),(663,'用户：王二查询在建工地信息','查询',1,'hot_building_site',1,'2016-07-17 21:56:37','王二'),(664,'用户：王二查询在建工地信息','查询',1,'hot_building_site',1,'2016-07-17 21:56:39','王二'),(665,'用户：王二查询在建工地信息','查询',1,'hot_building_site',1,'2016-07-17 21:56:39','王二'),(666,'用户：王二查询在建工地信息','查询',1,'hot_building_site',1,'2016-07-17 21:56:40','王二'),(667,'用户：王二查询在建工地信息','查询',1,'hot_building_site',1,'2016-07-17 21:56:54','王二'),(668,'用户：王二查询在建工地信息','查询',1,'hot_building_site',1,'2016-07-17 21:56:55','王二'),(669,'用户：王二查询在建工地信息','查询',1,'hot_building_site',1,'2016-07-17 21:57:15','王二'),(670,'用户：王二查询在建工地列表信息','查询',0,'hot_building_site',1,'2016-07-17 22:02:09','王二'),(671,'用户：王二查询在建工地信息','查询',1,'hot_building_site',1,'2016-07-17 22:02:10','王二'),(672,'用户：王二查询在建工地信息','查询',1,'hot_building_site',1,'2016-07-17 22:02:30','王二'),(673,'用户：王二查询在建工地信息','查询',1,'hot_building_site',1,'2016-07-17 22:03:06','王二'),(674,'用户：王二查询在建工地信息','查询',1,'hot_building_site',1,'2016-07-17 22:03:07','王二'),(675,'用户：王二查询在建工地信息','查询',1,'hot_building_site',1,'2016-07-17 22:03:30','王二'),(676,'用户：王二查询在建工地信息','查询',1,'hot_building_site',1,'2016-07-17 22:03:31','王二'),(677,'用户：王二查询在建工地信息','查询',1,'hot_building_site',1,'2016-07-17 22:03:33','王二'),(678,'用户：王二查询在建工地信息','查询',1,'hot_building_site',1,'2016-07-17 22:03:34','王二'),(679,'用户：王二注销登录','注销',645,'user',1,'2016-07-17 22:14:39','王二'),(680,'用户：王二登录系统','登录',645,'user',1,'2016-07-17 22:14:46','王二'),(681,'用户：王二查询角色列表信息','查询',0,'role',1,'2016-07-17 22:14:46','王二'),(682,'用户：王二查询装修案例列表信息','查询',0,'cases',1,'2016-07-17 22:14:47','王二'),(683,'用户：王二查询在建工地列表信息','查询',0,'hot_building_site',1,'2016-07-17 22:14:52','王二'),(684,'用户：王二查询在建工地信息','查询',1,'hot_building_site',1,'2016-07-17 22:14:53','王二'),(685,'用户：王二查询在建工地信息','查询',1,'hot_building_site',1,'2016-07-17 22:15:20','王二'),(686,'用户：王二查询在建工地信息','查询',1,'hot_building_site',1,'2016-07-17 22:15:23','王二'),(687,'用户：王二查询在建工地信息','查询',1,'hot_building_site',1,'2016-07-17 22:15:23','王二'),(688,'用户：王二查询在建工地信息','查询',1,'hot_building_site',1,'2016-07-17 22:15:24','王二'),(689,'用户：王二查询在建工地信息','查询',1,'hot_building_site',1,'2016-07-17 22:15:25','王二'),(690,'用户：王二登录系统','登录',645,'user',1,'2016-07-17 22:18:08','王二'),(691,'用户：王二查询角色列表信息','查询',0,'role',1,'2016-07-17 22:18:09','王二'),(692,'用户：王二查询装修案例列表信息','查询',0,'cases',1,'2016-07-17 22:18:10','王二'),(693,'用户：王二查询在建工地列表信息','查询',0,'hot_building_site',1,'2016-07-17 22:18:14','王二'),(694,'用户：王二查询在建工地信息','查询',1,'hot_building_site',1,'2016-07-17 22:18:15','王二'),(695,'用户：王二上传装修案例展示图片','上传',1,'cases_show_image',1,'2016-07-17 22:18:19','王二'),(696,'用户：王二查询在建工地信息','查询',1,'hot_building_site',1,'2016-07-17 22:18:42','王二'),(697,'用户：王二查询在建工地列表信息','查询',0,'hot_building_site',1,'2016-07-17 22:18:47','王二'),(698,'用户：王二登录系统','登录',645,'user',1,'2016-07-17 22:22:56','王二'),(699,'用户：王二查询角色列表信息','查询',0,'role',1,'2016-07-17 22:22:56','王二'),(700,'用户：王二查询装修案例列表信息','查询',0,'cases',1,'2016-07-17 22:22:57','王二'),(701,'用户：王二查询在建工地列表信息','查询',0,'hot_building_site',1,'2016-07-17 22:23:01','王二'),(702,'用户：王二查询在建工地信息','查询',1,'hot_building_site',1,'2016-07-17 22:23:02','王二'),(703,'用户：王二上传装修案例展示图片','上传',2,'cases_show_image',1,'2016-07-17 22:23:08','王二'),(704,'用户：王二上传装修案例展示图片','上传',3,'cases_show_image',1,'2016-07-17 22:24:14','王二'),(705,'用户：王二新增在建工地信息','新增',2,'hot_building_site',1,'2016-07-17 22:24:17','王二'),(706,'用户：王二查询在建工地列表信息','查询',0,'hot_building_site',1,'2016-07-17 22:24:17','王二'),(707,'用户：王二查询在建工地信息','查询',2,'hot_building_site',1,'2016-07-17 22:24:19','王二'),(708,'用户：王二上传装修案例展示图片','上传',4,'cases_show_image',1,'2016-07-17 22:24:33','王二'),(709,'用户：王二查询在建工地列表信息','查询',0,'hot_building_site',1,'2016-07-17 22:25:09','王二'),(710,'用户：王二查询在建工地列表信息','查询',0,'hot_building_site',1,'2016-07-17 22:25:09','王二'),(711,'用户：王二查询在建工地信息','查询',2,'hot_building_site',1,'2016-07-17 22:25:28','王二'),(712,'用户：王二上传装修案例展示图片','上传',6,'cases_show_image',1,'2016-07-17 22:25:34','王二'),(713,'用户：王二查询在建工地信息','查询',2,'hot_building_site',1,'2016-07-17 22:25:42','王二'),(714,'用户：王二查询在建工地信息','查询',2,'hot_building_site',1,'2016-07-17 22:25:43','王二'),(715,'用户：王二查询在建工地信息','查询',2,'hot_building_site',1,'2016-07-17 22:25:43','王二'),(716,'用户：王二查询在建工地信息','查询',2,'hot_building_site',1,'2016-07-17 22:25:44','王二'),(717,'用户：王二查询在建工地信息','查询',2,'hot_building_site',1,'2016-07-17 22:25:44','王二'),(718,'用户：王二查询在建工地信息','查询',2,'hot_building_site',1,'2016-07-17 22:26:52','王二'),(719,'用户：王二查询在建工地信息','查询',2,'hot_building_site',1,'2016-07-17 22:26:53','王二'),(720,'用户：王二查询在建工地列表信息','查询',0,'hot_building_site',1,'2016-07-17 22:26:57','王二'),(721,'用户：王二查询在建工地信息','查询',2,'hot_building_site',1,'2016-07-17 22:26:58','王二'),(722,'用户：王二查询在建工地信息','查询',2,'hot_building_site',1,'2016-07-17 22:27:09','王二'),(723,'用户：王二上传装修案例展示图片','上传',7,'cases_show_image',1,'2016-07-17 22:27:14','王二'),(724,'用户：王二查询在建工地列表信息','查询',0,'hot_building_site',1,'2016-07-17 22:27:55','王二'),(725,'用户：王二查询在建工地列表信息','查询',0,'hot_building_site',1,'2016-07-17 22:27:56','王二'),(726,'用户：王二查询在建工地列表信息','查询',0,'hot_building_site',1,'2016-07-17 22:27:56','王二'),(727,'用户：王二查询在建工地列表信息','查询',0,'hot_building_site',1,'2016-07-17 22:27:56','王二'),(728,'用户：王二查询在建工地列表信息','查询',0,'hot_building_site',1,'2016-07-17 22:27:57','王二'),(729,'用户：王二查询在建工地信息','查询',2,'hot_building_site',1,'2016-07-17 22:27:57','王二'),(730,'用户：王二查询在建工地信息','查询',2,'hot_building_site',1,'2016-07-17 22:31:56','王二'),(731,'用户：王二查询在建工地信息','查询',2,'hot_building_site',1,'2016-07-17 22:31:59','王二'),(732,'用户：王二上传装修案例展示图片','上传',8,'cases_show_image',1,'2016-07-17 22:32:19','王二'),(733,'用户：王二查询在建工地信息','查询',2,'hot_building_site',1,'2016-07-17 22:32:30','王二'),(734,'用户：王二查询在建工地列表信息','查询',0,'hot_building_site',1,'2016-07-17 22:40:11','王二'),(735,'用户：王二查询在建工地列表信息','查询',0,'hot_building_site',1,'2016-07-17 22:40:12','王二'),(736,'用户：王二查询在建工地信息','查询',1,'hot_building_site',1,'2016-07-17 22:40:13','王二'),(737,'用户：王二上传装修案例展示图片','上传',9,'cases_show_image',1,'2016-07-17 22:40:18','王二'),(738,'用户：王二查询在建工地信息','查询',2,'hot_building_site',1,'2016-07-17 22:40:34','王二'),(739,'用户：王二上传装修案例展示图片','上传',10,'cases_show_image',1,'2016-07-17 22:40:38','王二'),(740,'用户：王二查询在建工地信息','查询',2,'hot_building_site',1,'2016-07-17 22:45:38','王二'),(741,'用户：王二查询在建工地信息','查询',2,'hot_building_site',1,'2016-07-17 22:45:39','王二'),(742,'用户：王二查询在建工地信息','查询',2,'hot_building_site',1,'2016-07-17 22:45:40','王二'),(743,'用户：王二查询在建工地信息','查询',2,'hot_building_site',1,'2016-07-17 22:45:41','王二'),(744,'用户：王二上传装修案例展示图片','上传',11,'cases_show_image',1,'2016-07-17 22:45:45','王二'),(745,'用户：王二查询在建工地信息','查询',1,'hot_building_site',1,'2016-07-17 22:45:52','王二'),(746,'用户：王二上传装修案例展示图片','上传',12,'cases_show_image',1,'2016-07-17 22:45:58','王二'),(747,'用户：王二查询在建工地信息','查询',1,'hot_building_site',1,'2016-07-17 22:47:06','王二'),(748,'用户：王二查询在建工地信息','查询',1,'hot_building_site',1,'2016-07-17 22:47:08','王二'),(749,'用户：王二查询在建工地信息','查询',1,'hot_building_site',1,'2016-07-17 22:47:16','王二'),(750,'用户：王二登录系统','登录',645,'user',1,'2016-07-17 22:51:55','王二'),(751,'用户：王二查询角色列表信息','查询',0,'role',1,'2016-07-17 22:51:55','王二'),(752,'用户：王二查询装修案例列表信息','查询',0,'cases',1,'2016-07-17 22:51:56','王二'),(753,'用户：王二查询在建工地列表信息','查询',0,'hot_building_site',1,'2016-07-17 22:51:57','王二'),(754,'用户：王二查询在建工地信息','查询',1,'hot_building_site',1,'2016-07-17 22:51:58','王二'),(755,'用户：王二查询在建工地信息','查询',2,'hot_building_site',1,'2016-07-17 22:52:03','王二'),(756,'用户：王二查询在建工地信息','查询',1,'hot_building_site',1,'2016-07-17 22:52:16','王二'),(757,'用户：王二查询在建工地信息','查询',2,'hot_building_site',1,'2016-07-17 22:52:16','王二'),(758,'用户：王二查询在建工地信息','查询',2,'hot_building_site',1,'2016-07-17 22:52:30','王二'),(759,'用户：王二查询在建工地信息','查询',1,'hot_building_site',1,'2016-07-17 22:52:41','王二'),(760,'用户：王二上传装修案例展示图片','上传',13,'cases_show_image',1,'2016-07-17 22:52:53','王二'),(761,'用户：王二查询在建工地信息','查询',1,'hot_building_site',1,'2016-07-17 22:52:56','王二'),(762,'用户：王二查询在建工地信息','查询',2,'hot_building_site',1,'2016-07-17 22:53:20','王二'),(763,'用户：王二查询在建工地信息','查询',1,'hot_building_site',1,'2016-07-17 22:53:21','王二'),(764,'用户：王二查询在建工地信息','查询',2,'hot_building_site',1,'2016-07-17 22:57:07','王二'),(765,'用户：王二查询在建工地信息','查询',2,'hot_building_site',1,'2016-07-17 22:57:10','王二'),(766,'用户：王二查询在建工地信息','查询',2,'hot_building_site',1,'2016-07-17 22:57:11','王二'),(767,'用户：王二查询在建工地信息','查询',2,'hot_building_site',1,'2016-07-17 22:57:11','王二'),(768,'用户：王二查询在建工地信息','查询',2,'hot_building_site',1,'2016-07-17 22:57:11','王二'),(769,'用户：王二查询在建工地信息','查询',1,'hot_building_site',1,'2016-07-17 22:57:43','王二'),(770,'用户：王二上传装修案例展示图片','上传',14,'cases_show_image',1,'2016-07-17 22:57:49','王二'),(771,'用户：王二上传装修案例展示图片','上传',15,'cases_show_image',1,'2016-07-17 22:57:51','王二'),(772,'用户：王二上传装修案例展示图片','上传',16,'cases_show_image',1,'2016-07-17 22:57:53','王二'),(773,'用户：王二上传装修案例展示图片','上传',17,'cases_show_image',1,'2016-07-17 22:57:57','王二'),(774,'用户：王二查询在建工地信息','查询',1,'hot_building_site',1,'2016-07-17 22:57:57','王二'),(775,'用户：王二查询在建工地信息','查询',1,'hot_building_site',1,'2016-07-17 22:58:08','王二'),(776,'用户：王二查询在建工地信息','查询',1,'hot_building_site',1,'2016-07-17 22:59:55','王二'),(777,'用户：王二查询在建工地信息','查询',1,'hot_building_site',1,'2016-07-17 23:00:14','王二'),(778,'用户：王二查询在建工地信息','查询',2,'hot_building_site',1,'2016-07-17 23:00:38','王二'),(779,'用户：王二查询在建工地信息','查询',1,'hot_building_site',1,'2016-07-17 23:00:40','王二'),(780,'用户：王二查询在建工地信息','查询',1,'hot_building_site',1,'2016-07-17 23:00:44','王二'),(781,'用户：王二查询在建工地信息','查询',1,'hot_building_site',1,'2016-07-17 23:00:44','王二'),(782,'用户：王二查询在建工地信息','查询',1,'hot_building_site',1,'2016-07-17 23:00:44','王二'),(783,'用户：王二查询在建工地信息','查询',1,'hot_building_site',1,'2016-07-17 23:00:44','王二'),(784,'用户：王二查询在建工地信息','查询',1,'hot_building_site',1,'2016-07-17 23:00:45','王二'),(785,'用户：王二查询在建工地信息','查询',1,'hot_building_site',1,'2016-07-17 23:01:15','王二'),(786,'用户：王二查询在建工地信息','查询',1,'hot_building_site',1,'2016-07-17 23:01:16','王二'),(787,'用户：王二查询在建工地信息','查询',1,'hot_building_site',1,'2016-07-17 23:01:37','王二'),(788,'用户：王二查询在建工地信息','查询',1,'hot_building_site',1,'2016-07-17 23:01:40','王二'),(789,'用户：王二查询在建工地信息','查询',2,'hot_building_site',1,'2016-07-17 23:01:42','王二'),(790,'用户：王二查询在建工地信息','查询',1,'hot_building_site',1,'2016-07-17 23:01:43','王二'),(791,'用户：王二查询在建工地信息','查询',1,'hot_building_site',1,'2016-07-17 23:01:44','王二'),(792,'用户：王二查询在建工地信息','查询',2,'hot_building_site',1,'2016-07-17 23:01:45','王二'),(793,'用户：王二查询在建工地信息','查询',1,'hot_building_site',1,'2016-07-17 23:01:47','王二'),(794,'用户：王二查询在建工地信息','查询',1,'hot_building_site',1,'2016-07-17 23:01:55','王二'),(795,'用户：王二查询在建工地信息','查询',1,'hot_building_site',1,'2016-07-17 23:01:56','王二'),(796,'用户：王二查询在建工地信息','查询',1,'hot_building_site',1,'2016-07-17 23:01:58','王二'),(797,'用户：王二上传装修案例展示图片','上传',18,'cases_show_image',1,'2016-07-17 23:02:04','王二'),(798,'用户：王二上传装修案例展示图片','上传',19,'cases_show_image',1,'2016-07-17 23:02:06','王二'),(799,'用户：王二上传装修案例展示图片','上传',20,'cases_show_image',1,'2016-07-17 23:02:09','王二'),(800,'用户：王二上传装修案例展示图片','上传',21,'cases_show_image',1,'2016-07-17 23:02:09','王二'),(801,'用户：王二上传装修案例展示图片','上传',22,'cases_show_image',1,'2016-07-17 23:02:09','王二'),(802,'用户：王二查询在建工地信息','查询',1,'hot_building_site',1,'2016-07-17 23:02:10','王二'),(803,'用户：王二上传装修案例展示图片','上传',23,'cases_show_image',1,'2016-07-17 23:02:10','王二'),(804,'用户：王二上传装修案例展示图片','上传',24,'cases_show_image',1,'2016-07-17 23:02:10','王二'),(805,'用户：王二查询在建工地信息','查询',1,'hot_building_site',1,'2016-07-17 23:02:11','王二'),(806,'用户：王二上传装修案例展示图片','上传',25,'cases_show_image',1,'2016-07-17 23:02:28','王二'),(807,'用户：王二查询在建工地信息','查询',1,'hot_building_site',1,'2016-07-17 23:02:29','王二'),(808,'用户：王二查询装修案例列表信息','查询',0,'cases',1,'2016-07-17 23:03:07','王二'),(809,'用户：王二查询装修案例信息','查询',66,'cases',1,'2016-07-17 23:03:08','王二'),(810,'用户：王二查询装修案例信息','查询',66,'cases',1,'2016-07-17 23:04:40','王二'),(811,'用户：王二查询装修案例信息','查询',66,'cases',1,'2016-07-17 23:05:15','王二'),(812,'用户：王二查询装修案例信息','查询',66,'cases',1,'2016-07-17 23:05:22','王二'),(813,'用户：王二上传装修案例展示图片','上传',184,'cases_show_image',1,'2016-07-17 23:05:28','王二'),(814,'用户：王二上传装修案例展示图片','上传',185,'cases_show_image',1,'2016-07-17 23:05:28','王二'),(815,'用户：王二上传装修案例展示图片','上传',186,'cases_show_image',1,'2016-07-17 23:05:28','王二'),(816,'用户：王二上传装修案例展示图片','上传',187,'cases_show_image',1,'2016-07-17 23:05:29','王二'),(817,'用户：王二上传装修案例展示图片','上传',188,'cases_show_image',1,'2016-07-17 23:05:29','王二'),(818,'用户：王二上传装修案例展示图片','上传',189,'cases_show_image',1,'2016-07-17 23:05:29','王二'),(819,'用户：王二上传装修案例展示图片','上传',190,'cases_show_image',1,'2016-07-17 23:05:29','王二'),(820,'用户：王二查询装修案例信息','查询',66,'cases',1,'2016-07-17 23:05:33','王二'),(821,'用户：王二查询装修案例信息','查询',66,'cases',1,'2016-07-17 23:05:42','王二'),(822,'用户：王二查询装修案例信息','查询',66,'cases',1,'2016-07-17 23:07:08','王二'),(823,'用户：王二查询装修案例信息','查询',66,'cases',1,'2016-07-17 23:07:14','王二'),(824,'用户：王二查询装修案例信息','查询',66,'cases',1,'2016-07-17 23:07:19','王二'),(825,'用户：王二查询在建工地列表信息','查询',0,'hot_building_site',1,'2016-07-17 23:07:24','王二'),(826,'用户：王二查询在建工地信息','查询',2,'hot_building_site',1,'2016-07-17 23:07:25','王二'),(827,'用户：王二查询在建工地信息','查询',1,'hot_building_site',1,'2016-07-17 23:07:28','王二'),(828,'用户：王二登录系统','登录',645,'user',1,'2016-07-18 11:16:48','王二'),(829,'用户：王二查询角色列表信息','查询',0,'role',1,'2016-07-18 11:16:49','王二'),(830,'用户：王二查询装修案例列表信息','查询',0,'cases',1,'2016-07-18 11:16:50','王二'),(831,'用户：王二查询装修案例列表信息','查询',0,'cases',1,'2016-07-18 11:16:52','王二'),(832,'用户：王二查询设计师列表信息','查询',0,'designer',1,'2016-07-18 11:16:53','王二'),(833,'用户：王二查询热装楼盘列表信息','查询',0,'hot_building',1,'2016-07-18 11:16:55','王二'),(834,'用户：王二查询在建工地列表信息','查询',0,'hot_building_site',1,'2016-07-18 11:16:56','王二'),(835,'用户：王二查询在建工地信息','查询',2,'hot_building_site',1,'2016-07-18 11:16:57','王二'),(836,'用户：王二查询户型点评列表信息','查询',0,'house_type_review',1,'2016-07-18 11:17:00','王二'),(837,'用户：王二查询装修资讯列表信息','查询',0,'order_info',1,'2016-07-18 11:17:03','王二'),(838,'用户：王二查询在线订单列表信息','查询',0,'order_info',1,'2016-07-18 11:17:05','王二'),(839,'用户：王二查询在线报修列表信息','查询',0,'repair',1,'2016-07-18 11:17:06','王二'),(840,'用户：王二查询在线订单列表信息','查询',0,'order_info',1,'2016-07-18 11:17:08','王二'),(841,'用户：王二查询装修问答列表信息','查询',0,'faq',1,'2016-07-18 11:17:10','王二'),(842,'用户：王二查询留言评论列表信息','查询',0,'comment',1,'2016-07-18 11:17:11','王二'),(843,'用户：王二查询装修案例列表信息','查询',0,'cases',1,'2016-07-18 11:17:12','王二'),(844,'用户：王二查询用户列表信息','查询',0,'user',1,'2016-07-18 11:17:14','王二'),(845,'用户：王二查询角色列表信息','查询',0,'role',1,'2016-07-18 11:55:09','王二'),(846,'用户：王二查询装修案例列表信息','查询',0,'cases',1,'2016-07-18 11:55:10','王二'),(847,'用户：王二查询装修案例列表信息','查询',0,'cases',1,'2016-07-18 11:55:13','王二'),(848,'用户：王二查询装修案例列表信息','查询',0,'cases',1,'2016-07-18 11:55:14','王二'),(849,'用户：王二查询装修案例列表信息','查询',0,'cases',1,'2016-07-18 11:55:15','王二'),(850,'用户：王二查询用户列表信息','查询',0,'user',1,'2016-07-18 11:55:18','王二'),(851,'用户：王二查询用户列表信息','查询',0,'user',1,'2016-07-18 11:56:11','王二'),(852,'用户：王二查询在线用户列表信息','查询',0,'',1,'2016-07-18 11:56:12','王二'),(853,'用户：王二查询角色列表信息','查询',0,'role',1,'2016-07-18 11:56:16','王二'),(854,'用户：王二查询在线用户列表信息','查询',0,'',1,'2016-07-18 11:56:26','王二'),(855,'用户：王二查询角色列表信息','查询',0,'role',1,'2016-07-18 11:56:48','王二'),(856,'用户：王二查询装修案例列表信息','查询',0,'cases',1,'2016-07-18 11:56:49','王二'),(857,'用户：王二查询装修案例信息','查询',66,'cases',1,'2016-07-18 11:56:50','王二'),(858,'用户：王二查询在建工地列表信息','查询',0,'hot_building_site',1,'2016-07-18 11:57:08','王二'),(859,'用户：王二查询在建工地列表信息','查询',0,'hot_building_site',1,'2016-07-18 11:57:10','王二'),(860,'用户：王二查询在建工地信息','查询',2,'hot_building_site',1,'2016-07-18 11:57:11','王二'),(861,'用户：王二上传装修案例展示图片','上传',26,'cases_show_image',1,'2016-07-18 11:57:20','王二'),(862,'用户：王二查询在建工地信息','查询',2,'hot_building_site',1,'2016-07-18 11:57:23','王二'),(863,'用户：王二登录系统','登录',645,'user',1,'2016-07-18 12:04:23','王二'),(864,'用户：王二查询角色列表信息','查询',0,'role',1,'2016-07-18 12:04:24','王二'),(865,'用户：王二查询装修案例列表信息','查询',0,'cases',1,'2016-07-18 12:04:25','王二'),(866,'用户：王二查询在建工地列表信息','查询',0,'hot_building_site',1,'2016-07-18 12:04:27','王二'),(867,'用户：王二查询在建工地信息','查询',2,'hot_building_site',1,'2016-07-18 12:04:28','王二'),(868,'用户：王二上传装修案例展示图片','上传',27,'cases_show_image',1,'2016-07-18 12:04:34','王二'),(869,'用户：王二查询在建工地信息','查询',2,'hot_building_site',1,'2016-07-18 12:04:37','王二'),(870,'用户：王二查询在建工地信息','查询',2,'hot_building_site',1,'2016-07-18 12:10:17','王二'),(871,'用户：王二查询在建工地信息','查询',2,'hot_building_site',1,'2016-07-18 12:11:51','王二'),(872,'用户：王二查询在建工地信息','查询',2,'hot_building_site',1,'2016-07-18 12:12:15','王二'),(873,'用户：王二查询在建工地信息','查询',2,'hot_building_site',1,'2016-07-18 12:12:17','王二'),(874,'用户：王二查询在建工地信息','查询',2,'hot_building_site',1,'2016-07-18 12:12:28','王二'),(875,'用户：王二查询在建工地信息','查询',2,'hot_building_site',1,'2016-07-18 12:12:42','王二'),(876,'用户：王二查询在建工地信息','查询',2,'hot_building_site',1,'2016-07-18 12:12:57','王二'),(877,'用户：王二查询在建工地信息','查询',2,'hot_building_site',1,'2016-07-18 12:13:16','王二'),(878,'用户：王二查询在建工地信息','查询',2,'hot_building_site',1,'2016-07-18 12:13:17','王二'),(879,'用户：王二查询在建工地信息','查询',2,'hot_building_site',1,'2016-07-18 12:13:26','王二'),(880,'用户：王二查询在建工地信息','查询',2,'hot_building_site',1,'2016-07-18 12:14:29','王二'),(881,'用户：王二查询在建工地信息','查询',1,'hot_building_site',1,'2016-07-18 12:15:39','王二'),(882,'用户：王二查询在建工地列表信息','查询',0,'hot_building_site',1,'2016-07-18 12:16:09','王二'),(883,'用户：王二查询在建工地列表信息','查询',0,'hot_building_site',1,'2016-07-18 12:17:08','王二'),(884,'用户：王二上传装修案例展示图片','上传',28,'cases_show_image',1,'2016-07-18 12:17:20','王二'),(885,'用户：王二查询在建工地列表信息','查询',0,'hot_building_site',1,'2016-07-18 12:17:28','王二'),(886,'用户：王二新增在建工地信息','新增',3,'hot_building_site',1,'2016-07-18 12:17:47','王二'),(887,'用户：王二查询在建工地列表信息','查询',0,'hot_building_site',1,'2016-07-18 12:17:48','王二'),(888,'用户：王二查询在建工地信息','查询',3,'hot_building_site',1,'2016-07-18 12:18:25','王二'),(889,'用户：王二查询在建工地信息','查询',3,'hot_building_site',1,'2016-07-18 12:18:27','王二'),(890,'用户：王二查询在建工地列表信息','查询',0,'hot_building_site',1,'2016-07-18 12:20:57','王二'),(891,'用户：王二查询在建工地列表信息','查询',0,'hot_building_site',1,'2016-07-18 12:20:58','王二'),(892,'用户：王二查询在建工地信息','查询',2,'hot_building_site',1,'2016-07-18 12:20:59','王二'),(893,'用户：王二修改在建工地信息','修改',2,'hot_building_site',1,'2016-07-18 12:21:03','王二'),(894,'用户：王二查询在建工地列表信息','查询',0,'hot_building_site',1,'2016-07-18 12:21:03','王二'),(895,'用户：王二查询在建工地信息','查询',1,'hot_building_site',1,'2016-07-18 12:21:04','王二'),(896,'用户：王二修改在建工地信息','修改',1,'hot_building_site',1,'2016-07-18 12:21:08','王二'),(897,'用户：王二查询在建工地列表信息','查询',0,'hot_building_site',1,'2016-07-18 12:21:08','王二'),(898,'用户：王二查询在建工地信息','查询',3,'hot_building_site',1,'2016-07-18 12:21:10','王二'),(899,'用户：王二修改在建工地信息','修改',3,'hot_building_site',1,'2016-07-18 12:21:13','王二'),(900,'用户：王二查询在建工地列表信息','查询',0,'hot_building_site',1,'2016-07-18 12:21:13','王二'),(901,'用户：王二查询在建工地信息','查询',3,'hot_building_site',1,'2016-07-18 12:21:14','王二'),(902,'用户：王二上传装修案例展示图片','上传',29,'cases_show_image',1,'2016-07-18 12:21:44','王二'),(903,'用户：王二登录系统','登录',645,'user',1,'2016-07-18 12:25:16','王二'),(904,'用户：王二查询角色列表信息','查询',0,'role',1,'2016-07-18 12:25:16','王二'),(905,'用户：王二查询装修案例列表信息','查询',0,'cases',1,'2016-07-18 12:25:17','王二'),(906,'用户：王二查询在建工地列表信息','查询',0,'hot_building_site',1,'2016-07-18 12:25:18','王二'),(907,'用户：王二查询在建工地信息','查询',3,'hot_building_site',1,'2016-07-18 12:25:19','王二'),(908,'用户：王二查询在建工地信息','查询',1,'hot_building_site',1,'2016-07-18 12:25:19','王二'),(909,'用户：王二上传装修案例展示图片','上传',30,'cases_show_image',1,'2016-07-18 12:25:27','王二'),(910,'用户：王二上传装修案例展示图片','上传',32,'cases_show_image',1,'2016-07-18 12:25:28','王二'),(911,'用户：王二上传装修案例展示图片','上传',31,'cases_show_image',1,'2016-07-18 12:25:28','王二'),(912,'用户：王二查询在建工地信息','查询',2,'hot_building_site',1,'2016-07-18 12:25:29','王二'),(913,'用户：王二查询在建工地信息','查询',1,'hot_building_site',1,'2016-07-18 12:25:30','王二'),(914,'用户：王二查询在建工地信息','查询',1,'hot_building_site',1,'2016-07-18 12:26:24','王二'),(915,'用户：王二登录系统','登录',645,'user',1,'2016-07-18 12:33:32','王二'),(916,'用户：王二查询角色列表信息','查询',0,'role',1,'2016-07-18 12:33:32','王二'),(917,'用户：王二查询装修案例列表信息','查询',0,'cases',1,'2016-07-18 12:33:33','王二'),(918,'用户：王二查询在建工地列表信息','查询',0,'hot_building_site',1,'2016-07-18 12:33:35','王二'),(919,'用户：王二查询在建工地信息','查询',3,'hot_building_site',1,'2016-07-18 12:33:36','王二'),(920,'用户：王二上传装修案例展示图片','上传',33,'cases_show_image',1,'2016-07-18 12:33:46','王二'),(921,'用户：王二上传装修案例展示图片','上传',34,'cases_show_image',1,'2016-07-18 12:33:46','王二'),(922,'用户：王二上传装修案例展示图片','上传',35,'cases_show_image',1,'2016-07-18 12:33:46','王二'),(923,'用户：王二上传装修案例展示图片','上传',36,'cases_show_image',1,'2016-07-18 12:33:47','王二'),(924,'用户：王二查询在建工地信息','查询',3,'hot_building_site',1,'2016-07-18 12:33:47','王二'),(925,'用户：王二查询在建工地信息','查询',3,'hot_building_site',1,'2016-07-18 12:34:41','王二'),(926,'用户：王二查询在建工地信息','查询',3,'hot_building_site',1,'2016-07-18 12:35:43','王二'),(927,'用户：王二查询在建工地信息','查询',3,'hot_building_site',1,'2016-07-18 12:35:59','王二'),(928,'用户：王二查询在建工地信息','查询',3,'hot_building_site',1,'2016-07-18 12:36:52','王二'),(929,'用户：王二查询在建工地信息','查询',3,'hot_building_site',1,'2016-07-18 12:37:09','王二'),(930,'用户：王二查询在建工地信息','查询',3,'hot_building_site',1,'2016-07-18 12:37:18','王二'),(931,'用户：王二上传装修案例展示图片','上传',37,'cases_show_image',1,'2016-07-18 12:37:25','王二'),(932,'用户：王二上传装修案例展示图片','上传',38,'cases_show_image',1,'2016-07-18 12:37:25','王二'),(933,'用户：王二上传装修案例展示图片','上传',39,'cases_show_image',1,'2016-07-18 12:37:25','王二'),(934,'用户：王二查询在建工地信息','查询',3,'hot_building_site',1,'2016-07-18 12:37:34','王二'),(935,'用户：王二查询在建工地信息','查询',3,'hot_building_site',1,'2016-07-18 12:37:44','王二'),(936,'用户：王二查询角色列表信息','查询',0,'role',1,'2016-07-18 13:09:50','王二'),(937,'用户：王二查询角色列表信息','查询',0,'role',1,'2016-07-18 13:09:51','王二'),(938,'用户：王二查询装修案例列表信息','查询',0,'cases',1,'2016-07-18 13:09:52','王二'),(939,'用户：王二查询角色列表信息','查询',0,'role',1,'2016-07-18 13:09:58','王二'),(940,'用户：王二查询装修案例列表信息','查询',0,'cases',1,'2016-07-18 13:10:16','王二'),(941,'用户：王二查询装修案例列表信息','查询',0,'cases',1,'2016-07-18 13:11:17','王二'),(942,'用户：王二查询装修案例信息','查询',66,'cases',1,'2016-07-18 13:11:18','王二'),(943,'用户：王二删除装修案例展示图','删除',66,'cases_show_image',1,'2016-07-18 13:11:24','王二'),(944,'用户：王二删除装修案例展示图','删除',66,'cases_show_image',1,'2016-07-18 13:11:26','王二'),(945,'用户：王二删除装修案例展示图','删除',66,'cases_show_image',1,'2016-07-18 13:11:27','王二'),(946,'用户：王二删除装修案例展示图','删除',66,'cases_show_image',1,'2016-07-18 13:11:28','王二'),(947,'用户：王二删除装修案例展示图','删除',66,'cases_show_image',1,'2016-07-18 13:11:29','王二'),(948,'用户：王二删除装修案例展示图','删除',66,'cases_show_image',1,'2016-07-18 13:11:30','王二'),(949,'用户：王二删除装修案例展示图','删除',66,'cases_show_image',1,'2016-07-18 13:11:30','王二'),(950,'用户：王二删除装修案例展示图','删除',66,'cases_show_image',1,'2016-07-18 13:11:31','王二'),(951,'用户：王二删除装修案例展示图','删除',66,'cases_show_image',1,'2016-07-18 13:11:31','王二'),(952,'用户：王二删除装修案例展示图','删除',66,'cases_show_image',1,'2016-07-18 13:11:32','王二'),(953,'用户：王二删除装修案例展示图','删除',66,'cases_show_image',1,'2016-07-18 13:11:32','王二'),(954,'用户：王二删除装修案例展示图','删除',66,'cases_show_image',1,'2016-07-18 13:11:33','王二'),(955,'用户：王二查询装修案例信息','查询',66,'cases',1,'2016-07-18 13:11:34','王二'),(956,'用户：王二查询装修案例信息','查询',66,'cases',1,'2016-07-18 13:11:35','王二'),(957,'用户：王二查询装修案例信息','查询',66,'cases',1,'2016-07-18 13:11:56','王二'),(958,'用户：王二上传装修案例展示图片','上传',191,'cases_show_image',1,'2016-07-18 13:12:02','王二'),(959,'用户：王二上传装修案例展示图片','上传',192,'cases_show_image',1,'2016-07-18 13:12:02','王二'),(960,'用户：王二上传装修案例展示图片','上传',193,'cases_show_image',1,'2016-07-18 13:12:02','王二'),(961,'用户：王二上传装修案例展示图片','上传',194,'cases_show_image',1,'2016-07-18 13:12:02','王二'),(962,'用户：王二上传装修案例展示图片','上传',195,'cases_show_image',1,'2016-07-18 13:12:03','王二'),(963,'用户：王二上传装修案例展示图片','上传',196,'cases_show_image',1,'2016-07-18 13:12:03','王二'),(964,'用户：王二查询装修案例信息','查询',66,'cases',1,'2016-07-18 13:12:05','王二'),(965,'用户：王二查询装修案例信息','查询',66,'cases',1,'2016-07-18 13:35:28','王二'),(966,'用户：王二登录系统','登录',645,'user',1,'2016-07-18 14:55:21','王二'),(967,'用户：王二查询角色列表信息','查询',0,'role',1,'2016-07-18 14:55:22','王二'),(968,'用户：王二查询装修案例列表信息','查询',0,'cases',1,'2016-07-18 14:55:22','王二'),(969,'用户：王二查询装修案例列表信息','查询',0,'cases',1,'2016-07-18 14:55:25','王二'),(970,'用户：王二查询在建工地列表信息','查询',0,'hot_building_site',1,'2016-07-18 14:55:32','王二'),(971,'用户：王二新增在建工地信息','新增',4,'hot_building_site',1,'2016-07-18 14:57:19','王二'),(972,'用户：王二查询在建工地列表信息','查询',0,'hot_building_site',1,'2016-07-18 14:57:20','王二'),(973,'用户：王二查询在建工地信息','查询',4,'hot_building_site',1,'2016-07-18 14:57:24','王二'),(974,'用户：王二修改在建工地信息','修改',4,'hot_building_site',1,'2016-07-18 14:57:39','王二'),(975,'用户：王二查询在建工地列表信息','查询',0,'hot_building_site',1,'2016-07-18 14:57:39','王二'),(976,'用户：王二查询在建工地信息','查询',4,'hot_building_site',1,'2016-07-18 14:57:44','王二'),(977,'用户：王二查询在建工地信息','查询',4,'hot_building_site',1,'2016-07-18 14:57:46','王二'),(978,'用户：王二查询在建工地信息','查询',4,'hot_building_site',1,'2016-07-18 14:57:47','王二'),(979,'用户：王二查询在建工地信息','查询',4,'hot_building_site',1,'2016-07-18 14:58:56','王二'),(980,'用户：王二查询在建工地信息','查询',4,'hot_building_site',1,'2016-07-18 14:59:50','王二'),(981,'用户：王二新增在建工地信息','新增',5,'hot_building_site',1,'2016-07-18 15:00:52','王二'),(982,'用户：王二查询在建工地列表信息','查询',0,'hot_building_site',1,'2016-07-18 15:00:53','王二'),(983,'用户：王二查询在建工地信息','查询',5,'hot_building_site',1,'2016-07-18 15:01:29','王二'),(984,'用户：王二查询在建工地信息','查询',5,'hot_building_site',1,'2016-07-18 15:02:13','王二'),(985,'用户：王二修改在建工地信息','修改',5,'hot_building_site',1,'2016-07-18 15:02:46','王二'),(986,'用户：王二查询在建工地列表信息','查询',0,'hot_building_site',1,'2016-07-18 15:02:47','王二'),(987,'用户：王二查询在建工地信息','查询',5,'hot_building_site',1,'2016-07-18 15:02:49','王二'),(988,'用户：王二查询在建工地信息','查询',4,'hot_building_site',1,'2016-07-18 15:02:50','王二'),(989,'用户：王二查询在建工地信息','查询',5,'hot_building_site',1,'2016-07-18 15:02:50','王二'),(990,'用户：王二修改在建工地信息','修改',5,'hot_building_site',1,'2016-07-18 15:02:53','王二'),(991,'用户：王二查询在建工地列表信息','查询',0,'hot_building_site',1,'2016-07-18 15:02:54','王二'),(992,'用户：王二查询在建工地信息','查询',4,'hot_building_site',1,'2016-07-18 15:02:56','王二'),(993,'用户：王二查询在建工地信息','查询',5,'hot_building_site',1,'2016-07-18 15:02:57','王二'),(994,'用户：王二查询在建工地信息','查询',5,'hot_building_site',1,'2016-07-18 15:02:59','王二'),(995,'用户：王二查询在建工地信息','查询',5,'hot_building_site',1,'2016-07-18 15:03:02','王二'),(996,'用户：王二查询在建工地信息','查询',5,'hot_building_site',1,'2016-07-18 15:03:03','王二'),(997,'用户：王二查询在建工地信息','查询',5,'hot_building_site',1,'2016-07-18 15:03:04','王二'),(998,'用户：王二修改在建工地信息','修改',5,'hot_building_site',1,'2016-07-18 15:03:08','王二'),(999,'用户：王二查询在建工地列表信息','查询',0,'hot_building_site',1,'2016-07-18 15:03:08','王二'),(1000,'用户：王二查询在建工地列表信息','查询',0,'hot_building_site',1,'2016-07-18 15:07:56','王二'),(1001,'用户：王二查询在建工地信息','查询',5,'hot_building_site',1,'2016-07-18 15:07:57','王二'),(1002,'用户：王二查询在建工地列表信息','查询',0,'hot_building_site',1,'2016-07-18 15:09:39','王二'),(1003,'用户：王二查询在建工地信息','查询',5,'hot_building_site',1,'2016-07-18 15:09:39','王二'),(1004,'用户：王二查询在建工地信息','查询',5,'hot_building_site',1,'2016-07-18 15:10:05','王二'),(1005,'用户：王二查询在建工地信息','查询',5,'hot_building_site',1,'2016-07-18 15:10:07','王二'),(1006,'用户：王二查询在建工地信息','查询',5,'hot_building_site',1,'2016-07-18 15:10:08','王二'),(1007,'用户：王二查询在建工地信息','查询',5,'hot_building_site',1,'2016-07-18 15:11:09','王二'),(1008,'用户：王二查询在建工地信息','查询',5,'hot_building_site',1,'2016-07-18 15:11:10','王二'),(1009,'用户：王二查询在建工地信息','查询',5,'hot_building_site',1,'2016-07-18 15:11:11','王二'),(1010,'用户：王二上传装修案例展示图片','上传',40,'cases_show_image',1,'2016-07-18 15:11:17','王二'),(1011,'用户：王二上传装修案例展示图片','上传',41,'cases_show_image',1,'2016-07-18 15:11:17','王二'),(1012,'用户：王二查询在建工地信息','查询',5,'hot_building_site',1,'2016-07-18 15:11:22','王二'),(1013,'用户：王二查询在建工地信息','查询',5,'hot_building_site',1,'2016-07-18 15:12:01','王二'),(1014,'用户：王二查询在建工地信息','查询',3,'hot_building_site',1,'2016-07-18 15:12:03','王二'),(1015,'用户：王二上传装修案例展示图片','上传',42,'cases_show_image',1,'2016-07-18 15:12:07','王二'),(1016,'用户：王二查询在建工地信息','查询',3,'hot_building_site',1,'2016-07-18 15:12:12','王二'),(1017,'用户：王二查询在建工地列表信息','查询',0,'hot_building_site',1,'2016-07-18 15:17:56','王二'),(1018,'用户：王二查询在建工地列表信息','查询',0,'hot_building_site',1,'2016-07-18 15:17:58','王二'),(1019,'用户：王二查询在建工地列表信息','查询',0,'hot_building_site',1,'2016-07-18 15:17:59','王二'),(1020,'用户：王二查询在建工地列表信息','查询',0,'hot_building_site',1,'2016-07-18 15:18:00','王二'),(1021,'用户：王二查询在建工地列表信息','查询',0,'hot_building_site',1,'2016-07-18 15:18:00','王二'),(1022,'用户：王二查询在建工地列表信息','查询',0,'hot_building_site',1,'2016-07-18 15:18:01','王二'),(1023,'用户：王二查询在建工地列表信息','查询',0,'hot_building_site',1,'2016-07-18 15:18:01','王二'),(1024,'用户：王二查询在建工地列表信息','查询',0,'hot_building_site',1,'2016-07-18 15:18:02','王二'),(1025,'用户：王二查询在建工地列表信息','查询',0,'hot_building_site',1,'2016-07-18 15:18:03','王二'),(1026,'用户：王二查询在建工地列表信息','查询',0,'hot_building_site',1,'2016-07-18 15:18:04','王二'),(1027,'用户：王二查询在建工地列表信息','查询',0,'hot_building_site',1,'2016-07-18 15:18:06','王二'),(1028,'用户：王二查询在建工地列表信息','查询',0,'hot_building_site',1,'2016-07-18 15:18:07','王二'),(1029,'用户：王二查询在建工地列表信息','查询',0,'hot_building_site',1,'2016-07-18 15:18:09','王二'),(1030,'用户：王二查询在建工地列表信息','查询',0,'hot_building_site',1,'2016-07-18 15:18:10','王二'),(1031,'用户：王二查询在建工地列表信息','查询',0,'hot_building_site',1,'2016-07-18 15:18:11','王二'),(1032,'用户：王二查询在建工地列表信息','查询',0,'hot_building_site',1,'2016-07-18 15:18:13','王二'),(1033,'用户：王二查询在建工地信息','查询',4,'hot_building_site',1,'2016-07-18 15:18:15','王二'),(1034,'用户：王二修改在建工地信息','修改',4,'hot_building_site',1,'2016-07-18 15:18:26','王二'),(1035,'用户：王二查询在建工地列表信息','查询',0,'hot_building_site',1,'2016-07-18 15:18:26','王二'),(1036,'用户：王二查询在建工地列表信息','查询',0,'hot_building_site',1,'2016-07-18 15:18:29','王二'),(1037,'用户：王二查询在建工地列表信息','查询',0,'hot_building_site',1,'2016-07-18 15:18:30','王二'),(1038,'用户：王二查询在建工地列表信息','查询',0,'hot_building_site',1,'2016-07-18 15:18:32','王二'),(1039,'用户：王二查询在建工地列表信息','查询',0,'hot_building_site',1,'2016-07-18 15:18:33','王二'),(1040,'用户：王二查询在建工地列表信息','查询',0,'hot_building_site',1,'2016-07-18 15:18:33','王二'),(1041,'用户：王二查询在建工地列表信息','查询',0,'hot_building_site',1,'2016-07-18 15:18:34','王二'),(1042,'用户：王二查询在建工地列表信息','查询',0,'hot_building_site',1,'2016-07-18 15:18:35','王二'),(1043,'用户：王二查询在建工地列表信息','查询',0,'hot_building_site',1,'2016-07-18 15:18:35','王二'),(1044,'用户：王二查询在建工地列表信息','查询',0,'hot_building_site',1,'2016-07-18 15:18:36','王二'),(1045,'用户：王二查询在建工地列表信息','查询',0,'hot_building_site',1,'2016-07-18 15:18:37','王二'),(1046,'用户：王二查询在建工地列表信息','查询',0,'hot_building_site',1,'2016-07-18 15:18:37','王二'),(1047,'用户：王二查询在建工地列表信息','查询',0,'hot_building_site',1,'2016-07-18 15:18:38','王二'),(1048,'用户：王二查询在建工地列表信息','查询',0,'hot_building_site',1,'2016-07-18 15:18:51','王二'),(1049,'用户：王二查询在建工地列表信息','查询',0,'hot_building_site',1,'2016-07-18 15:18:52','王二'),(1050,'用户：王二查询在建工地列表信息','查询',0,'hot_building_site',1,'2016-07-18 15:18:55','王二'),(1051,'用户：王二查询在建工地列表信息','查询',0,'hot_building_site',1,'2016-07-18 15:18:56','王二'),(1052,'用户：王二查询在建工地列表信息','查询',0,'hot_building_site',1,'2016-07-18 15:18:57','王二'),(1053,'用户：王二查询在建工地列表信息','查询',0,'hot_building_site',1,'2016-07-18 15:18:57','王二'),(1054,'用户：王二查询在建工地列表信息','查询',0,'hot_building_site',1,'2016-07-18 15:18:58','王二'),(1055,'用户：王二查询在建工地列表信息','查询',0,'hot_building_site',1,'2016-07-18 15:18:58','王二'),(1056,'用户：王二查询在建工地列表信息','查询',0,'hot_building_site',1,'2016-07-18 15:18:59','王二'),(1057,'用户：王二查询在建工地列表信息','查询',0,'hot_building_site',1,'2016-07-18 15:19:00','王二'),(1058,'用户：王二查询在建工地列表信息','查询',0,'hot_building_site',1,'2016-07-18 15:19:01','王二'),(1059,'用户：王二查询在建工地列表信息','查询',0,'hot_building_site',1,'2016-07-18 15:19:01','王二'),(1060,'用户：王二查询在建工地列表信息','查询',0,'hot_building_site',1,'2016-07-18 15:19:02','王二'),(1061,'用户：王二查询在建工地列表信息','查询',0,'hot_building_site',1,'2016-07-18 15:19:33','王二'),(1062,'用户：王二查询在建工地列表信息','查询',0,'hot_building_site',1,'2016-07-18 15:22:39','王二'),(1063,'用户：王二查询在建工地信息','查询',5,'hot_building_site',1,'2016-07-18 15:22:40','王二'),(1064,'用户：王二查询在建工地信息','查询',2,'hot_building_site',1,'2016-07-18 15:22:41','王二'),(1065,'用户：王二上传装修案例展示图片','上传',43,'cases_show_image',1,'2016-07-18 15:22:44','王二'),(1066,'用户：王二查询在建工地信息','查询',5,'hot_building_site',1,'2016-07-18 15:22:44','王二'),(1067,'用户：王二查询在建工地列表信息','查询',0,'hot_building_site',1,'2016-07-18 15:22:45','王二'),(1068,'用户：王二查询在建工地信息','查询',3,'hot_building_site',1,'2016-07-18 15:23:06','王二'),(1069,'用户：王二查询在建工地信息','查询',3,'hot_building_site',1,'2016-07-18 15:23:07','王二'),(1070,'用户：王二查询在建工地信息','查询',3,'hot_building_site',1,'2016-07-18 15:23:07','王二'),(1071,'用户：王二查询在建工地信息','查询',3,'hot_building_site',1,'2016-07-18 15:23:08','王二'),(1072,'用户：王二查询在建工地信息','查询',3,'hot_building_site',1,'2016-07-18 15:23:09','王二'),(1073,'用户：王二查询在建工地列表信息','查询',0,'hot_building_site',1,'2016-07-18 15:23:11','王二'),(1074,'用户：王二查询在建工地信息','查询',3,'hot_building_site',1,'2016-07-18 15:23:11','王二'),(1075,'用户：王二上传装修案例展示图片','上传',44,'cases_show_image',1,'2016-07-18 15:23:14','王二'),(1076,'用户：王二查询在建工地信息','查询',5,'hot_building_site',1,'2016-07-18 15:23:14','王二'),(1077,'用户：王二查询在建工地列表信息','查询',0,'hot_building_site',1,'2016-07-18 15:26:37','王二'),(1078,'用户：王二查询在建工地信息','查询',3,'hot_building_site',1,'2016-07-18 15:26:38','王二'),(1079,'用户：王二上传装修案例展示图片','上传',45,'cases_show_image',1,'2016-07-18 15:26:41','王二'),(1080,'用户：王二查询在建工地信息','查询',3,'hot_building_site',1,'2016-07-18 15:26:41','王二'),(1081,'用户：王二查询在建工地信息','查询',3,'hot_building_site',1,'2016-07-18 15:26:46','王二'),(1082,'用户：王二查询在建工地信息','查询',2,'hot_building_site',1,'2016-07-18 15:26:48','王二'),(1083,'用户：王二修改在建工地信息','修改',2,'hot_building_site',1,'2016-07-18 15:26:57','王二'),(1084,'用户：王二查询在建工地列表信息','查询',0,'hot_building_site',1,'2016-07-18 15:26:57','王二'),(1085,'用户：王二查询在建工地列表信息','查询',0,'hot_building_site',1,'2016-07-18 15:27:29','王二'),(1086,'用户：王二查询在建工地列表信息','查询',0,'hot_building_site',1,'2016-07-18 15:27:30','王二'),(1087,'用户：王二查询在建工地信息','查询',3,'hot_building_site',1,'2016-07-18 15:27:31','王二'),(1088,'用户：王二修改在建工地信息','修改',3,'hot_building_site',1,'2016-07-18 15:27:35','王二'),(1089,'用户：王二查询在建工地信息','查询',3,'hot_building_site',1,'2016-07-18 15:27:35','王二'),(1090,'用户：王二修改在建工地信息','修改',3,'hot_building_site',1,'2016-07-18 15:27:39','王二'),(1091,'用户：王二查询在建工地信息','查询',3,'hot_building_site',1,'2016-07-18 15:27:39','王二'),(1092,'用户：王二修改在建工地信息','修改',3,'hot_building_site',1,'2016-07-18 15:27:41','王二'),(1093,'用户：王二查询在建工地信息','查询',3,'hot_building_site',1,'2016-07-18 15:27:41','王二'),(1094,'用户：王二修改在建工地信息','修改',3,'hot_building_site',1,'2016-07-18 15:27:42','王二'),(1095,'用户：王二查询在建工地信息','查询',3,'hot_building_site',1,'2016-07-18 15:27:43','王二'),(1096,'用户：王二查询在建工地信息','查询',3,'hot_building_site',1,'2016-07-18 15:27:55','王二'),(1097,'用户：王二修改在建工地信息','修改',3,'hot_building_site',1,'2016-07-18 15:27:59','王二'),(1098,'用户：王二查询在建工地信息','查询',3,'hot_building_site',1,'2016-07-18 15:28:00','王二'),(1099,'用户：王二查询在建工地信息','查询',4,'hot_building_site',1,'2016-07-18 15:28:22','王二'),(1100,'用户：王二修改在建工地信息','修改',4,'hot_building_site',1,'2016-07-18 15:28:27','王二'),(1101,'用户：王二查询在建工地信息','查询',4,'hot_building_site',1,'2016-07-18 15:28:27','王二'),(1102,'用户：王二查询装修案例列表信息','查询',0,'cases',1,'2016-07-18 15:31:30','王二'),(1103,'用户：王二查询装修案例信息','查询',65,'cases',1,'2016-07-18 15:31:31','王二'),(1104,'用户：王二查询装修案例信息','查询',60,'cases',1,'2016-07-18 15:31:32','王二'),(1105,'用户：王二修改装修案例信息','修改',60,'repair',1,'2016-07-18 15:31:34','王二'),(1106,'用户：王二查询装修案例信息','查询',60,'cases',1,'2016-07-18 15:31:35','王二'),(1107,'用户：王二修改装修案例信息','修改',60,'repair',1,'2016-07-18 15:31:37','王二'),(1108,'用户：王二查询装修案例信息','查询',60,'cases',1,'2016-07-18 15:31:37','王二'),(1109,'用户：王二查询装修案例信息','查询',61,'cases',1,'2016-07-18 15:31:42','王二'),(1110,'用户：王二修改装修案例信息','修改',61,'repair',1,'2016-07-18 15:31:44','王二'),(1111,'用户：王二查询装修案例信息','查询',61,'cases',1,'2016-07-18 15:31:44','王二'),(1112,'用户：王二查询装修案例信息','查询',66,'cases',1,'2016-07-18 15:31:49','王二'),(1113,'用户：王二上传装修案例展示图片','上传',197,'cases_show_image',1,'2016-07-18 15:31:54','王二'),(1114,'用户：王二修改装修案例信息','修改',66,'repair',1,'2016-07-18 15:31:56','王二'),(1115,'用户：王二查询装修案例信息','查询',66,'cases',1,'2016-07-18 15:31:56','王二'),(1116,'用户：王二查询装修案例列表信息','查询',0,'cases',1,'2016-07-18 15:41:36','王二'),(1117,'用户：王二查询设计师列表信息','查询',0,'designer',1,'2016-07-18 15:41:41','王二'),(1118,'用户：王二查询设计师信息','查询',33,'designer',1,'2016-07-18 15:41:42','王二'),(1119,'用户：王二修改设计师信息','修改',33,'designer',1,'2016-07-18 15:41:46','王二'),(1120,'用户：王二查询设计师信息','查询',33,'designer',1,'2016-07-18 15:41:47','王二'),(1121,'用户：王二查询设计师信息','查询',33,'designer',1,'2016-07-18 15:42:47','王二'),(1122,'用户：王二上传个人照片','上传',33,'designer',1,'2016-07-18 15:42:54','王二'),(1123,'用户：王二查询设计师信息','查询',33,'designer',1,'2016-07-18 15:42:56','王二'),(1124,'用户：王二查询设计师信息','查询',33,'designer',1,'2016-07-18 15:42:57','王二'),(1125,'用户：王二上传个人照片','上传',33,'designer',1,'2016-07-18 15:43:15','王二'),(1126,'用户：王二查询设计师信息','查询',33,'designer',1,'2016-07-18 15:43:16','王二'),(1127,'用户：王二查询设计师信息','查询',2,'designer',1,'2016-07-18 15:43:18','王二'),(1128,'用户：王二查询设计师信息','查询',33,'designer',1,'2016-07-18 15:43:19','王二'),(1129,'用户：王二查询设计师信息','查询',5,'designer',1,'2016-07-18 15:43:33','王二'),(1130,'用户：王二修改设计师信息','修改',5,'designer',1,'2016-07-18 15:43:35','王二'),(1131,'用户：王二查询设计师信息','查询',5,'designer',1,'2016-07-18 15:43:36','王二'),(1132,'用户：王二查询设计师信息','查询',4,'designer',1,'2016-07-18 15:43:37','王二'),(1133,'用户：王二查询设计师信息','查询',5,'designer',1,'2016-07-18 15:43:39','王二'),(1134,'用户：王二修改设计师信息','修改',5,'designer',1,'2016-07-18 15:43:48','王二'),(1135,'用户：王二查询设计师信息','查询',5,'designer',1,'2016-07-18 15:43:48','王二'),(1136,'用户：王二查询装修问答列表信息','查询',0,'faq',1,'2016-07-18 15:45:35','王二'),(1137,'用户：王二查询装修问答列表信息','查询',0,'faq',1,'2016-07-18 15:45:36','王二'),(1138,'用户：王二查询装修问答信息','查询',11,'faq',1,'2016-07-18 15:45:36','王二'),(1139,'用户：王二修改装修问答信息','修改',11,'faq',1,'2016-07-18 15:45:41','王二'),(1140,'用户：王二查询装修问答信息','查询',11,'faq',1,'2016-07-18 15:45:41','王二'),(1141,'用户：王二查询装修问答列表信息','查询',0,'faq',1,'2016-07-18 15:45:42','王二'),(1142,'用户：王二查询装修问答信息','查询',11,'faq',1,'2016-07-18 15:45:46','王二'),(1143,'用户：王二查询装修问答信息','查询',10,'faq',1,'2016-07-18 15:45:47','王二'),(1144,'用户：王二修改装修问答信息','修改',10,'faq',1,'2016-07-18 15:45:50','王二'),(1145,'用户：王二查询装修问答信息','查询',10,'faq',1,'2016-07-18 15:45:50','王二'),(1146,'用户：王二查询装修问答列表信息','查询',0,'faq',1,'2016-07-18 15:45:50','王二'),(1147,'用户：王二查询装修问答列表信息','查询',0,'faq',1,'2016-07-18 15:46:08','王二'),(1148,'用户：王二查询装修问答信息','查询',11,'faq',1,'2016-07-18 15:46:09','王二'),(1149,'用户：王二修改装修问答信息','修改',11,'faq',1,'2016-07-18 15:46:11','王二'),(1150,'用户：王二查询装修问答列表信息','查询',0,'faq',1,'2016-07-18 15:46:12','王二'),(1151,'用户：王二查询装修问答信息','查询',11,'faq',1,'2016-07-18 15:46:12','王二'),(1152,'用户：王二查询装修问答列表信息','查询',0,'faq',1,'2016-07-18 15:46:15','王二'),(1153,'用户：王二查询装修问答列表信息','查询',0,'faq',1,'2016-07-18 15:46:16','王二'),(1154,'用户：王二查询装修问答列表信息','查询',0,'faq',1,'2016-07-18 15:46:16','王二'),(1155,'用户：王二查询装修问答信息','查询',10,'faq',1,'2016-07-18 15:46:17','王二'),(1156,'用户：王二修改装修问答信息','修改',10,'faq',1,'2016-07-18 15:46:20','王二'),(1157,'用户：王二查询装修问答信息','查询',10,'faq',1,'2016-07-18 15:46:20','王二'),(1158,'用户：王二查询装修问答列表信息','查询',0,'faq',1,'2016-07-18 15:46:20','王二'),(1159,'用户：王二查询装修问答列表信息','查询',0,'faq',1,'2016-07-18 15:47:18','王二'),(1160,'用户：王二查询装修问答列表信息','查询',0,'faq',1,'2016-07-18 15:47:18','王二'),(1161,'用户：王二查询装修问答列表信息','查询',0,'faq',1,'2016-07-18 15:47:19','王二'),(1162,'用户：王二查询在线报修列表信息','查询',0,'repair',1,'2016-07-18 15:47:21','王二'),(1163,'用户：王二查询装修问答列表信息','查询',0,'faq',1,'2016-07-18 15:47:22','王二'),(1164,'用户：王二查询装修问答列表信息','查询',0,'faq',1,'2016-07-18 15:47:23','王二'),(1165,'用户：王二查询装修问答信息','查询',8,'faq',1,'2016-07-18 15:47:24','王二'),(1166,'用户：王二修改装修问答信息','修改',8,'faq',1,'2016-07-18 15:47:28','王二'),(1167,'用户：王二查询装修问答列表信息','查询',0,'faq',1,'2016-07-18 15:47:35','王二'),(1168,'用户：王二查询装修问答信息','查询',8,'faq',1,'2016-07-18 15:47:35','王二'),(1169,'用户：王二登录系统','登录',645,'user',1,'2016-07-18 15:54:07','王二'),(1170,'用户：王二查询角色列表信息','查询',0,'role',1,'2016-07-18 15:54:08','王二'),(1171,'用户：王二查询装修案例列表信息','查询',0,'cases',1,'2016-07-18 15:54:09','王二'),(1172,'用户：王二注销登录','注销',645,'user',1,'2016-07-18 15:54:11','王二'),(1173,'用户：王二登录系统','登录',645,'user',1,'2016-07-18 15:54:20','王二'),(1174,'用户：王二查询角色列表信息','查询',0,'role',1,'2016-07-18 15:54:21','王二'),(1175,'用户：王二查询装修案例列表信息','查询',0,'cases',1,'2016-07-18 15:54:21','王二'),(1176,'用户：王二查询装修问答列表信息','查询',0,'faq',1,'2016-07-18 15:54:24','王二'),(1177,'用户：王二查询装修问答信息','查询',11,'faq',1,'2016-07-18 15:54:25','王二'),(1178,'用户：王二查询装修问答信息','查询',6,'faq',1,'2016-07-18 15:54:26','王二'),(1179,'用户：王二修改装修问答信息','修改',6,'faq',1,'2016-07-18 15:54:28','王二'),(1180,'用户：王二查询装修问答列表信息','查询',0,'faq',1,'2016-07-18 15:54:29','王二'),(1181,'用户：王二查询装修问答信息','查询',7,'faq',1,'2016-07-18 15:54:31','王二'),(1182,'用户：王二查询装修问答信息','查询',6,'faq',1,'2016-07-18 15:54:32','王二'),(1183,'用户：王二查询装修问答信息','查询',6,'faq',1,'2016-07-18 15:54:33','王二'),(1184,'用户：王二查询装修问答信息','查询',6,'faq',1,'2016-07-18 15:54:34','王二'),(1185,'用户：王二查询装修问答信息','查询',6,'faq',1,'2016-07-18 15:54:34','王二'),(1186,'用户：王二查询装修问答信息','查询',6,'faq',1,'2016-07-18 15:54:35','王二'),(1187,'用户：王二查询装修问答信息','查询',6,'faq',1,'2016-07-18 15:54:36','王二'),(1188,'用户：王二查询装修问答信息','查询',6,'faq',1,'2016-07-18 15:54:37','王二'),(1189,'用户：王二查询装修问答信息','查询',6,'faq',1,'2016-07-18 15:54:37','王二'),(1190,'用户：王二修改装修问答信息','修改',6,'faq',1,'2016-07-18 15:54:51','王二'),(1191,'用户：王二查询装修问答列表信息','查询',0,'faq',1,'2016-07-18 15:54:51','王二'),(1192,'用户：王二查询装修问答信息','查询',5,'faq',1,'2016-07-18 15:54:59','王二'),(1193,'用户：王二查询装修问答列表信息','查询',0,'faq',1,'2016-07-18 15:55:53','王二'),(1194,'用户：王二查询装修问答列表信息','查询',0,'faq',1,'2016-07-18 15:55:54','王二'),(1195,'用户：王二查询装修问答信息','查询',6,'faq',1,'2016-07-18 15:55:54','王二'),(1196,'用户：王二查询装修问答信息','查询',6,'faq',1,'2016-07-18 15:55:55','王二'),(1197,'用户：王二查询装修问答信息','查询',6,'faq',1,'2016-07-18 15:55:56','王二'),(1198,'用户：王二修改装修问答信息','修改',6,'faq',1,'2016-07-18 15:55:59','王二'),(1199,'用户：王二查询装修问答列表信息','查询',0,'faq',1,'2016-07-18 15:55:59','王二'),(1200,'用户：王二查询装修问答信息','查询',6,'faq',1,'2016-07-18 15:56:05','王二'),(1201,'用户：王二修改装修问答信息','修改',6,'faq',1,'2016-07-18 15:56:07','王二'),(1202,'用户：王二查询装修问答列表信息','查询',0,'faq',1,'2016-07-18 15:56:07','王二'),(1203,'用户：王二查询装修问答信息','查询',6,'faq',1,'2016-07-18 15:56:09','王二'),(1204,'用户：王二修改装修问答信息','修改',6,'faq',1,'2016-07-18 15:56:12','王二'),(1205,'用户：王二查询装修问答列表信息','查询',0,'faq',1,'2016-07-18 15:56:12','王二'),(1206,'用户：王二查询装修问答列表信息','查询',0,'faq',1,'2016-07-18 16:00:51','王二'),(1207,'用户：王二查询装修问答列表信息','查询',0,'faq',1,'2016-07-18 16:00:51','王二'),(1208,'用户：王二查询装修问答信息','查询',8,'faq',1,'2016-07-18 16:00:52','王二'),(1209,'用户：王二修改装修问答信息','修改',8,'faq',1,'2016-07-18 16:00:55','王二'),(1210,'用户：王二查询装修问答信息','查询',8,'faq',1,'2016-07-18 16:01:00','王二'),(1211,'用户：王二查询装修问答信息','查询',10,'faq',1,'2016-07-18 16:01:01','王二'),(1212,'用户：王二查询装修问答列表信息','查询',0,'faq',1,'2016-07-18 16:01:03','王二'),(1213,'用户：王二查询装修问答列表信息','查询',0,'faq',1,'2016-07-18 16:05:47','王二'),(1214,'用户：王二查询装修问答列表信息','查询',0,'faq',1,'2016-07-18 16:05:51','王二'),(1215,'用户：王二查询装修问答信息','查询',8,'faq',1,'2016-07-18 16:05:53','王二'),(1216,'用户：王二修改装修问答信息','修改',8,'faq',1,'2016-07-18 16:05:55','王二'),(1217,'用户：王二查询装修问答列表信息','查询',0,'faq',1,'2016-07-18 16:05:55','王二'),(1218,'用户：王二修改装修问答信息','修改',8,'faq',1,'2016-07-18 16:06:03','王二'),(1219,'用户：王二查询装修问答列表信息','查询',0,'faq',1,'2016-07-18 16:06:03','王二'),(1220,'用户：王二查询装修问答信息','查询',5,'faq',1,'2016-07-18 16:06:07','王二'),(1221,'用户：王二修改装修问答信息','修改',5,'faq',1,'2016-07-18 16:06:09','王二'),(1222,'用户：王二查询装修问答列表信息','查询',0,'faq',1,'2016-07-18 16:06:10','王二'),(1223,'用户：王二查询装修问答列表信息','查询',0,'faq',1,'2016-07-18 16:06:53','王二'),(1224,'用户：王二查询装修问答信息','查询',7,'faq',1,'2016-07-18 16:06:55','王二'),(1225,'用户：王二修改装修问答信息','修改',7,'faq',1,'2016-07-18 16:06:58','王二'),(1226,'用户：王二查询装修问答列表信息','查询',0,'faq',1,'2016-07-18 16:16:58','王二'),(1227,'用户：王二查询装修问答信息','查询',7,'faq',1,'2016-07-18 16:17:01','王二'),(1228,'用户：王二修改装修问答信息','修改',7,'faq',1,'2016-07-18 16:17:04','王二'),(1229,'用户：王二查询装修问答列表信息','查询',0,'faq',1,'2016-07-18 16:17:04','王二'),(1230,'用户：王二查询装修问答信息','查询',7,'faq',1,'2016-07-18 16:17:04','王二'),(1231,'用户：王二查询装修问答列表信息','查询',0,'faq',1,'2016-07-18 16:29:20','王二'),(1232,'用户：王二查询装修问答列表信息','查询',0,'faq',1,'2016-07-18 16:29:23','王二'),(1233,'用户：王二查询装修问答信息','查询',8,'faq',1,'2016-07-18 16:29:24','王二'),(1234,'用户：王二查询装修问答信息','查询',8,'faq',1,'2016-07-18 16:30:47','王二'),(1235,'用户：王二修改装修问答信息','修改',8,'faq',1,'2016-07-18 16:30:49','王二'),(1236,'用户：王二查询装修问答列表信息','查询',0,'faq',1,'2016-07-18 16:30:49','王二'),(1237,'用户：王二登录系统','登录',645,'user',1,'2016-07-18 16:37:23','王二'),(1238,'用户：王二查询角色列表信息','查询',0,'role',1,'2016-07-18 16:37:24','王二'),(1239,'用户：王二查询装修案例列表信息','查询',0,'cases',1,'2016-07-18 16:37:25','王二'),(1240,'用户：王二查询装修问答列表信息','查询',0,'faq',1,'2016-07-18 16:37:28','王二'),(1241,'用户：王二查询装修问答信息','查询',10,'faq',1,'2016-07-18 16:37:29','王二'),(1242,'用户：王二查询装修问答信息','查询',8,'faq',1,'2016-07-18 16:37:30','王二'),(1243,'用户：王二修改装修问答信息','修改',8,'faq',1,'2016-07-18 16:37:34','王二'),(1244,'用户：王二注销登录','注销',645,'user',1,'2016-07-18 16:37:38','王二'),(1245,'用户：王二登录系统','登录',645,'user',1,'2016-07-18 16:38:01','王二'),(1246,'用户：王二查询角色列表信息','查询',0,'role',1,'2016-07-18 16:38:02','王二'),(1247,'用户：王二查询装修案例列表信息','查询',0,'cases',1,'2016-07-18 16:38:02','王二'),(1248,'用户：王二查询在线报修列表信息','查询',0,'repair',1,'2016-07-18 16:38:04','王二'),(1249,'用户：王二查询装修问答列表信息','查询',0,'faq',1,'2016-07-18 16:38:05','王二'),(1250,'用户：王二查询装修问答列表信息','查询',0,'faq',1,'2016-07-18 16:38:06','王二'),(1251,'用户：王二查询装修问答信息','查询',8,'faq',1,'2016-07-18 16:38:07','王二'),(1252,'用户：王二修改装修问答信息','修改',8,'faq',1,'2016-07-18 16:38:10','王二'),(1253,'用户：王二修改装修问答信息','修改',8,'faq',1,'2016-07-18 16:38:33','王二'),(1254,'用户：王二查询装修问答列表信息','查询',0,'faq',1,'2016-07-18 16:38:59','王二'),(1255,'用户：王二查询装修问答信息','查询',10,'faq',1,'2016-07-18 16:38:59','王二'),(1256,'用户：王二修改装修问答信息','修改',10,'faq',1,'2016-07-18 16:39:02','王二'),(1257,'用户：王二登录系统','登录',645,'user',1,'2016-07-18 18:03:10','王二'),(1258,'用户：王二查询角色列表信息','查询',0,'role',1,'2016-07-18 18:03:11','王二'),(1259,'用户：王二查询装修案例列表信息','查询',0,'cases',1,'2016-07-18 18:03:14','王二'),(1260,'用户：王二查询在线报修列表信息','查询',0,'repair',1,'2016-07-18 18:03:45','王二'),(1261,'用户：王二查询装修问答列表信息','查询',0,'faq',1,'2016-07-18 18:03:50','王二'),(1262,'用户：王二查询装修问答信息','查询',11,'faq',1,'2016-07-18 18:03:50','王二'),(1263,'用户：王二查询装修问答列表信息','查询',0,'faq',1,'2016-07-18 18:03:51','王二'),(1264,'用户：王二查询装修问答信息','查询',11,'faq',1,'2016-07-18 18:03:51','王二'),(1265,'用户：王二查询装修问答信息','查询',8,'faq',1,'2016-07-18 18:03:52','王二'),(1266,'用户：王二修改装修问答信息','修改',8,'faq',1,'2016-07-18 18:03:55','王二'),(1267,'用户：王二查询装修问答列表信息','查询',0,'faq',1,'2016-07-18 18:03:55','王二'),(1268,'用户：王二查询装修问答信息','查询',8,'faq',1,'2016-07-18 18:03:55','王二'),(1269,'用户：王二修改装修问答信息','修改',8,'faq',1,'2016-07-18 18:04:11','王二'),(1270,'用户：王二查询装修问答列表信息','查询',0,'faq',1,'2016-07-18 18:04:12','王二'),(1271,'用户：王二查询装修问答信息','查询',8,'faq',1,'2016-07-18 18:04:12','王二'),(1272,'用户：王二修改装修问答信息','修改',8,'faq',1,'2016-07-18 18:04:14','王二'),(1273,'用户：王二查询装修问答列表信息','查询',0,'faq',1,'2016-07-18 18:04:14','王二'),(1274,'用户：王二查询装修问答信息','查询',8,'faq',1,'2016-07-18 18:04:15','王二'),(1275,'用户：王二查询设计师列表信息','查询',0,'designer',1,'2016-07-18 18:05:56','王二'),(1276,'用户：王二查询设计师信息','查询',34,'designer',1,'2016-07-18 18:05:56','王二'),(1277,'用户：王二修改设计师信息','修改',34,'designer',1,'2016-07-18 18:06:13','王二'),(1278,'用户：王二查询设计师列表信息','查询',0,'designer',1,'2016-07-18 18:06:18','王二'),(1279,'用户：王二查询设计师信息','查询',34,'designer',1,'2016-07-18 18:06:18','王二'),(1280,'用户：王二查询设计师信息','查询',34,'designer',1,'2016-07-18 18:06:19','王二'),(1281,'用户：王二查询设计师信息','查询',34,'designer',1,'2016-07-18 18:06:20','王二'),(1282,'用户：王二修改设计师信息','修改',34,'designer',1,'2016-07-18 18:06:29','王二'),(1283,'用户：王二查询设计师列表信息','查询',0,'designer',1,'2016-07-18 18:06:47','王二'),(1284,'用户：王二查询设计师信息','查询',34,'designer',1,'2016-07-18 18:06:47','王二'),(1285,'用户：王二查询设计师信息','查询',34,'designer',1,'2016-07-18 18:06:48','王二'),(1286,'用户：王二查询设计师信息','查询',34,'designer',1,'2016-07-18 18:06:49','王二'),(1287,'用户：王二修改设计师信息','修改',34,'designer',1,'2016-07-18 18:06:57','王二'),(1288,'用户：王二查询设计师列表信息','查询',0,'designer',1,'2016-07-18 18:06:57','王二'),(1289,'用户：王二查询设计师信息','查询',34,'designer',1,'2016-07-18 18:06:58','王二'),(1290,'用户：王二修改设计师信息','修改',34,'designer',1,'2016-07-18 18:07:14','王二'),(1291,'用户：王二查询设计师列表信息','查询',0,'designer',1,'2016-07-18 18:07:15','王二'),(1292,'用户：王二查询设计师信息','查询',34,'designer',1,'2016-07-18 18:07:15','王二'),(1293,'用户：王二查询设计师信息','查询',6,'designer',1,'2016-07-18 18:07:18','王二'),(1294,'用户：王二修改设计师信息','修改',6,'designer',1,'2016-07-18 18:07:32','王二'),(1295,'用户：王二查询设计师列表信息','查询',0,'designer',1,'2016-07-18 18:07:32','王二'),(1296,'用户：王二查询设计师信息','查询',6,'designer',1,'2016-07-18 18:07:32','王二'),(1297,'用户：王二登录系统','登录',645,'user',1,'2016-07-18 21:48:42','王二'),(1298,'用户：王二查询角色列表信息','查询',0,'role',1,'2016-07-18 21:48:43','王二'),(1299,'用户：王二查询装修案例列表信息','查询',0,'cases',1,'2016-07-18 21:48:44','王二'),(1300,'用户：王二查询装修案例信息','查询',66,'cases',1,'2016-07-18 21:48:45','王二'),(1301,'用户：王二查询装修案例信息','查询',63,'cases',1,'2016-07-18 21:48:46','王二'),(1302,'用户：王二查询装修案例列表信息','查询',0,'cases',1,'2016-07-18 21:48:48','王二'),(1303,'用户：王二查询装修案例信息','查询',66,'cases',1,'2016-07-18 21:48:48','王二'),(1304,'用户：王二查询设计师列表信息','查询',0,'designer',1,'2016-07-18 21:48:50','王二'),(1305,'用户：王二查询设计师信息','查询',34,'designer',1,'2016-07-18 21:48:50','王二'),(1306,'用户：王二查询热装楼盘列表信息','查询',0,'hot_building',1,'2016-07-18 21:48:53','王二'),(1307,'用户：王二查询热装楼盘信息','查询',1,'hot_building',1,'2016-07-18 21:48:53','王二'),(1308,'用户：王二查询在建工地列表信息','查询',0,'hot_building_site',1,'2016-07-18 21:48:55','王二'),(1309,'用户：王二查询在建工地信息','查询',5,'hot_building_site',1,'2016-07-18 21:48:55','王二'),(1310,'用户：王二查询户型点评列表信息','查询',0,'house_type_review',1,'2016-07-18 21:48:57','王二'),(1311,'用户：王二查询户型点评信息','查询',1,'house_type_review',1,'2016-07-18 21:48:57','王二'),(1312,'用户：王二查询装修资讯列表信息','查询',0,'order_info',1,'2016-07-18 21:48:59','王二'),(1313,'用户：王二查询装修资讯信息','查询',23,'order_info',1,'2016-07-18 21:49:00','王二'),(1314,'用户：王二查询户型点评列表信息','查询',0,'house_type_review',1,'2016-07-18 21:49:02','王二'),(1315,'用户：王二查询户型点评信息','查询',1,'house_type_review',1,'2016-07-18 21:49:02','王二'),(1316,'用户：王二查询装修资讯列表信息','查询',0,'order_info',1,'2016-07-18 21:49:09','王二'),(1317,'用户：王二查询装修资讯信息','查询',23,'order_info',1,'2016-07-18 21:49:09','王二'),(1318,'用户：王二查询在线订单列表信息','查询',0,'order_info',1,'2016-07-18 21:49:11','王二'),(1319,'用户：王二查询在线订单信息','查询',23,'order_info',1,'2016-07-18 21:49:12','王二'),(1320,'用户：王二查询在线订单信息','查询',28,'order_info',1,'2016-07-18 21:49:13','王二'),(1321,'用户：王二修改在线订单信息','修改',28,'order_info',1,'2016-07-18 21:49:17','王二'),(1322,'用户：王二查询在线订单列表信息','查询',0,'order_info',1,'2016-07-18 21:49:17','王二'),(1323,'用户：王二查询在线订单信息','查询',28,'order_info',1,'2016-07-18 21:49:17','王二'),(1324,'用户：王二修改在线订单信息','修改',28,'order_info',1,'2016-07-18 21:49:26','王二'),(1325,'用户：王二查询在线订单列表信息','查询',0,'order_info',1,'2016-07-18 21:49:26','王二'),(1326,'用户：王二查询在线订单信息','查询',28,'order_info',1,'2016-07-18 21:49:26','王二'),(1327,'用户：王二查询在线订单信息','查询',27,'order_info',1,'2016-07-18 21:49:31','王二'),(1328,'用户：王二修改在线订单信息','修改',27,'order_info',1,'2016-07-18 21:49:35','王二'),(1329,'用户：王二查询在线订单列表信息','查询',0,'order_info',1,'2016-07-18 21:49:36','王二'),(1330,'用户：王二查询在线订单信息','查询',27,'order_info',1,'2016-07-18 21:49:36','王二'),(1331,'用户：王二查询在线订单信息','查询',25,'order_info',1,'2016-07-18 21:49:39','王二'),(1332,'用户：王二修改在线订单信息','修改',25,'order_info',1,'2016-07-18 21:49:45','王二'),(1333,'用户：王二查询在线订单列表信息','查询',0,'order_info',1,'2016-07-18 21:49:45','王二'),(1334,'用户：王二查询在线订单信息','查询',25,'order_info',1,'2016-07-18 21:49:46','王二'),(1335,'用户：王二查询在线报修列表信息','查询',0,'repair',1,'2016-07-18 21:49:58','王二'),(1336,'用户：王二查询在线报修信息','查询',3,'repair',1,'2016-07-18 21:49:58','王二'),(1337,'用户：王二查询在线报修信息','查询',6,'repair',1,'2016-07-18 21:50:00','王二'),(1338,'用户：王二修改在线报修信息','修改',6,'repair',1,'2016-07-18 21:50:03','王二'),(1339,'用户：王二查询在线报修列表信息','查询',0,'repair',1,'2016-07-18 21:50:03','王二'),(1340,'用户：王二查询在线报修信息','查询',6,'repair',1,'2016-07-18 21:50:03','王二'),(1341,'用户：王二查询在线报修信息','查询',6,'repair',1,'2016-07-18 21:50:06','王二'),(1342,'用户：王二修改在线报修信息','修改',6,'repair',1,'2016-07-18 21:50:09','王二'),(1343,'用户：王二查询在线报修列表信息','查询',0,'repair',1,'2016-07-18 21:50:09','王二'),(1344,'用户：王二查询在线报修信息','查询',6,'repair',1,'2016-07-18 21:50:09','王二'),(1345,'用户：王二修改在线报修信息','修改',6,'repair',1,'2016-07-18 21:50:14','王二'),(1346,'用户：王二查询在线报修列表信息','查询',0,'repair',1,'2016-07-18 21:50:14','王二'),(1347,'用户：王二查询在线报修信息','查询',6,'repair',1,'2016-07-18 21:50:14','王二'),(1348,'用户：王二查询在线报修信息','查询',6,'repair',1,'2016-07-18 21:50:17','王二'),(1349,'用户：王二查询在线报修信息','查询',6,'repair',1,'2016-07-18 21:50:21','王二'),(1350,'用户：王二查询装修问答列表信息','查询',0,'faq',1,'2016-07-18 21:50:23','王二'),(1351,'用户：王二查询装修问答信息','查询',11,'faq',1,'2016-07-18 21:50:23','王二'),(1352,'用户：王二查询装修问答信息','查询',8,'faq',1,'2016-07-18 21:50:24','王二'),(1353,'用户：王二修改装修问答信息','修改',8,'faq',1,'2016-07-18 21:50:28','王二'),(1354,'用户：王二查询装修问答列表信息','查询',0,'faq',1,'2016-07-18 21:50:28','王二'),(1355,'用户：王二查询装修问答信息','查询',8,'faq',1,'2016-07-18 21:50:28','王二'),(1356,'用户：王二查询留言评论列表信息','查询',0,'comment',1,'2016-07-18 21:50:30','王二'),(1357,'用户：王二查询留言信息','查询',1,'comment',1,'2016-07-18 21:50:30','王二'),(1358,'用户：王二查询留言信息','查询',5,'comment',3,'2016-07-18 21:50:32','王二'),(1359,'用户：王二修改留言信息','修改',5,'comment',1,'2016-07-18 21:50:43','王二'),(1360,'用户：王二查询留言评论列表信息','查询',0,'comment',3,'2016-07-18 21:50:43','王二'),(1361,'用户：王二查询留言信息','查询',5,'comment',3,'2016-07-18 21:50:44','王二'),(1362,'用户：王二查询用户列表信息','查询',0,'user',3,'2016-07-18 21:50:47','王二'),(1363,'用户：王二查询测试帐号3信息','查询',666,'user',3,'2016-07-18 21:50:47','王二'),(1364,'用户：王二查询三创公用账号信息','查询',657,'user',3,'2016-07-18 21:50:48','王二'),(1365,'用户：王二查询测试帐号信息','查询',664,'user',3,'2016-07-18 21:50:51','王二'),(1366,'用户：王二查询测试帐号2信息','查询',665,'user',3,'2016-07-18 21:50:52','王二'),(1367,'用户：王二修改用户信息','修改',665,'user',1,'2016-07-18 21:51:00','王二'),(1368,'用户：王二查询用户列表信息','查询',0,'user',3,'2016-07-18 21:51:01','王二'),(1369,'用户：王二查询测试帐号2信息','查询',665,'user',3,'2016-07-18 21:51:01','王二'),(1370,'用户：王二查询测试帐号2信息','查询',665,'user',3,'2016-07-18 21:51:05','王二'),(1371,'用户：王二查询测试帐号2信息','查询',665,'user',3,'2016-07-18 21:51:06','王二'),(1372,'用户：王二查询测试帐号2信息','查询',665,'user',3,'2016-07-18 21:51:07','王二'),(1373,'用户：王二查询测试帐号2信息','查询',665,'user',3,'2016-07-18 21:51:07','王二'),(1374,'用户：王二查询角色列表信息','查询',0,'role',3,'2016-07-18 21:51:09','王二'),(1375,'用户：王二查询角色信息','查询',35,'role',3,'2016-07-18 21:51:09','王二'),(1376,'用户：王二查询在线用户列表信息','查询',0,'',3,'2016-07-18 21:51:12','王二'),(1377,'用户：王二查询在线用户列表信息','查询',0,'',3,'2016-07-18 21:51:14','王二'),(1378,'用户：王二登录系统','登录',645,'user',1,'2016-07-18 21:51:28','王二'),(1379,'用户：王二查询角色列表信息','查询',0,'role',3,'2016-07-18 21:51:29','王二'),(1380,'用户：王二查询装修案例列表信息','查询',0,'cases',3,'2016-07-18 21:51:30','王二'),(1381,'用户：王二查询用户列表信息','查询',0,'user',3,'2016-07-18 21:51:31','王二'),(1382,'用户：王二查询测试帐号3信息','查询',666,'user',3,'2016-07-18 21:51:31','王二'),(1383,'用户：王二查询用户列表信息','查询',0,'user',3,'2016-07-18 21:51:31','王二'),(1384,'用户：王二查询测试帐号3信息','查询',666,'user',3,'2016-07-18 21:51:32','王二'),(1385,'用户：王二查询在线用户列表信息','查询',0,'',3,'2016-07-18 21:51:33','王二'),(1386,'用户：王二查询在线用户列表信息','查询',0,'',3,'2016-07-18 21:51:34','王二'),(1387,'用户：王二查询在线用户列表信息','查询',0,'',3,'2016-07-18 21:51:35','王二'),(1388,'用户：王二查询在线用户列表信息','查询',0,'',3,'2016-07-18 21:51:36','王二'),(1389,'用户：王二注销被管理员强制下线','注销',645,'user',1,'2016-07-18 21:51:38','王二'),(1390,'用户：王二查询在线用户列表信息','查询',0,'',3,'2016-07-18 21:51:38','王二'),(1391,'用户：王二查询在线用户列表信息','查询',0,'',3,'2016-07-18 21:51:40','王二'),(1392,'用户：王二查询在线用户列表信息','查询',0,'',3,'2016-07-18 21:51:41','王二'),(1393,'用户：王二查询在线用户列表信息','查询',0,'',3,'2016-07-18 21:51:43','王二'),(1394,'用户：王二查询在线用户列表信息','查询',0,'',3,'2016-07-18 21:51:44','王二'),(1395,'用户：王二查询在线用户列表信息','查询',0,'',3,'2016-07-18 21:51:44','王二'),(1396,'用户：王二查询在线用户列表信息','查询',0,'',3,'2016-07-18 21:51:45','王二'),(1397,'用户：王二查询在线用户列表信息','查询',0,'',3,'2016-07-18 21:51:46','王二'),(1398,'用户：王二查询在线用户列表信息','查询',0,'',3,'2016-07-18 21:51:46','王二'),(1399,'用户：王二查询在线用户列表信息','查询',0,'',3,'2016-07-18 21:51:47','王二'),(1400,'用户：王二查询在线用户列表信息','查询',0,'',3,'2016-07-18 21:51:47','王二'),(1401,'用户：王二查询在线用户列表信息','查询',0,'',3,'2016-07-18 21:51:48','王二'),(1402,'用户：王二查询在线用户列表信息','查询',0,'',3,'2016-07-18 21:51:48','王二'),(1403,'用户：王二查询在线用户列表信息','查询',0,'',3,'2016-07-18 21:51:49','王二'),(1404,'用户：王二查询在线用户列表信息','查询',0,'',3,'2016-07-18 21:51:49','王二'),(1405,'用户：王二查询在线用户列表信息','查询',0,'',3,'2016-07-18 21:51:49','王二'),(1406,'用户：王二查询在线用户列表信息','查询',0,'',3,'2016-07-18 21:51:49','王二'),(1407,'用户：王二查询在线用户列表信息','查询',0,'',3,'2016-07-18 21:51:50','王二'),(1408,'用户：王二登录系统','登录',645,'user',1,'2016-07-18 22:27:30','王二'),(1409,'用户：王二查询角色列表信息','查询',0,'role',3,'2016-07-18 22:27:31','王二'),(1410,'用户：王二查询装修案例列表信息','查询',0,'cases',3,'2016-07-18 22:27:31','王二'),(1411,'用户：王二查询装修案例信息','查询',66,'cases',3,'2016-07-18 22:27:32','王二'),(1412,'用户：王二查询用户列表信息','查询',0,'user',3,'2016-07-18 22:27:35','王二'),(1413,'用户：王二查询测试帐号3信息','查询',666,'user',3,'2016-07-18 22:27:36','王二'),(1414,'用户：王二登录系统','登录',645,'user',1,'2016-07-18 22:33:44','王二'),(1415,'用户：王二查询角色列表信息','查询',0,'role',3,'2016-07-18 22:33:45','王二'),(1416,'用户：王二查询装修案例列表信息','查询',0,'cases',3,'2016-07-18 22:33:45','王二'),(1417,'用户：王二查询装修案例信息','查询',66,'cases',3,'2016-07-18 22:33:45','王二'),(1418,'用户：王二查询用户列表信息','查询',0,'user',3,'2016-07-18 22:33:49','王二'),(1419,'用户：王二查询测试帐号3信息','查询',666,'user',3,'2016-07-18 22:33:49','王二'),(1420,'用户：王二登录系统','登录',645,'user',1,'2016-07-18 22:42:07','王二'),(1421,'用户：王二查询角色列表信息','查询',0,'role',3,'2016-07-18 22:42:08','王二'),(1422,'用户：王二查询装修案例列表信息','查询',0,'cases',3,'2016-07-18 22:42:08','王二'),(1423,'用户：王二查询装修案例信息','查询',66,'cases',3,'2016-07-18 22:42:09','王二'),(1424,'用户：王二查询用户列表信息','查询',0,'user',3,'2016-07-18 22:42:13','王二'),(1425,'用户：王二查询角色列表信息','查询',0,'role',1,'2016-07-18 22:44:30','王二'),(1426,'用户：王二查询装修案例列表信息','查询',0,'cases',1,'2016-07-18 22:44:30','王二'),(1427,'用户：王二查询装修案例信息','查询',66,'cases',1,'2016-07-18 22:44:31','王二'),(1428,'用户：王二查询在建工地列表信息','查询',0,'hot_building_site',1,'2016-07-18 22:44:35','王二'),(1429,'用户：王二查询在建工地信息','查询',5,'hot_building_site',1,'2016-07-18 22:44:36','王二'),(1430,'用户：王二上传装修案例展示图片','上传',46,'cases_show_image',1,'2016-07-18 22:44:48','王二'),(1431,'用户：王二上传装修案例展示图片','上传',47,'cases_show_image',1,'2016-07-18 22:44:48','王二'),(1432,'用户：王二上传装修案例展示图片','上传',48,'cases_show_image',1,'2016-07-18 22:44:48','王二'),(1433,'用户：王二查询在建工地信息','查询',5,'hot_building_site',1,'2016-07-18 22:44:48','王二'),(1434,'用户：王二查询在建工地信息','查询',5,'hot_building_site',1,'2016-07-18 22:44:48','王二'),(1435,'用户：王二查询在建工地信息','查询',5,'hot_building_site',1,'2016-07-18 22:44:53','王二'),(1436,'用户：王二查询在建工地信息','查询',4,'hot_building_site',1,'2016-07-18 22:44:55','王二'),(1437,'用户：王二查询在建工地信息','查询',5,'hot_building_site',1,'2016-07-18 22:44:57','王二'),(1438,'用户：王二查询在建工地信息','查询',4,'hot_building_site',1,'2016-07-18 22:44:59','王二'),(1439,'用户：王二上传装修案例展示图片','上传',49,'cases_show_image',1,'2016-07-18 22:45:02','王二'),(1440,'用户：王二查询在建工地信息','查询',4,'hot_building_site',1,'2016-07-18 22:45:02','王二'),(1441,'用户：王二查询在建工地信息','查询',4,'hot_building_site',1,'2016-07-18 22:45:06','王二'),(1442,'用户：王二上传装修案例展示图片','上传',50,'cases_show_image',1,'2016-07-18 22:45:16','王二'),(1443,'用户：王二上传装修案例展示图片','上传',51,'cases_show_image',1,'2016-07-18 22:45:16','王二'),(1444,'用户：王二查询在建工地信息','查询',4,'hot_building_site',1,'2016-07-18 22:45:16','王二'),(1445,'用户：王二查询在建工地信息','查询',4,'hot_building_site',1,'2016-07-18 22:45:16','王二'),(1446,'用户：王二查询在建工地信息','查询',4,'hot_building_site',1,'2016-07-18 22:45:22','王二'),(1447,'用户：王二查询在建工地信息','查询',4,'hot_building_site',1,'2016-07-18 22:45:25','王二'),(1448,'用户：王二查询热装楼盘列表信息','查询',0,'hot_building',1,'2016-07-18 22:45:29','王二'),(1449,'用户：王二查询热装楼盘信息','查询',1,'hot_building',1,'2016-07-18 22:45:30','王二'),(1450,'用户：王二查询设计师列表信息','查询',0,'designer',1,'2016-07-18 22:45:31','王二'),(1451,'用户：王二查询设计师信息','查询',34,'designer',1,'2016-07-18 22:45:31','王二'),(1452,'用户：王二查询装修案例列表信息','查询',0,'cases',1,'2016-07-18 22:45:33','王二'),(1453,'用户：王二查询装修案例信息','查询',66,'cases',1,'2016-07-18 22:45:33','王二'),(1454,'用户：王二查询户型点评列表信息','查询',0,'house_type_review',1,'2016-07-18 22:45:35','王二'),(1455,'用户：王二查询户型点评信息','查询',1,'house_type_review',1,'2016-07-18 22:45:35','王二'),(1456,'用户：王二查询装修资讯列表信息','查询',0,'order_info',1,'2016-07-18 22:45:39','王二'),(1457,'用户：王二查询装修资讯信息','查询',23,'order_info',1,'2016-07-18 22:45:39','王二'),(1458,'用户：王二查询装修资讯列表信息','查询',0,'order_info',1,'2016-07-18 22:45:42','王二'),(1459,'用户：王二查询装修资讯信息','查询',23,'order_info',1,'2016-07-18 22:45:42','王二'),(1460,'用户：王二查询在线订单列表信息','查询',0,'order_info',1,'2016-07-18 22:45:43','王二'),(1461,'用户：王二查询在线订单列表信息','查询',0,'order_info',1,'2016-07-18 22:45:43','王二'),(1462,'用户：王二查询在线订单信息','查询',23,'order_info',1,'2016-07-18 22:45:44','王二'),(1463,'用户：王二查询在线报修列表信息','查询',0,'repair',1,'2016-07-18 22:45:45','王二'),(1464,'用户：王二查询在线报修信息','查询',3,'repair',1,'2016-07-18 22:45:45','王二'),(1465,'用户：王二查询装修问答列表信息','查询',0,'faq',1,'2016-07-18 22:45:47','王二'),(1466,'用户：王二查询装修问答信息','查询',11,'faq',1,'2016-07-18 22:45:47','王二'),(1467,'用户：王二查询在线订单列表信息','查询',0,'order_info',1,'2016-07-18 22:45:48','王二'),(1468,'用户：王二查询在线订单信息','查询',23,'order_info',1,'2016-07-18 22:45:48','王二'),(1469,'用户：王二查询在线报修列表信息','查询',0,'repair',1,'2016-07-18 22:45:49','王二'),(1470,'用户：王二查询在线报修信息','查询',3,'repair',1,'2016-07-18 22:45:49','王二'),(1471,'用户：王二查询在线订单列表信息','查询',0,'order_info',1,'2016-07-18 22:45:51','王二'),(1472,'用户：王二查询在线订单信息','查询',23,'order_info',1,'2016-07-18 22:45:51','王二'),(1473,'用户：王二查询在线订单列表信息','查询',0,'order_info',1,'2016-07-18 22:45:54','王二'),(1474,'用户：王二查询在线订单列表信息','查询',0,'order_info',1,'2016-07-18 22:45:54','王二'),(1475,'用户：王二查询在线订单信息','查询',34,'order_info',1,'2016-07-18 22:45:54','王二'),(1476,'用户：王二查询在线订单信息','查询',34,'order_info',1,'2016-07-18 22:45:54','王二'),(1477,'用户：王二查询在线订单列表信息','查询',0,'order_info',1,'2016-07-18 22:45:58','王二'),(1478,'用户：王二查询在线订单列表信息','查询',0,'order_info',1,'2016-07-18 22:45:58','王二'),(1479,'用户：王二查询在线订单信息','查询',34,'order_info',1,'2016-07-18 22:45:59','王二'),(1480,'用户：王二查询在线订单信息','查询',34,'order_info',1,'2016-07-18 22:45:59','王二'),(1481,'用户：王二查询在线订单列表信息','查询',0,'order_info',1,'2016-07-18 22:46:00','王二'),(1482,'用户：王二查询在线订单列表信息','查询',0,'order_info',1,'2016-07-18 22:46:00','王二'),(1483,'用户：王二查询在线订单信息','查询',34,'order_info',1,'2016-07-18 22:46:00','王二'),(1484,'用户：王二查询在线订单信息','查询',34,'order_info',1,'2016-07-18 22:46:00','王二'),(1485,'用户：王二修改在线订单信息','修改',34,'order_info',1,'2016-07-18 22:46:06','王二'),(1486,'用户：王二查询在线订单列表信息','查询',0,'order_info',1,'2016-07-18 22:46:07','王二'),(1487,'用户：王二查询在线订单信息','查询',34,'order_info',1,'2016-07-18 22:46:07','王二'),(1488,'用户：王二查询在线订单信息','查询',35,'order_info',1,'2016-07-18 22:46:08','王二'),(1489,'用户：王二修改在线订单信息','修改',35,'order_info',1,'2016-07-18 22:46:12','王二'),(1490,'用户：王二查询在线订单列表信息','查询',0,'order_info',1,'2016-07-18 22:46:12','王二'),(1491,'用户：王二查询在线订单信息','查询',35,'order_info',1,'2016-07-18 22:46:12','王二'),(1492,'用户：王二查询在线订单信息','查询',36,'order_info',1,'2016-07-18 22:46:13','王二'),(1493,'用户：王二修改在线订单信息','修改',36,'order_info',1,'2016-07-18 22:46:15','王二'),(1494,'用户：王二查询在线订单列表信息','查询',0,'order_info',1,'2016-07-18 22:46:16','王二'),(1495,'用户：王二查询在线订单信息','查询',36,'order_info',1,'2016-07-18 22:46:16','王二'),(1496,'用户：王二查询在线订单信息','查询',35,'order_info',1,'2016-07-18 22:46:17','王二'),(1497,'用户：王二修改在线订单信息','修改',35,'order_info',1,'2016-07-18 22:46:25','王二'),(1498,'用户：王二查询在线订单列表信息','查询',0,'order_info',1,'2016-07-18 22:46:26','王二'),(1499,'用户：王二查询在线订单信息','查询',35,'order_info',1,'2016-07-18 22:46:26','王二'),(1500,'用户：王二查询在线订单信息','查询',35,'order_info',1,'2016-07-18 22:46:27','王二'),(1501,'用户：王二查询在线订单信息','查询',36,'order_info',1,'2016-07-18 22:46:31','王二'),(1502,'用户：王二修改在线订单信息','修改',36,'order_info',1,'2016-07-18 22:46:38','王二'),(1503,'用户：王二查询在线订单列表信息','查询',0,'order_info',1,'2016-07-18 22:46:38','王二'),(1504,'用户：王二查询在线订单信息','查询',36,'order_info',1,'2016-07-18 22:46:38','王二'),(1505,'用户：王二查询在线订单信息','查询',34,'order_info',1,'2016-07-18 22:46:41','王二'),(1506,'用户：王二修改在线订单信息','修改',34,'order_info',1,'2016-07-18 22:46:45','王二'),(1507,'用户：王二查询在线订单列表信息','查询',0,'order_info',1,'2016-07-18 22:46:45','王二'),(1508,'用户：王二查询在线订单信息','查询',34,'order_info',1,'2016-07-18 22:46:45','王二'),(1509,'用户：王二修改在线订单信息','修改',34,'order_info',1,'2016-07-18 22:46:50','王二'),(1510,'用户：王二查询在线订单列表信息','查询',0,'order_info',1,'2016-07-18 22:46:50','王二'),(1511,'用户：王二查询在线订单信息','查询',34,'order_info',1,'2016-07-18 22:46:50','王二'),(1512,'用户：王二查询在线订单列表信息','查询',0,'order_info',1,'2016-07-18 22:46:53','王二'),(1513,'用户：王二查询在线订单列表信息','查询',0,'order_info',1,'2016-07-18 22:46:53','王二'),(1514,'用户：王二查询在线订单信息','查询',34,'order_info',1,'2016-07-18 22:46:53','王二'),(1515,'用户：王二查询在线订单信息','查询',34,'order_info',1,'2016-07-18 22:46:53','王二'),(1516,'用户：王二查询在线订单列表信息','查询',0,'order_info',1,'2016-07-18 22:46:56','王二'),(1517,'用户：王二查询在线订单列表信息','查询',0,'order_info',1,'2016-07-18 22:46:56','王二'),(1518,'用户：王二查询在线订单信息','查询',23,'order_info',1,'2016-07-18 22:46:56','王二'),(1519,'用户：王二查询在线订单列表信息','查询',0,'order_info',1,'2016-07-18 22:46:59','王二'),(1520,'用户：王二查询在线订单列表信息','查询',0,'order_info',1,'2016-07-18 22:46:59','王二'),(1521,'用户：王二查询在线订单信息','查询',23,'order_info',1,'2016-07-18 22:46:59','王二'),(1522,'用户：王二查询在线订单信息','查询',23,'order_info',1,'2016-07-18 22:46:59','王二'),(1523,'用户：王二查询在线订单列表信息','查询',0,'order_info',1,'2016-07-18 22:47:02','王二'),(1524,'用户：王二查询在线订单列表信息','查询',0,'order_info',1,'2016-07-18 22:47:02','王二'),(1525,'用户：王二查询在线订单信息','查询',34,'order_info',1,'2016-07-18 22:47:02','王二'),(1526,'用户：王二查询在线订单信息','查询',34,'order_info',1,'2016-07-18 22:47:02','王二'),(1527,'用户：王二查询在线订单列表信息','查询',0,'order_info',1,'2016-07-18 22:47:09','王二'),(1528,'用户：王二查询在线订单列表信息','查询',0,'order_info',1,'2016-07-18 22:47:09','王二'),(1529,'用户：王二查询在线订单信息','查询',23,'order_info',1,'2016-07-18 22:47:09','王二'),(1530,'用户：王二查询在线订单信息','查询',23,'order_info',1,'2016-07-18 22:47:09','王二'),(1531,'用户：王二修改在线订单信息','修改',23,'order_info',1,'2016-07-18 22:47:16','王二'),(1532,'用户：王二查询在线订单列表信息','查询',0,'order_info',1,'2016-07-18 22:47:16','王二'),(1533,'用户：王二查询在线订单信息','查询',23,'order_info',1,'2016-07-18 22:47:16','王二'),(1534,'用户：王二修改在线订单信息','修改',23,'order_info',1,'2016-07-18 22:47:20','王二'),(1535,'用户：王二查询在线订单列表信息','查询',0,'order_info',1,'2016-07-18 22:47:20','王二'),(1536,'用户：王二查询在线订单信息','查询',23,'order_info',1,'2016-07-18 22:47:20','王二'),(1537,'用户：王二查询在线订单列表信息','查询',0,'order_info',1,'2016-07-18 22:47:22','王二'),(1538,'用户：王二查询在线订单列表信息','查询',0,'order_info',1,'2016-07-18 22:47:22','王二'),(1539,'用户：王二查询在线订单信息','查询',23,'order_info',1,'2016-07-18 22:47:22','王二'),(1540,'用户：王二查询在线订单信息','查询',23,'order_info',1,'2016-07-18 22:47:22','王二'),(1541,'用户：王二查询在线订单信息','查询',24,'order_info',1,'2016-07-18 22:47:24','王二'),(1542,'用户：王二查询在线订单信息','查询',25,'order_info',1,'2016-07-18 22:47:27','王二'),(1543,'用户：王二查询在线订单列表信息','查询',0,'order_info',1,'2016-07-18 22:47:34','王二'),(1544,'用户：王二查询在线订单列表信息','查询',0,'order_info',1,'2016-07-18 22:47:34','王二'),(1545,'用户：王二查询在线订单信息','查询',34,'order_info',1,'2016-07-18 22:47:34','王二'),(1546,'用户：王二查询在线订单信息','查询',34,'order_info',1,'2016-07-18 22:47:34','王二'),(1547,'用户：王二查询在线订单列表信息','查询',0,'order_info',1,'2016-07-18 22:47:39','王二'),(1548,'用户：王二查询在线订单列表信息','查询',0,'order_info',1,'2016-07-18 22:47:39','王二'),(1549,'用户：王二查询在线订单信息','查询',34,'order_info',1,'2016-07-18 22:47:39','王二'),(1550,'用户：王二查询在线订单信息','查询',34,'order_info',1,'2016-07-18 22:47:39','王二'),(1551,'用户：王二查询在线订单列表信息','查询',0,'order_info',1,'2016-07-18 22:47:42','王二'),(1552,'用户：王二查询在线订单信息','查询',23,'order_info',1,'2016-07-18 22:47:42','王二'),(1553,'用户：王二查询在线订单列表信息','查询',0,'order_info',1,'2016-07-18 22:47:54','王二'),(1554,'用户：王二查询在线订单列表信息','查询',0,'order_info',1,'2016-07-18 22:47:54','王二'),(1555,'用户：王二查询在线订单信息','查询',23,'order_info',1,'2016-07-18 22:47:54','王二'),(1556,'用户：王二查询在线订单信息','查询',23,'order_info',1,'2016-07-18 22:47:55','王二'),(1557,'用户：王二查询在线订单列表信息','查询',0,'order_info',1,'2016-07-18 22:47:55','王二'),(1558,'用户：王二查询在线订单列表信息','查询',0,'order_info',1,'2016-07-18 22:47:55','王二'),(1559,'用户：王二查询在线订单信息','查询',23,'order_info',1,'2016-07-18 22:47:55','王二'),(1560,'用户：王二查询在线订单信息','查询',23,'order_info',1,'2016-07-18 22:47:55','王二'),(1561,'用户：王二查询在线订单列表信息','查询',0,'order_info',1,'2016-07-18 22:47:56','王二'),(1562,'用户：王二查询在线订单列表信息','查询',0,'order_info',1,'2016-07-18 22:47:56','王二'),(1563,'用户：王二查询在线订单信息','查询',23,'order_info',1,'2016-07-18 22:47:56','王二'),(1564,'用户：王二查询在线订单信息','查询',23,'order_info',1,'2016-07-18 22:47:56','王二'),(1565,'用户：王二查询在线报修列表信息','查询',0,'repair',1,'2016-07-18 22:47:59','王二'),(1566,'用户：王二查询在线报修信息','查询',3,'repair',1,'2016-07-18 22:47:59','王二'),(1567,'用户：王二查询装修问答列表信息','查询',0,'faq',1,'2016-07-18 22:48:01','王二'),(1568,'用户：王二查询装修问答信息','查询',11,'faq',1,'2016-07-18 22:48:01','王二'),(1569,'用户：王二查询留言评论列表信息','查询',0,'comment',1,'2016-07-18 22:48:02','王二'),(1570,'用户：王二查询留言信息','查询',1,'comment',1,'2016-07-18 22:48:02','王二'),(1571,'用户：王二登录系统','登录',645,'user',1,'2016-07-19 17:23:12','王二'),(1572,'用户：王二查询角色列表信息','查询',0,'role',1,'2016-07-19 17:23:14','王二'),(1573,'用户：王二查询装修案例列表信息','查询',0,'cases',1,'2016-07-19 17:23:14','王二'),(1574,'用户：王二查询装修案例信息','查询',66,'cases',1,'2016-07-19 17:23:15','王二'),(1575,'用户：王二修改装修案例信息','修改',66,'repair',1,'2016-07-19 17:23:31','王二'),(1576,'用户：王二查询装修案例列表信息','查询',0,'cases',1,'2016-07-19 17:23:32','王二'),(1577,'用户：王二查询装修案例信息','查询',66,'cases',1,'2016-07-19 17:23:32','王二'),(1578,'用户：王二查询装修案例信息','查询',66,'cases',1,'2016-07-19 17:23:34','王二'),(1579,'用户：王二登录系统','登录',645,'user',1,'2016-07-19 17:30:23','王二'),(1580,'用户：王二查询角色列表信息','查询',0,'role',1,'2016-07-19 17:30:23','王二'),(1581,'用户：王二查询装修案例列表信息','查询',0,'cases',1,'2016-07-19 17:30:24','王二'),(1582,'用户：王二查询装修案例信息','查询',66,'cases',1,'2016-07-19 17:30:24','王二'),(1583,'用户：王二查询装修案例列表信息','查询',0,'cases',1,'2016-07-19 17:30:47','王二'),(1584,'用户：王二查询装修案例列表信息','查询',0,'cases',1,'2016-07-19 17:30:48','王二'),(1585,'用户：王二查询装修案例列表信息','查询',0,'cases',1,'2016-07-19 17:30:48','王二'),(1586,'用户：王二查询装修案例列表信息','查询',0,'cases',1,'2016-07-19 17:30:48','王二'),(1587,'用户：王二查询装修案例列表信息','查询',0,'cases',1,'2016-07-19 17:30:49','王二'),(1588,'用户：王二查询装修案例列表信息','查询',0,'cases',1,'2016-07-19 17:30:49','王二'),(1589,'用户：王二查询装修案例信息','查询',66,'cases',1,'2016-07-19 17:30:49','王二'),(1590,'用户：王二查询装修案例列表信息','查询',0,'cases',1,'2016-07-19 17:31:11','王二'),(1591,'用户：王二查询装修案例信息','查询',66,'cases',1,'2016-07-19 17:31:11','王二'),(1592,'用户：王二查询装修案例信息','查询',66,'cases',1,'2016-07-19 17:33:50','王二'),(1593,'用户：王二查询装修案例信息','查询',66,'cases',1,'2016-07-19 17:33:51','王二'),(1594,'用户：王二查询装修案例信息','查询',66,'cases',1,'2016-07-19 17:33:51','王二'),(1595,'用户：王二查询装修案例信息','查询',66,'cases',1,'2016-07-19 17:33:51','王二'),(1596,'用户：王二查询装修案例信息','查询',66,'cases',1,'2016-07-19 17:33:51','王二'),(1597,'用户：王二查询装修案例信息','查询',66,'cases',1,'2016-07-19 17:33:51','王二'),(1598,'用户：王二查询装修案例信息','查询',66,'cases',1,'2016-07-19 17:34:34','王二'),(1599,'用户：王二查询装修案例信息','查询',66,'cases',1,'2016-07-19 17:34:36','王二'),(1600,'用户：王二查询装修案例列表信息','查询',0,'cases',1,'2016-07-19 17:34:37','王二'),(1601,'用户：王二查询装修案例信息','查询',66,'cases',1,'2016-07-19 17:34:38','王二'),(1602,'用户：王二查询装修案例列表信息','查询',0,'cases',1,'2016-07-19 17:34:38','王二'),(1603,'用户：王二查询装修案例信息','查询',66,'cases',1,'2016-07-19 17:34:39','王二'),(1604,'用户：王二查询装修案例列表信息','查询',0,'cases',1,'2016-07-19 17:34:40','王二'),(1605,'用户：王二查询装修案例列表信息','查询',0,'cases',1,'2016-07-19 17:34:40','王二'),(1606,'用户：王二查询装修案例信息','查询',66,'cases',1,'2016-07-19 17:34:40','王二'),(1607,'用户：王二查询装修案例列表信息','查询',0,'cases',1,'2016-07-19 17:34:41','王二'),(1608,'用户：王二查询装修案例信息','查询',66,'cases',1,'2016-07-19 17:34:41','王二'),(1609,'用户：王二查询装修案例信息','查询',66,'cases',1,'2016-07-19 17:35:08','王二'),(1610,'用户：王二查询装修案例信息','查询',66,'cases',1,'2016-07-19 17:36:13','王二'),(1611,'用户：王二查询设计师列表信息','查询',0,'designer',1,'2016-07-19 17:37:12','王二'),(1612,'用户：王二查询设计师信息','查询',34,'designer',1,'2016-07-19 17:37:12','王二'),(1613,'用户：王二查询热装楼盘列表信息','查询',0,'hot_building',1,'2016-07-19 17:37:34','王二'),(1614,'用户：王二查询热装楼盘信息','查询',1,'hot_building',1,'2016-07-19 17:37:34','王二'),(1615,'用户：王二查询热装楼盘信息','查询',1,'hot_building',1,'2016-07-19 17:40:28','王二'),(1616,'用户：王二查询在建工地列表信息','查询',0,'hot_building_site',1,'2016-07-19 17:40:29','王二'),(1617,'用户：王二查询在建工地信息','查询',5,'hot_building_site',1,'2016-07-19 17:40:29','王二'),(1618,'用户：王二查询户型点评列表信息','查询',0,'house_type_review',1,'2016-07-19 17:40:31','王二'),(1619,'用户：王二查询户型点评信息','查询',1,'house_type_review',1,'2016-07-19 17:40:31','王二'),(1620,'用户：王二查询户型点评列表信息','查询',0,'house_type_review',1,'2016-07-19 17:41:07','王二'),(1621,'用户：王二查询户型点评信息','查询',1,'house_type_review',1,'2016-07-19 17:41:07','王二'),(1622,'用户：王二查询在建工地列表信息','查询',0,'hot_building_site',1,'2016-07-19 17:41:08','王二'),(1623,'用户：王二查询在建工地信息','查询',5,'hot_building_site',1,'2016-07-19 17:41:09','王二'),(1624,'用户：王二查询热装楼盘列表信息','查询',0,'hot_building',1,'2016-07-19 17:41:12','王二'),(1625,'用户：王二查询热装楼盘信息','查询',1,'hot_building',1,'2016-07-19 17:41:12','王二'),(1626,'用户：王二查询户型点评列表信息','查询',0,'house_type_review',1,'2016-07-19 17:41:15','王二'),(1627,'用户：王二查询户型点评信息','查询',1,'house_type_review',1,'2016-07-19 17:41:15','王二'),(1628,'用户：王二查询户型点评信息','查询',1,'house_type_review',1,'2016-07-19 17:41:49','王二'),(1629,'用户：王二查询热装楼盘列表信息','查询',0,'hot_building',1,'2016-07-19 17:41:58','王二'),(1630,'用户：王二查询热装楼盘信息','查询',1,'hot_building',1,'2016-07-19 17:41:59','王二'),(1631,'用户：王二修改热装楼盘信息','修改',1,'hot_building',1,'2016-07-19 17:42:05','王二'),(1632,'用户：王二查询热装楼盘列表信息','查询',0,'hot_building',1,'2016-07-19 17:42:05','王二'),(1633,'用户：王二查询热装楼盘信息','查询',1,'hot_building',1,'2016-07-19 17:42:05','王二'),(1634,'用户：王二查询装修案例列表信息','查询',0,'cases',1,'2016-07-19 17:42:14','王二'),(1635,'用户：王二查询装修案例信息','查询',66,'cases',1,'2016-07-19 17:42:14','王二'),(1636,'用户：王二查询装修案例信息','查询',66,'cases',1,'2016-07-19 17:45:19','王二'),(1637,'用户：王二查询装修案例信息','查询',66,'cases',1,'2016-07-19 17:45:30','王二'),(1638,'用户：王二查询装修案例信息','查询',66,'cases',1,'2016-07-19 17:45:31','王二'),(1639,'用户：王二查询装修案例信息','查询',66,'cases',1,'2016-07-19 17:46:24','王二'),(1640,'用户：王二查询装修案例信息','查询',66,'cases',1,'2016-07-19 17:46:24','王二'),(1641,'用户：王二查询装修案例信息','查询',66,'cases',1,'2016-07-19 17:46:28','王二'),(1642,'用户：王二查询装修案例信息','查询',66,'cases',1,'2016-07-19 17:46:58','王二'),(1643,'用户：王二查询装修案例信息','查询',66,'cases',1,'2016-07-19 17:47:12','王二'),(1644,'用户：王二查询装修案例信息','查询',66,'cases',1,'2016-07-19 17:47:13','王二'),(1645,'用户：王二查询装修案例信息','查询',66,'cases',1,'2016-07-19 17:47:13','王二'),(1646,'用户：王二查询装修案例信息','查询',66,'cases',1,'2016-07-19 17:47:14','王二'),(1647,'用户：王二查询装修案例信息','查询',65,'cases',1,'2016-07-19 17:47:15','王二'),(1648,'用户：王二查询装修案例信息','查询',65,'cases',1,'2016-07-19 17:48:00','王二'),(1649,'用户：王二修改装修案例信息','修改',65,'repair',1,'2016-07-19 17:48:26','王二'),(1650,'用户：王二查询装修案例列表信息','查询',0,'cases',1,'2016-07-19 17:48:26','王二'),(1651,'用户：王二查询装修案例信息','查询',65,'cases',1,'2016-07-19 17:48:27','王二'),(1652,'用户：王二修改装修案例信息','修改',65,'repair',1,'2016-07-19 17:48:31','王二'),(1653,'用户：王二查询装修案例列表信息','查询',0,'cases',1,'2016-07-19 17:48:31','王二'),(1654,'用户：王二查询装修案例信息','查询',65,'cases',1,'2016-07-19 17:48:31','王二'),(1655,'用户：王二修改装修案例信息','修改',65,'repair',1,'2016-07-19 17:48:33','王二'),(1656,'用户：王二查询装修案例列表信息','查询',0,'cases',1,'2016-07-19 17:48:33','王二'),(1657,'用户：王二查询装修案例信息','查询',65,'cases',1,'2016-07-19 17:48:33','王二'),(1658,'用户：王二修改装修案例信息','修改',65,'repair',1,'2016-07-19 17:48:34','王二'),(1659,'用户：王二查询装修案例列表信息','查询',0,'cases',1,'2016-07-19 17:48:34','王二'),(1660,'用户：王二查询装修案例信息','查询',65,'cases',1,'2016-07-19 17:48:34','王二'),(1661,'用户：王二修改装修案例信息','修改',65,'repair',1,'2016-07-19 17:48:35','王二'),(1662,'用户：王二查询装修案例列表信息','查询',0,'cases',1,'2016-07-19 17:48:36','王二'),(1663,'用户：王二查询装修案例信息','查询',65,'cases',1,'2016-07-19 17:48:36','王二'),(1664,'用户：王二查询装修案例信息','查询',65,'cases',1,'2016-07-19 17:48:52','王二'),(1665,'用户：王二查询装修案例信息','查询',65,'cases',1,'2016-07-19 17:48:52','王二'),(1666,'用户：王二查询装修案例信息','查询',65,'cases',1,'2016-07-19 17:48:53','王二'),(1667,'用户：王二查询装修案例信息','查询',65,'cases',1,'2016-07-19 17:48:54','王二'),(1668,'用户：王二修改装修案例信息','修改',65,'repair',1,'2016-07-19 17:48:56','王二'),(1669,'用户：王二查询装修案例列表信息','查询',0,'cases',1,'2016-07-19 17:48:56','王二'),(1670,'用户：王二查询装修案例信息','查询',65,'cases',1,'2016-07-19 17:48:56','王二'),(1671,'用户：王二查询装修案例信息','查询',64,'cases',1,'2016-07-19 17:49:18','王二'),(1672,'用户：王二修改装修案例信息','修改',64,'repair',1,'2016-07-19 17:49:25','王二'),(1673,'用户：王二查询装修案例列表信息','查询',0,'cases',1,'2016-07-19 17:49:26','王二'),(1674,'用户：王二查询装修案例信息','查询',64,'cases',1,'2016-07-19 17:49:26','王二'),(1675,'用户：王二修改装修案例信息','修改',64,'repair',1,'2016-07-19 17:49:30','王二'),(1676,'用户：王二查询装修案例列表信息','查询',0,'cases',1,'2016-07-19 17:49:30','王二'),(1677,'用户：王二查询装修案例信息','查询',64,'cases',1,'2016-07-19 17:49:30','王二'),(1678,'用户：王二修改装修案例信息','修改',64,'repair',1,'2016-07-19 17:49:33','王二'),(1679,'用户：王二查询装修案例列表信息','查询',0,'cases',1,'2016-07-19 17:49:33','王二'),(1680,'用户：王二查询装修案例信息','查询',64,'cases',1,'2016-07-19 17:49:34','王二'),(1681,'用户：王二查询装修案例列表信息','查询',0,'cases',1,'2016-07-19 17:49:48','王二'),(1682,'用户：王二查询装修案例信息','查询',66,'cases',1,'2016-07-19 17:49:48','王二'),(1683,'用户：王二查询装修案例信息','查询',66,'cases',1,'2016-07-19 17:50:17','王二'),(1684,'用户：王二查询装修案例信息','查询',66,'cases',1,'2016-07-19 17:50:19','王二'),(1685,'用户：王二查询装修案例信息','查询',66,'cases',1,'2016-07-19 17:50:37','王二'),(1686,'用户：王二查询装修案例信息','查询',65,'cases',1,'2016-07-19 17:50:39','王二'),(1687,'用户：王二查询装修案例信息','查询',66,'cases',1,'2016-07-19 17:50:40','王二'),(1688,'用户：王二查询装修资讯列表信息','查询',0,'order_info',1,'2016-07-19 17:51:05','王二'),(1689,'用户：王二查询装修资讯信息','查询',23,'order_info',1,'2016-07-19 17:51:06','王二'),(1690,'用户：王二查询装修资讯信息','查询',23,'order_info',1,'2016-07-19 17:51:13','王二'),(1691,'用户：王二修改装修资讯信息','修改',23,'order_info',1,'2016-07-19 17:51:59','王二'),(1692,'用户：王二修改装修资讯信息','修改',23,'order_info',1,'2016-07-19 17:52:03','王二'),(1693,'用户：王二查询装修资讯列表信息','查询',0,'order_info',1,'2016-07-19 17:52:08','王二'),(1694,'用户：王二查询装修资讯信息','查询',23,'order_info',1,'2016-07-19 17:52:08','王二'),(1695,'用户：王二查询装修资讯列表信息','查询',0,'order_info',1,'2016-07-19 17:52:10','王二'),(1696,'用户：王二查询装修资讯信息','查询',23,'order_info',1,'2016-07-19 17:52:10','王二'),(1697,'用户：王二查询户型点评列表信息','查询',0,'house_type_review',1,'2016-07-19 17:52:18','王二'),(1698,'用户：王二查询户型点评信息','查询',1,'house_type_review',1,'2016-07-19 17:52:18','王二'),(1699,'用户：王二登录系统','登录',645,'user',1,'2016-07-19 20:11:18','王二'),(1700,'用户：王二查询角色列表信息','查询',0,'role',1,'2016-07-19 20:11:19','王二'),(1701,'用户：王二查询装修案例列表信息','查询',0,'cases',1,'2016-07-19 20:11:20','王二'),(1702,'用户：王二查询装修案例信息','查询',66,'cases',1,'2016-07-19 20:11:20','王二'),(1703,'用户：王二查询用户列表信息','查询',0,'user',1,'2016-07-19 20:11:43','王二'),(1704,'用户：王二查询测试帐号3信息','查询',666,'user',1,'2016-07-19 20:11:43','王二'),(1705,'用户：王二查询角色列表信息','查询',0,'role',1,'2016-07-19 20:11:44','王二'),(1706,'用户：王二查询角色信息','查询',35,'role',1,'2016-07-19 20:11:45','王二'),(1707,'用户：王二新增角色信息','新增',36,'role',1,'2016-07-19 20:12:00','王二'),(1708,'用户：王二登录系统','登录',645,'user',1,'2016-07-19 20:15:38','王二'),(1709,'用户：王二查询角色列表信息','查询',0,'role',1,'2016-07-19 20:15:38','王二'),(1710,'用户：王二查询装修案例列表信息','查询',0,'cases',1,'2016-07-19 20:15:39','王二'),(1711,'用户：王二查询装修案例信息','查询',66,'cases',1,'2016-07-19 20:15:39','王二'),(1712,'用户：王二查询用户列表信息','查询',0,'user',1,'2016-07-19 20:15:40','王二'),(1713,'用户：王二查询测试帐号3信息','查询',666,'user',1,'2016-07-19 20:15:41','王二'),(1714,'用户：王二查询角色列表信息','查询',0,'role',1,'2016-07-19 20:15:41','王二'),(1715,'用户：王二查询角色信息','查询',36,'role',1,'2016-07-19 20:15:42','王二'),(1716,'用户：王二查询角色列表信息','查询',0,'role',1,'2016-07-19 20:15:44','王二'),(1717,'用户：王二查询角色信息','查询',36,'role',1,'2016-07-19 20:15:44','王二'),(1718,'用户：王二新增角色信息','新增',37,'role',1,'2016-07-19 20:16:12','王二'),(1719,'用户：王二查询角色列表信息','查询',0,'role',1,'2016-07-19 20:16:12','王二'),(1720,'用户：王二查询角色信息','查询',37,'role',1,'2016-07-19 20:16:12','王二'),(1721,'用户：王二查询角色信息','查询',36,'role',1,'2016-07-19 20:16:17','王二'),(1722,'用户：王二查询角色信息','查询',37,'role',1,'2016-07-19 20:16:18','王二'),(1723,'用户：王二查询角色信息','查询',37,'role',1,'2016-07-19 20:16:19','王二'),(1724,'用户：王二查询角色信息','查询',37,'role',1,'2016-07-19 20:16:19','王二'),(1725,'用户：王二删除角色信息','删除',36,'role',1,'2016-07-19 20:16:25','王二'),(1726,'用户：王二查询角色列表信息','查询',0,'role',1,'2016-07-19 20:16:25','王二'),(1727,'用户：王二查询角色信息','查询',37,'role',1,'2016-07-19 20:16:25','王二'),(1728,'用户：王二查询角色列表信息','查询',0,'role',1,'2016-07-19 20:16:45','王二'),(1729,'用户：王二查询角色信息','查询',37,'role',1,'2016-07-19 20:16:45','王二'),(1730,'用户：王二查询用户列表信息','查询',0,'user',1,'2016-07-19 20:18:32','王二'),(1731,'用户：王二查询测试帐号3信息','查询',666,'user',1,'2016-07-19 20:18:32','王二'),(1732,'用户：王二查询用户列表信息','查询',0,'user',1,'2016-07-19 20:18:34','王二'),(1733,'用户：王二查询测试帐号3信息','查询',666,'user',1,'2016-07-19 20:18:34','王二'),(1734,'用户：王二查询用户列表信息','查询',0,'user',1,'2016-07-19 20:18:35','王二'),(1735,'用户：王二查询测试帐号3信息','查询',666,'user',1,'2016-07-19 20:18:35','王二'),(1736,'用户：王二查询角色列表信息','查询',0,'role',1,'2016-07-19 20:18:36','王二'),(1737,'用户：王二查询装修案例列表信息','查询',0,'cases',1,'2016-07-19 20:18:36','王二'),(1738,'用户：王二查询装修案例信息','查询',66,'cases',1,'2016-07-19 20:18:37','王二'),(1739,'用户：王二查询角色列表信息','查询',0,'role',1,'2016-07-19 20:18:37','王二'),(1740,'用户：王二查询装修案例列表信息','查询',0,'cases',1,'2016-07-19 20:18:38','王二'),(1741,'用户：王二查询装修案例信息','查询',66,'cases',1,'2016-07-19 20:18:38','王二'),(1742,'用户：王二查询角色列表信息','查询',0,'role',1,'2016-07-19 20:18:39','王二'),(1743,'用户：王二查询装修案例列表信息','查询',0,'cases',1,'2016-07-19 20:18:39','王二'),(1744,'用户：王二查询装修案例信息','查询',66,'cases',1,'2016-07-19 20:18:40','王二'),(1745,'用户：王二查询用户列表信息','查询',0,'user',1,'2016-07-19 20:18:41','王二'),(1746,'用户：王二查询测试帐号3信息','查询',666,'user',1,'2016-07-19 20:18:42','王二'),(1747,'用户：王二查询角色列表信息','查询',0,'role',1,'2016-07-19 20:21:43','王二'),(1748,'用户：王二查询角色信息','查询',37,'role',1,'2016-07-19 20:21:43','王二'),(1749,'用户：王二登录系统','登录',645,'user',1,'2016-07-19 20:27:39','王二'),(1750,'用户：王二查询角色列表信息','查询',0,'role',1,'2016-07-19 20:27:39','王二'),(1751,'用户：王二查询装修案例列表信息','查询',0,'cases',1,'2016-07-19 20:27:40','王二'),(1752,'用户：王二查询装修案例信息','查询',66,'cases',1,'2016-07-19 20:27:40','王二'),(1753,'用户：王二查询用户列表信息','查询',0,'user',1,'2016-07-19 20:27:42','王二'),(1754,'用户：王二查询测试帐号3信息','查询',666,'user',1,'2016-07-19 20:27:42','王二'),(1755,'用户：王二查询角色列表信息','查询',0,'role',1,'2016-07-19 20:27:44','王二'),(1756,'用户：王二查询角色信息','查询',37,'role',1,'2016-07-19 20:27:45','王二'),(1757,'用户：王二新增角色信息','新增',38,'role',1,'2016-07-19 20:28:04','王二'),(1758,'用户：王二查询角色列表信息','查询',0,'role',1,'2016-07-19 20:28:04','王二'),(1759,'用户：王二查询角色信息','查询',38,'role',1,'2016-07-19 20:28:04','王二'),(1760,'用户：王二查询角色信息','查询',38,'role',1,'2016-07-19 20:28:07','王二'),(1761,'用户：王二查询用户列表信息','查询',0,'user',1,'2016-07-19 20:28:09','王二'),(1762,'用户：王二查询测试帐号3信息','查询',666,'user',1,'2016-07-19 20:28:09','王二'),(1763,'用户：王二查询栗倩信息','查询',656,'user',1,'2016-07-19 20:28:12','王二'),(1764,'用户：王二查询三创公用账号信息','查询',657,'user',1,'2016-07-19 20:28:13','王二'),(1765,'用户：王二查询测试帐号2信息','查询',665,'user',1,'2016-07-19 20:28:13','王二'),(1766,'用户：王二登录系统','登录',645,'user',1,'2016-07-19 21:40:14','王二'),(1767,'用户：王二查询角色列表信息','查询',0,'role',1,'2016-07-19 21:40:14','王二'),(1768,'用户：王二查询装修案例列表信息','查询',0,'cases',1,'2016-07-19 21:40:15','王二'),(1769,'用户：王二查询装修案例信息','查询',66,'cases',1,'2016-07-19 21:40:15','王二'),(1770,'用户：王二查询用户列表信息','查询',0,'user',1,'2016-07-19 21:40:34','王二'),(1771,'用户：王二查询测试帐号3信息','查询',666,'user',1,'2016-07-19 21:40:34','王二'),(1772,'用户：王二查询角色列表信息','查询',0,'role',1,'2016-07-19 21:40:58','王二'),(1773,'用户：王二查询装修案例列表信息','查询',0,'cases',1,'2016-07-19 21:40:59','王二'),(1774,'用户：王二查询装修案例信息','查询',66,'cases',1,'2016-07-19 21:40:59','王二'),(1775,'用户：王二注销登录','注销',645,'user',1,'2016-07-19 22:20:06','王二'),(1776,'用户：王二登录系统','登录',645,'user',1,'2016-07-19 22:20:35','王二'),(1777,'用户：王二查询角色列表信息','查询',0,'role',1,'2016-07-19 22:20:35','王二'),(1778,'用户：王二查询装修案例列表信息','查询',0,'cases',1,'2016-07-19 22:20:36','王二'),(1779,'用户：王二查询装修案例信息','查询',66,'cases',1,'2016-07-19 22:20:36','王二'),(1780,'用户：王二查询用户列表信息','查询',0,'user',1,'2016-07-19 22:20:40','王二'),(1781,'用户：王二查询测试帐号3信息','查询',666,'user',1,'2016-07-19 22:20:40','王二'),(1782,'用户：王二查询在线用户列表信息','查询',0,'',1,'2016-07-19 22:20:43','王二'),(1783,'用户：王二查询角色列表信息','查询',0,'role',1,'2016-07-19 22:20:43','王二'),(1784,'用户：王二查询角色信息','查询',38,'role',1,'2016-07-19 22:20:44','王二'),(1785,'用户：王二查询用户列表信息','查询',0,'user',1,'2016-07-19 22:20:46','王二'),(1786,'用户：王二查询测试帐号3信息','查询',666,'user',1,'2016-07-19 22:20:46','王二'),(1787,'用户：王二登录系统','登录',645,'user',1,'2016-07-19 22:24:30','王二'),(1788,'用户：王二查询角色列表信息','查询',0,'role',1,'2016-07-19 22:24:30','王二'),(1789,'用户：王二查询装修案例列表信息','查询',0,'cases',1,'2016-07-19 22:24:31','王二'),(1790,'用户：王二查询装修案例信息','查询',66,'cases',1,'2016-07-19 22:24:32','王二'),(1791,'用户：王二查询装修案例信息','查询',64,'cases',1,'2016-07-19 22:24:34','王二'),(1792,'用户：王二查询装修案例信息','查询',65,'cases',1,'2016-07-19 22:24:37','王二'),(1793,'用户：王二查询装修案例信息','查询',62,'cases',1,'2016-07-19 22:24:39','王二'),(1794,'用户：王二查询装修案例信息','查询',64,'cases',1,'2016-07-19 22:24:43','王二'),(1795,'用户：王二查询装修案例信息','查询',60,'cases',1,'2016-07-19 22:24:45','王二'),(1796,'用户：王二修改装修案例信息','修改',60,'repair',1,'2016-07-19 22:24:48','王二'),(1797,'用户：王二修改装修案例信息','修改',60,'repair',1,'2016-07-19 22:24:54','王二'),(1798,'用户：王二查询装修案例信息','查询',62,'cases',1,'2016-07-19 22:25:00','王二'),(1799,'用户：王二修改装修案例信息','修改',62,'repair',1,'2016-07-19 22:25:05','王二'),(1800,'用户：王二查询装修案例信息','查询',63,'cases',1,'2016-07-19 22:25:10','王二'),(1801,'用户：王二查询装修案例列表信息','查询',0,'cases',1,'2016-07-19 22:25:14','王二'),(1802,'用户：王二查询装修案例信息','查询',66,'cases',1,'2016-07-19 22:25:14','王二'),(1803,'用户：王二查询装修案例信息','查询',62,'cases',1,'2016-07-19 22:25:16','王二'),(1804,'用户：王二查询角色列表信息','查询',0,'role',1,'2016-07-19 22:25:18','王二'),(1805,'用户：王二查询装修案例列表信息','查询',0,'cases',1,'2016-07-19 22:25:19','王二'),(1806,'用户：王二查询装修案例信息','查询',66,'cases',1,'2016-07-19 22:25:19','王二'),(1807,'用户：王二修改装修案例信息','修改',66,'repair',1,'2016-07-19 22:25:21','王二'),(1808,'用户：王二查询装修案例列表信息','查询',0,'cases',1,'2016-07-19 22:25:21','王二'),(1809,'用户：王二查询装修案例信息','查询',66,'cases',1,'2016-07-19 22:25:21','王二'),(1810,'用户：王二查询装修案例列表信息','查询',0,'cases',1,'2016-07-19 22:25:26','王二'),(1811,'用户：王二查询装修案例信息','查询',66,'cases',1,'2016-07-19 22:25:26','王二'),(1812,'用户：王二查询装修案例列表信息','查询',0,'cases',1,'2016-07-19 22:25:28','王二'),(1813,'用户：王二查询装修案例信息','查询',66,'cases',1,'2016-07-19 22:25:28','王二'),(1814,'用户：王二修改装修案例信息','修改',66,'repair',1,'2016-07-19 22:25:32','王二'),(1815,'用户：王二修改装修案例信息','修改',66,'repair',1,'2016-07-19 22:25:45','王二'),(1816,'用户：王二查询角色列表信息','查询',0,'role',3,'2016-07-19 22:26:01','王二'),(1817,'用户：王二查询装修案例列表信息','查询',0,'cases',1,'2016-07-19 22:26:03','王二'),(1818,'用户：王二查询装修案例信息','查询',66,'cases',1,'2016-07-19 22:26:03','王二'),(1819,'用户：王二查询装修案例列表信息','查询',0,'cases',1,'2016-07-19 22:26:06','王二'),(1820,'用户：王二查询装修案例列表信息','查询',0,'cases',1,'2016-07-19 22:26:07','王二'),(1821,'用户：王二查询装修案例信息','查询',66,'cases',1,'2016-07-19 22:26:08','王二'),(1822,'用户：王二修改装修案例信息','修改',66,'repair',1,'2016-07-19 22:26:13','王二'),(1823,'用户：王二查询装修案例列表信息','查询',0,'cases',1,'2016-07-19 22:26:14','王二'),(1824,'用户：王二查询装修案例信息','查询',66,'cases',1,'2016-07-19 22:26:14','王二'),(1825,'用户：王二查询装修案例信息','查询',64,'cases',1,'2016-07-19 22:26:21','王二'),(1826,'用户：王二查询用户列表信息','查询',0,'user',1,'2016-07-19 22:26:24','王二'),(1827,'用户：王二查询测试帐号3信息','查询',666,'user',1,'2016-07-19 22:26:25','王二'),(1828,'用户：王二查询装修案例列表信息','查询',0,'cases',1,'2016-07-19 22:33:31','王二'),(1829,'用户：王二查询装修案例信息','查询',66,'cases',1,'2016-07-19 22:33:31','王二'),(1830,'用户：王二查询用户列表信息','查询',0,'user',1,'2016-07-19 22:33:32','王二'),(1831,'用户：王二查询测试帐号3信息','查询',666,'user',1,'2016-07-19 22:33:32','王二'),(1832,'用户：王二查询用户列表信息','查询',0,'user',1,'2016-07-19 22:38:31','王二'),(1833,'用户：王二查询用户列表信息','查询',0,'user',1,'2016-07-19 22:38:31','王二'),(1834,'用户：王二查询测试帐号3信息','查询',666,'user',1,'2016-07-19 22:38:32','王二'),(1835,'用户：王二注销登录','注销',645,'user',1,'2016-07-19 22:46:57','王二'),(1836,'用户：王二登录系统','登录',645,'user',1,'2016-07-19 22:47:48','王二'),(1837,'用户：王二查询角色列表信息','查询',0,'role',1,'2016-07-19 22:47:48','王二'),(1838,'用户：王二查询装修案例列表信息','查询',0,'cases',1,'2016-07-19 22:47:49','王二'),(1839,'用户：王二查询装修案例信息','查询',66,'cases',1,'2016-07-19 22:47:49','王二'),(1840,'用户：王二查询用户列表信息','查询',0,'user',1,'2016-07-19 22:47:52','王二'),(1841,'用户：王二查询测试帐号3信息','查询',666,'user',1,'2016-07-19 22:47:52','王二'),(1842,'用户：王二注销登录','注销',645,'user',1,'2016-07-19 23:08:04','王二'),(1843,'用户：王二登录系统','登录',645,'user',1,'2016-07-19 23:08:11','王二'),(1844,'用户：王二查询角色列表信息','查询',0,'role',1,'2016-07-19 23:08:11','王二'),(1845,'用户：王二查询装修案例列表信息','查询',0,'cases',1,'2016-07-19 23:08:11','王二'),(1846,'用户：王二查询装修案例信息','查询',66,'cases',1,'2016-07-19 23:08:12','王二'),(1847,'用户：王二查询用户列表信息','查询',0,'user',1,'2016-07-19 23:08:17','王二'),(1848,'用户：王二查询测试帐号3信息','查询',666,'user',1,'2016-07-19 23:08:17','王二'),(1849,'用户：王二登录系统','登录',645,'user',1,'2016-07-19 23:21:51','王二'),(1850,'用户：王二查询角色列表信息','查询',0,'role',1,'2016-07-19 23:21:51','王二'),(1851,'用户：王二查询装修案例列表信息','查询',0,'cases',1,'2016-07-19 23:21:52','王二'),(1852,'用户：王二查询装修案例信息','查询',66,'cases',1,'2016-07-19 23:21:52','王二'),(1853,'用户：王二查询用户列表信息','查询',0,'user',1,'2016-07-19 23:21:53','王二'),(1854,'用户：王二查询测试帐号3信息','查询',666,'user',1,'2016-07-19 23:21:54','王二'),(1855,'用户：王二登录系统','登录',645,'user',1,'2016-07-19 23:24:57','王二'),(1856,'用户：王二查询角色列表信息','查询',0,'role',1,'2016-07-19 23:24:57','王二'),(1857,'用户：王二查询装修案例列表信息','查询',0,'cases',1,'2016-07-19 23:24:58','王二'),(1858,'用户：王二查询装修案例信息','查询',66,'cases',1,'2016-07-19 23:24:58','王二'),(1859,'用户：王二查询用户列表信息','查询',0,'user',1,'2016-07-19 23:24:59','王二'),(1860,'用户：王二查询测试帐号3信息','查询',666,'user',1,'2016-07-19 23:25:00','王二'),(1861,'用户：王二上传系统左上方logo图片','上传',0,'sys_config',1,'2016-07-19 23:25:09','王二'),(1862,'用户：王二上传系统登录背景图片','上传',0,'sys_config',1,'2016-07-19 23:26:12','王二'),(1863,'用户：王二上传系统登录背景图片','上传',0,'sys_config',1,'2016-07-19 23:26:40','王二'),(1864,'用户：王二上传系统登录背景图片','上传',0,'sys_config',1,'2016-07-19 23:27:02','王二'),(1865,'用户：王二登录系统','登录',645,'user',1,'2016-07-19 23:33:17','王二'),(1866,'用户：王二查询角色列表信息','查询',0,'role',1,'2016-07-19 23:33:18','王二'),(1867,'用户：王二查询装修案例列表信息','查询',0,'cases',1,'2016-07-19 23:33:18','王二'),(1868,'用户：王二查询用户列表信息','查询',0,'user',1,'2016-07-19 23:33:19','王二'),(1869,'用户：王二查询测试帐号3信息','查询',666,'user',1,'2016-07-19 23:33:20','王二'),(1870,'用户：王二上传系统左上方logo图片','上传',0,'sys_config',1,'2016-07-19 23:33:27','王二'),(1871,'用户：王二上传系统登录背景图片','上传',0,'sys_config',1,'2016-07-19 23:33:31','王二'),(1872,'用户：王二上传系统左上方logo图片','上传',0,'sys_config',1,'2016-07-19 23:34:29','王二'),(1873,'用户：王二上传系统左上方logo图片','上传',0,'sys_config',1,'2016-07-19 23:35:26','王二'),(1874,'用户：王二上传系统登录背景图片','上传',0,'sys_config',1,'2016-07-19 23:35:48','王二'),(1875,'用户：王二上传系统登录背景图片','上传',0,'sys_config',1,'2016-07-19 23:35:50','王二'),(1876,'用户：王二上传系统登录背景图片','上传',0,'sys_config',1,'2016-07-19 23:36:04','王二'),(1877,'用户：王二上传系统左上方logo图片','上传',0,'sys_config',1,'2016-07-19 23:36:07','王二'),(1878,'用户：王二上传系统左上方logo图片','上传',0,'sys_config',1,'2016-07-19 23:36:09','王二'),(1879,'用户：王二上传系统登录背景图片','上传',0,'sys_config',1,'2016-07-19 23:36:18','王二'),(1880,'用户：王二上传系统左上方logo图片','上传',0,'sys_config',1,'2016-07-19 23:36:23','王二'),(1881,'用户：王二上传系统登录背景图片','上传',0,'sys_config',1,'2016-07-19 23:36:38','王二'),(1882,'用户：王二上传系统登录背景图片','上传',0,'sys_config',1,'2016-07-19 23:36:42','王二'),(1883,'用户：王二上传系统左上方logo图片','上传',0,'sys_config',1,'2016-07-19 23:36:52','王二'),(1884,'用户：王二上传系统登录背景图片','上传',0,'sys_config',1,'2016-07-19 23:36:54','王二'),(1885,'用户：王二上传系统左上方logo图片','上传',0,'sys_config',1,'2016-07-19 23:37:24','王二'),(1886,'用户：王二上传系统左上方logo图片','上传',0,'sys_config',1,'2016-07-19 23:37:31','王二'),(1887,'用户：王二登录系统','登录',645,'user',1,'2016-07-19 23:41:02','王二'),(1888,'用户：王二查询角色列表信息','查询',0,'role',1,'2016-07-19 23:41:04','王二'),(1889,'用户：王二查询装修案例列表信息','查询',0,'cases',1,'2016-07-19 23:41:05','王二'),(1890,'用户：王二查询装修案例信息','查询',66,'cases',1,'2016-07-19 23:41:05','王二'),(1891,'用户：王二查询用户列表信息','查询',0,'user',1,'2016-07-19 23:41:10','王二'),(1892,'用户：王二查询测试帐号3信息','查询',666,'user',1,'2016-07-19 23:41:11','王二'),(1893,'用户：王二上传系统左上方logo图片','上传',0,'sys_config',1,'2016-07-19 23:41:15','王二'),(1894,'用户：王二注销登录','注销',645,'user',1,'2016-07-19 23:41:18','王二'),(1895,'用户：王二登录系统','登录',645,'user',1,'2016-07-19 23:41:24','王二'),(1896,'用户：王二查询角色列表信息','查询',0,'role',1,'2016-07-19 23:41:24','王二'),(1897,'用户：王二查询装修案例列表信息','查询',0,'cases',1,'2016-07-19 23:41:25','王二'),(1898,'用户：王二查询装修案例信息','查询',66,'cases',1,'2016-07-19 23:41:25','王二'),(1899,'用户：王二登录系统','登录',645,'user',1,'2016-07-19 23:42:39','王二'),(1900,'用户：王二查询角色列表信息','查询',0,'role',1,'2016-07-19 23:42:40','王二'),(1901,'用户：王二查询装修案例列表信息','查询',0,'cases',1,'2016-07-19 23:42:40','王二'),(1902,'用户：王二查询装修案例信息','查询',66,'cases',1,'2016-07-19 23:42:41','王二'),(1903,'用户：王二查询用户列表信息','查询',0,'user',1,'2016-07-19 23:42:44','王二'),(1904,'用户：王二查询用户列表信息','查询',0,'user',1,'2016-07-19 23:42:45','王二'),(1905,'用户：王二查询测试帐号3信息','查询',666,'user',1,'2016-07-19 23:42:45','王二'),(1906,'用户：王二上传系统左上方logo图片','上传',0,'sys_config',1,'2016-07-19 23:42:48','王二'),(1907,'用户：王二查询用户列表信息','查询',0,'user',1,'2016-07-19 23:44:30','王二'),(1908,'用户：王二查询测试帐号3信息','查询',666,'user',1,'2016-07-19 23:44:30','王二'),(1909,'用户：王二注销登录','注销',645,'user',1,'2016-07-19 23:44:31','王二'),(1910,'用户：王二登录系统','登录',645,'user',1,'2016-07-19 23:44:36','王二'),(1911,'用户：王二查询角色列表信息','查询',0,'role',1,'2016-07-19 23:44:36','王二'),(1912,'用户：王二查询装修案例列表信息','查询',0,'cases',1,'2016-07-19 23:44:37','王二'),(1913,'用户：王二查询装修案例信息','查询',66,'cases',1,'2016-07-19 23:44:37','王二'),(1914,'用户：王二查询用户列表信息','查询',0,'user',1,'2016-07-19 23:44:40','王二'),(1915,'用户：王二查询测试帐号3信息','查询',666,'user',1,'2016-07-19 23:44:40','王二'),(1916,'用户：王二上传系统左上方logo图片','上传',0,'sys_config',1,'2016-07-19 23:44:46','王二'),(1917,'用户：王二查询用户列表信息','查询',0,'user',1,'2016-07-19 23:44:48','王二'),(1918,'用户：王二查询测试帐号3信息','查询',666,'user',1,'2016-07-19 23:44:48','王二'),(1919,'用户：王二查询用户列表信息','查询',0,'user',1,'2016-07-19 23:44:50','王二'),(1920,'用户：王二查询用户列表信息','查询',0,'user',1,'2016-07-19 23:44:50','王二'),(1921,'用户：王二查询测试帐号3信息','查询',666,'user',1,'2016-07-19 23:44:51','王二'),(1922,'用户：王二上传系统左上方logo图片','上传',0,'sys_config',1,'2016-07-19 23:44:55','王二'),(1923,'用户：王二查询用户列表信息','查询',0,'user',1,'2016-07-19 23:44:56','王二'),(1924,'用户：王二查询测试帐号3信息','查询',666,'user',1,'2016-07-19 23:44:56','王二'),(1925,'用户：王二查询用户列表信息','查询',0,'user',1,'2016-07-19 23:44:58','王二'),(1926,'用户：王二查询测试帐号3信息','查询',666,'user',1,'2016-07-19 23:44:58','王二'),(1927,'用户：王二查询用户列表信息','查询',0,'user',1,'2016-07-19 23:44:59','王二'),(1928,'用户：王二查询测试帐号3信息','查询',666,'user',1,'2016-07-19 23:44:59','王二'),(1929,'用户：王二查询用户列表信息','查询',0,'user',1,'2016-07-19 23:45:00','王二'),(1930,'用户：王二查询测试帐号3信息','查询',666,'user',1,'2016-07-19 23:45:00','王二'),(1931,'用户：王二查询用户列表信息','查询',0,'user',1,'2016-07-19 23:45:01','王二'),(1932,'用户：王二查询测试帐号3信息','查询',666,'user',1,'2016-07-19 23:45:02','王二'),(1933,'用户：王二注销登录','注销',645,'user',1,'2016-07-19 23:46:40','王二'),(1934,'用户：王二登录系统','登录',645,'user',1,'2016-07-19 23:47:42','王二'),(1935,'用户：王二查询角色列表信息','查询',0,'role',1,'2016-07-19 23:47:43','王二'),(1936,'用户：王二查询装修案例列表信息','查询',0,'cases',1,'2016-07-19 23:47:43','王二'),(1937,'用户：王二查询装修案例信息','查询',66,'cases',1,'2016-07-19 23:47:44','王二'),(1938,'用户：王二查询用户列表信息','查询',0,'user',1,'2016-07-19 23:47:45','王二'),(1939,'用户：王二查询用户列表信息','查询',0,'user',1,'2016-07-19 23:47:46','王二'),(1940,'用户：王二查询用户列表信息','查询',0,'user',1,'2016-07-19 23:47:46','王二'),(1941,'用户：王二查询测试帐号3信息','查询',666,'user',1,'2016-07-19 23:47:46','王二'),(1942,'用户：王二查询角色列表信息','查询',0,'role',1,'2016-07-19 23:47:48','王二'),(1943,'用户：王二查询角色信息','查询',38,'role',1,'2016-07-19 23:47:48','王二'),(1944,'用户：王二查询角色列表信息','查询',0,'role',1,'2016-07-19 23:47:50','王二'),(1945,'用户：王二查询角色信息','查询',38,'role',1,'2016-07-19 23:47:50','王二'),(1946,'用户：王二查询在线用户列表信息','查询',0,'',1,'2016-07-19 23:47:51','王二'),(1947,'用户：王二查询角色列表信息','查询',0,'role',1,'2016-07-19 23:47:55','王二'),(1948,'用户：王二查询装修案例列表信息','查询',0,'cases',1,'2016-07-19 23:47:56','王二'),(1949,'用户：王二查询装修案例信息','查询',66,'cases',1,'2016-07-19 23:47:56','王二'),(1950,'用户：王二查询装修案例列表信息','查询',0,'cases',1,'2016-07-19 23:48:35','王二'),(1951,'用户：王二查询装修案例信息','查询',66,'cases',1,'2016-07-19 23:48:35','王二'),(1952,'用户：王二查询用户列表信息','查询',0,'user',1,'2016-07-19 23:48:37','王二'),(1953,'用户：王二查询用户列表信息','查询',0,'user',1,'2016-07-19 23:48:38','王二'),(1954,'用户：王二查询测试帐号3信息','查询',666,'user',1,'2016-07-19 23:48:38','王二'),(1955,'用户：王二查询用户列表信息','查询',0,'user',1,'2016-07-19 23:48:39','王二'),(1956,'用户：王二查询用户列表信息','查询',0,'user',1,'2016-07-19 23:48:40','王二'),(1957,'用户：王二查询用户列表信息','查询',0,'user',1,'2016-07-19 23:48:40','王二'),(1958,'用户：王二查询测试帐号3信息','查询',666,'user',1,'2016-07-19 23:48:41','王二'),(1959,'用户：王二查询用户列表信息','查询',0,'user',1,'2016-07-19 23:48:42','王二'),(1960,'用户：王二查询测试帐号3信息','查询',666,'user',1,'2016-07-19 23:48:42','王二'),(1961,'用户：王二查询用户列表信息','查询',0,'user',1,'2016-07-19 23:48:43','王二'),(1962,'用户：王二查询测试帐号3信息','查询',666,'user',1,'2016-07-19 23:48:43','王二'),(1963,'用户：王二查询用户列表信息','查询',0,'user',1,'2016-07-19 23:48:44','王二'),(1964,'用户：王二查询测试帐号3信息','查询',666,'user',1,'2016-07-19 23:48:44','王二'),(1965,'用户：王二查询用户列表信息','查询',0,'user',1,'2016-07-19 23:48:46','王二'),(1966,'用户：王二查询测试帐号3信息','查询',666,'user',1,'2016-07-19 23:48:46','王二'),(1967,'用户：王二查询用户列表信息','查询',0,'user',1,'2016-07-19 23:48:48','王二'),(1968,'用户：王二查询测试帐号3信息','查询',666,'user',1,'2016-07-19 23:48:48','王二'),(1969,'用户：王二查询角色列表信息','查询',0,'role',1,'2016-07-19 23:48:49','王二'),(1970,'用户：王二查询角色信息','查询',38,'role',1,'2016-07-19 23:48:49','王二'),(1971,'用户：王二查询角色列表信息','查询',0,'role',1,'2016-07-19 23:48:50','王二'),(1972,'用户：王二查询角色信息','查询',38,'role',1,'2016-07-19 23:48:50','王二'),(1973,'用户：王二查询在线用户列表信息','查询',0,'',1,'2016-07-19 23:48:51','王二'),(1974,'用户：王二登录系统','登录',645,'user',1,'2016-07-20 16:39:30','王二'),(1975,'用户：王二查询角色列表信息','查询',0,'role',1,'2016-07-20 16:39:31','王二'),(1976,'用户：王二查询装修案例列表信息','查询',0,'cases',1,'2016-07-20 16:39:32','王二'),(1977,'用户：王二查询装修案例信息','查询',66,'cases',1,'2016-07-20 16:39:33','王二'),(1978,'用户：王二查询用户列表信息','查询',0,'user',1,'2016-07-20 16:39:36','王二'),(1979,'用户：王二查询测试帐号3信息','查询',666,'user',1,'2016-07-20 16:39:36','王二'),(1980,'用户：王二上传系统登录背景图片','上传',0,'sys_config',1,'2016-07-20 16:40:32','王二'),(1981,'用户：王二注销登录','注销',645,'user',1,'2016-07-20 16:40:35','王二'),(1982,'用户：王二登录系统','登录',645,'user',1,'2016-07-20 16:40:53','王二'),(1983,'用户：王二查询角色列表信息','查询',0,'role',1,'2016-07-20 16:40:54','王二'),(1984,'用户：王二查询装修案例列表信息','查询',0,'cases',1,'2016-07-20 16:40:55','王二'),(1985,'用户：王二查询装修案例信息','查询',66,'cases',1,'2016-07-20 16:40:55','王二'),(1986,'用户：王二查询用户列表信息','查询',0,'user',1,'2016-07-20 16:41:02','王二'),(1987,'用户：王二查询测试帐号3信息','查询',666,'user',1,'2016-07-20 16:41:02','王二'),(1988,'用户：王二上传系统登录背景图片','上传',0,'sys_config',1,'2016-07-20 16:41:13','王二'),(1989,'用户：王二上传系统左上方logo图片','上传',0,'sys_config',1,'2016-07-20 16:41:21','王二'),(1990,'用户：王二上传系统左上方logo图片','上传',0,'sys_config',1,'2016-07-20 16:41:24','王二'),(1991,'用户：王二上传系统左上方logo图片','上传',0,'sys_config',1,'2016-07-20 16:41:27','王二'),(1992,'用户：王二上传系统左上方logo图片','上传',0,'sys_config',1,'2016-07-20 16:41:37','王二'),(1993,'用户：王二上传系统左上方logo图片','上传',0,'sys_config',1,'2016-07-20 16:41:51','王二'),(1994,'用户：王二上传系统左上方logo图片','上传',0,'sys_config',1,'2016-07-20 16:41:53','王二'),(1995,'用户：王二上传系统左上方logo图片','上传',0,'sys_config',1,'2016-07-20 16:41:55','王二'),(1996,'用户：王二上传系统左上方logo图片','上传',0,'sys_config',1,'2016-07-20 16:41:58','王二'),(1997,'用户：王二上传系统左上方logo图片','上传',0,'sys_config',1,'2016-07-20 16:42:00','王二'),(1998,'用户：王二上传系统左上方logo图片','上传',0,'sys_config',1,'2016-07-20 16:42:03','王二'),(1999,'用户：王二上传系统左上方logo图片','上传',0,'sys_config',1,'2016-07-20 16:42:05','王二'),(2000,'用户：王二上传系统左上方logo图片','上传',0,'sys_config',1,'2016-07-20 16:42:09','王二'),(2001,'用户：王二上传系统登录背景图片','上传',0,'sys_config',1,'2016-07-20 16:42:36','王二'),(2002,'用户：王二上传系统登录背景图片','上传',0,'sys_config',1,'2016-07-20 16:42:54','王二'),(2003,'用户：王二上传系统登录背景图片','上传',0,'sys_config',1,'2016-07-20 16:42:57','王二'),(2004,'用户：王二上传系统登录背景图片','上传',0,'sys_config',1,'2016-07-20 16:42:59','王二'),(2005,'用户：王二上传系统登录背景图片','上传',0,'sys_config',1,'2016-07-20 16:43:01','王二'),(2006,'用户：王二上传系统登录背景图片','上传',0,'sys_config',1,'2016-07-20 16:43:03','王二'),(2007,'用户：王二上传系统左上方logo图片','上传',0,'sys_config',1,'2016-07-20 16:43:06','王二'),(2008,'用户：王二上传系统左上方logo图片','上传',0,'sys_config',1,'2016-07-20 16:43:11','王二'),(2009,'用户：王二上传系统左上方logo图片','上传',0,'sys_config',1,'2016-07-20 16:43:20','王二'),(2010,'用户：王二上传系统左上方logo图片','上传',0,'sys_config',1,'2016-07-20 16:43:30','王二'),(2011,'用户：王二上传系统左上方logo图片','上传',0,'sys_config',1,'2016-07-20 16:43:40','王二'),(2012,'用户：王二上传系统左上方logo图片','上传',0,'sys_config',1,'2016-07-20 16:43:52','王二'),(2013,'用户：王二上传系统左上方logo图片','上传',0,'sys_config',1,'2016-07-20 16:44:32','王二'),(2014,'用户：王二查询用户列表信息','查询',0,'user',1,'2016-07-20 16:44:35','王二'),(2015,'用户：王二查询用户列表信息','查询',0,'user',1,'2016-07-20 16:44:35','王二'),(2016,'用户：王二查询测试帐号3信息','查询',666,'user',1,'2016-07-20 16:44:36','王二'),(2017,'用户：王二注销登录','注销',645,'user',1,'2016-07-20 16:44:37','王二'),(2018,'用户：王二登录系统','登录',645,'user',1,'2016-07-20 16:58:53','王二'),(2019,'用户：王二查询角色列表信息','查询',0,'role',1,'2016-07-20 16:58:53','王二'),(2020,'用户：王二查询装修案例列表信息','查询',0,'cases',1,'2016-07-20 16:58:54','王二'),(2021,'用户：王二查询装修案例信息','查询',66,'cases',1,'2016-07-20 16:58:55','王二'),(2022,'用户：王二注销登录','注销',645,'user',1,'2016-07-20 17:37:35','王二'),(2023,'用户：王二登录系统','登录',645,'user',1,'2016-07-20 17:39:41','王二'),(2024,'用户：王二查询角色列表信息','查询',0,'role',1,'2016-07-20 17:39:42','王二'),(2025,'用户：王二查询装修案例列表信息','查询',0,'cases',1,'2016-07-20 17:39:42','王二'),(2026,'用户：王二查询装修案例信息','查询',66,'cases',1,'2016-07-20 17:39:43','王二'),(2027,'用户：王二查询用户列表信息','查询',0,'user',1,'2016-07-20 17:39:44','王二'),(2028,'用户：王二查询测试帐号3信息','查询',666,'user',1,'2016-07-20 17:39:45','王二'),(2029,'用户：王二注销登录','注销',645,'user',1,'2016-07-20 17:39:56','王二'),(2030,'用户：王二登录系统','登录',645,'user',1,'2016-07-20 17:58:33','王二'),(2031,'用户：王二查询角色列表信息','查询',0,'role',1,'2016-07-20 17:58:36','王二'),(2032,'用户：王二查询装修案例列表信息','查询',0,'cases',1,'2016-07-20 17:58:37','王二'),(2033,'用户：王二查询装修案例信息','查询',66,'cases',1,'2016-07-20 17:58:37','王二'),(2034,'用户：王二登录系统','登录',645,'user',1,'2016-07-20 17:58:57','王二'),(2035,'用户：王二查询角色列表信息','查询',0,'role',1,'2016-07-20 17:59:01','王二'),(2036,'用户：王二查询装修案例列表信息','查询',0,'cases',1,'2016-07-20 17:59:02','王二'),(2037,'用户：王二查询装修案例信息','查询',66,'cases',1,'2016-07-20 17:59:02','王二'),(2038,'用户：王二登录系统','登录',645,'user',1,'2016-07-20 17:59:53','王二'),(2039,'用户：王二查询装修案例列表信息','查询',0,'cases',1,'2016-07-20 17:59:54','王二'),(2040,'用户：王二查询装修案例信息','查询',66,'cases',1,'2016-07-20 17:59:54','王二'),(2041,'用户：王二登录系统','登录',645,'user',1,'2016-07-20 17:59:57','王二'),(2042,'用户：王二查询装修案例列表信息','查询',0,'cases',1,'2016-07-20 17:59:58','王二'),(2043,'用户：王二查询装修案例信息','查询',66,'cases',1,'2016-07-20 17:59:58','王二'),(2044,'用户：王二登录系统','登录',645,'user',1,'2016-07-20 18:00:06','王二'),(2045,'用户：王二查询装修案例列表信息','查询',0,'cases',1,'2016-07-20 18:00:07','王二'),(2046,'用户：王二查询装修案例信息','查询',66,'cases',1,'2016-07-20 18:00:07','王二'),(2047,'用户：王二登录系统','登录',645,'user',1,'2016-07-20 18:00:30','王二'),(2048,'用户：王二查询角色列表信息','查询',0,'role',1,'2016-07-20 18:00:30','王二'),(2049,'用户：王二查询装修案例列表信息','查询',0,'cases',1,'2016-07-20 18:00:31','王二'),(2050,'用户：王二查询装修案例信息','查询',66,'cases',1,'2016-07-20 18:00:31','王二'),(2051,'用户：王二登录系统','登录',645,'user',1,'2016-07-20 18:00:47','王二'),(2052,'用户：王二查询角色列表信息','查询',0,'role',1,'2016-07-20 18:00:47','王二'),(2053,'用户：王二查询装修案例列表信息','查询',0,'cases',1,'2016-07-20 18:00:48','王二'),(2054,'用户：王二查询装修案例信息','查询',66,'cases',1,'2016-07-20 18:00:48','王二'),(2055,'用户：王二登录系统','登录',645,'user',1,'2016-07-20 18:00:54','王二'),(2056,'用户：王二查询角色列表信息','查询',0,'role',1,'2016-07-20 18:00:54','王二'),(2057,'用户：王二查询装修案例列表信息','查询',0,'cases',1,'2016-07-20 18:00:55','王二'),(2058,'用户：王二查询装修案例信息','查询',66,'cases',1,'2016-07-20 18:00:55','王二'),(2059,'用户：王二登录系统','登录',645,'user',1,'2016-07-20 18:04:18','王二'),(2060,'用户：王二查询角色列表信息','查询',0,'role',1,'2016-07-20 18:04:19','王二'),(2061,'用户：王二查询装修案例列表信息','查询',0,'cases',1,'2016-07-20 18:04:19','王二'),(2062,'用户：王二查询装修案例信息','查询',66,'cases',1,'2016-07-20 18:04:20','王二'),(2063,'用户：王二登录系统','登录',645,'user',1,'2016-07-20 18:04:27','王二'),(2064,'用户：王二查询角色列表信息','查询',0,'role',1,'2016-07-20 18:04:27','王二'),(2065,'用户：王二查询装修案例列表信息','查询',0,'cases',1,'2016-07-20 18:04:28','王二'),(2066,'用户：王二查询装修案例信息','查询',66,'cases',1,'2016-07-20 18:04:28','王二'),(2067,'用户：王二登录系统','登录',645,'user',1,'2016-07-20 18:04:38','王二'),(2068,'用户：王二查询角色列表信息','查询',0,'role',1,'2016-07-20 18:04:38','王二'),(2069,'用户：王二查询装修案例列表信息','查询',0,'cases',1,'2016-07-20 18:04:39','王二'),(2070,'用户：王二查询装修案例信息','查询',66,'cases',1,'2016-07-20 18:04:39','王二'),(2071,'用户：王二查询装修案例列表信息','查询',0,'cases',1,'2016-07-20 18:04:41','王二'),(2072,'用户：王二查询装修案例列表信息','查询',0,'cases',1,'2016-07-20 18:04:42','王二'),(2073,'用户：王二查询装修案例信息','查询',66,'cases',1,'2016-07-20 18:04:42','王二'),(2074,'用户：王二登录系统','登录',645,'user',1,'2016-07-20 18:07:33','王二'),(2075,'用户：王二查询角色列表信息','查询',0,'role',1,'2016-07-20 18:07:33','王二'),(2076,'用户：王二查询装修案例列表信息','查询',0,'cases',1,'2016-07-20 18:07:34','王二'),(2077,'用户：王二查询装修案例信息','查询',66,'cases',1,'2016-07-20 18:07:34','王二'),(2078,'用户：王二登录系统','登录',645,'user',1,'2016-07-20 18:07:36','王二'),(2079,'用户：王二查询角色列表信息','查询',0,'role',1,'2016-07-20 18:07:36','王二'),(2080,'用户：王二查询装修案例列表信息','查询',0,'cases',1,'2016-07-20 18:07:37','王二'),(2081,'用户：王二查询装修案例信息','查询',66,'cases',1,'2016-07-20 18:07:37','王二'),(2082,'用户：王二查询装修案例列表信息','查询',0,'cases',1,'2016-07-20 18:07:39','王二'),(2083,'用户：王二查询装修案例信息','查询',66,'cases',1,'2016-07-20 18:07:39','王二'),(2084,'用户：王二查询装修案例列表信息','查询',0,'cases',1,'2016-07-20 18:07:41','王二'),(2085,'用户：王二查询装修案例信息','查询',66,'cases',1,'2016-07-20 18:07:41','王二'),(2086,'用户：王二登录系统','登录',645,'user',1,'2016-07-20 18:07:43','王二'),(2087,'用户：王二查询角色列表信息','查询',0,'role',1,'2016-07-20 18:07:44','王二'),(2088,'用户：王二查询装修案例列表信息','查询',0,'cases',1,'2016-07-20 18:07:45','王二'),(2089,'用户：王二查询装修案例信息','查询',66,'cases',1,'2016-07-20 18:07:45','王二'),(2090,'用户：王二登录系统','登录',645,'user',1,'2016-07-20 18:09:50','王二'),(2091,'用户：王二查询角色列表信息','查询',0,'role',1,'2016-07-20 18:09:51','王二'),(2092,'用户：王二查询装修案例列表信息','查询',0,'cases',1,'2016-07-20 18:09:51','王二'),(2093,'用户：王二查询装修案例信息','查询',66,'cases',1,'2016-07-20 18:09:51','王二'),(2094,'用户：王二登录系统','登录',645,'user',1,'2016-07-20 18:09:55','王二'),(2095,'用户：王二查询角色列表信息','查询',0,'role',1,'2016-07-20 18:09:55','王二'),(2096,'用户：王二查询装修案例列表信息','查询',0,'cases',1,'2016-07-20 18:09:56','王二'),(2097,'用户：王二查询装修案例信息','查询',66,'cases',1,'2016-07-20 18:09:56','王二'),(2098,'用户：王二登录系统','登录',645,'user',1,'2016-07-20 18:10:13','王二'),(2099,'用户：王二查询角色列表信息','查询',0,'role',1,'2016-07-20 18:10:13','王二'),(2100,'用户：王二查询装修案例列表信息','查询',0,'cases',1,'2016-07-20 18:10:14','王二'),(2101,'用户：王二查询装修案例信息','查询',66,'cases',1,'2016-07-20 18:10:14','王二'),(2102,'用户：王二登录系统','登录',645,'user',1,'2016-07-20 18:10:31','王二'),(2103,'用户：王二查询角色列表信息','查询',0,'role',1,'2016-07-20 18:10:31','王二'),(2104,'用户：王二查询装修案例列表信息','查询',0,'cases',1,'2016-07-20 18:10:32','王二'),(2105,'用户：王二查询装修案例信息','查询',66,'cases',1,'2016-07-20 18:10:32','王二'),(2106,'用户：王二登录系统','登录',645,'user',1,'2016-07-20 18:10:36','王二'),(2107,'用户：王二查询角色列表信息','查询',0,'role',1,'2016-07-20 18:10:36','王二'),(2108,'用户：王二查询装修案例列表信息','查询',0,'cases',1,'2016-07-20 18:10:37','王二'),(2109,'用户：王二查询装修案例信息','查询',66,'cases',1,'2016-07-20 18:10:37','王二'),(2110,'用户：王二登录系统','登录',645,'user',1,'2016-07-20 18:11:03','王二'),(2111,'用户：王二查询角色列表信息','查询',0,'role',1,'2016-07-20 18:11:03','王二'),(2112,'用户：王二查询装修案例列表信息','查询',0,'cases',1,'2016-07-20 18:11:04','王二'),(2113,'用户：王二查询装修案例信息','查询',66,'cases',1,'2016-07-20 18:11:04','王二'),(2114,'用户：王二注销登录','注销',645,'user',1,'2016-07-20 18:11:05','王二'),(2115,'用户：王二登录系统','登录',645,'user',1,'2016-07-20 18:11:19','王二'),(2116,'用户：王二查询角色列表信息','查询',0,'role',1,'2016-07-20 18:11:19','王二'),(2117,'用户：王二查询装修案例列表信息','查询',0,'cases',1,'2016-07-20 18:11:19','王二'),(2118,'用户：王二查询装修案例信息','查询',66,'cases',1,'2016-07-20 18:11:20','王二'),(2119,'用户：王二登录系统','登录',645,'user',1,'2016-07-20 18:13:07','王二'),(2120,'用户：王二查询角色列表信息','查询',0,'role',1,'2016-07-20 18:13:08','王二'),(2121,'用户：王二查询装修案例列表信息','查询',0,'cases',1,'2016-07-20 18:13:08','王二'),(2122,'用户：王二查询装修案例信息','查询',66,'cases',1,'2016-07-20 18:13:08','王二'),(2123,'用户：王二登录系统','登录',645,'user',1,'2016-07-20 18:13:10','王二'),(2124,'用户：王二查询角色列表信息','查询',0,'role',1,'2016-07-20 18:13:10','王二'),(2125,'用户：王二查询装修案例列表信息','查询',0,'cases',1,'2016-07-20 18:13:11','王二'),(2126,'用户：王二查询装修案例信息','查询',66,'cases',1,'2016-07-20 18:13:11','王二'),(2127,'用户：王二登录系统','登录',645,'user',1,'2016-07-20 18:13:13','王二'),(2128,'用户：王二查询角色列表信息','查询',0,'role',1,'2016-07-20 18:13:14','王二'),(2129,'用户：王二查询装修案例列表信息','查询',0,'cases',1,'2016-07-20 18:13:14','王二'),(2130,'用户：王二查询装修案例信息','查询',66,'cases',1,'2016-07-20 18:13:14','王二'),(2131,'用户：王二登录系统','登录',645,'user',1,'2016-07-20 18:13:32','王二'),(2132,'用户：王二登录系统','登录',645,'user',1,'2016-07-20 18:14:37','王二'),(2133,'用户：王二查询角色列表信息','查询',0,'role',1,'2016-07-20 18:14:37','王二'),(2134,'用户：王二查询装修案例列表信息','查询',0,'cases',1,'2016-07-20 18:14:38','王二'),(2135,'用户：王二查询装修案例信息','查询',66,'cases',1,'2016-07-20 18:14:38','王二'),(2136,'用户：王二查询装修案例列表信息','查询',0,'cases',1,'2016-07-20 18:14:49','王二'),(2137,'用户：王二查询装修案例信息','查询',66,'cases',1,'2016-07-20 18:14:49','王二'),(2138,'用户：王二查询装修案例列表信息','查询',0,'cases',1,'2016-07-20 18:14:50','王二'),(2139,'用户：王二查询装修案例信息','查询',66,'cases',1,'2016-07-20 18:14:50','王二'),(2140,'用户：王二登录系统','登录',645,'user',1,'2016-07-20 18:15:36','王二'),(2141,'用户：王二查询角色列表信息','查询',0,'role',1,'2016-07-20 18:15:37','王二'),(2142,'用户：王二查询装修案例列表信息','查询',0,'cases',1,'2016-07-20 18:15:37','王二'),(2143,'用户：王二查询装修案例信息','查询',66,'cases',1,'2016-07-20 18:15:38','王二'),(2144,'用户：王二登录系统','登录',645,'user',1,'2016-07-20 18:16:07','王二'),(2145,'用户：王二查询角色列表信息','查询',0,'role',1,'2016-07-20 18:16:08','王二'),(2146,'用户：王二查询装修案例列表信息','查询',0,'cases',1,'2016-07-20 18:16:08','王二'),(2147,'用户：王二查询装修案例信息','查询',66,'cases',1,'2016-07-20 18:16:09','王二'),(2148,'用户：王二查询装修案例列表信息','查询',0,'cases',1,'2016-07-20 18:16:15','王二'),(2149,'用户：王二查询装修案例信息','查询',66,'cases',1,'2016-07-20 18:16:15','王二'),(2150,'用户：王二查询装修案例列表信息','查询',0,'cases',1,'2016-07-20 18:16:17','王二'),(2151,'用户：王二查询装修案例信息','查询',66,'cases',1,'2016-07-20 18:16:17','王二'),(2152,'用户：王二登录系统','登录',645,'user',1,'2016-07-20 18:17:06','王二'),(2153,'用户：王二查询角色列表信息','查询',0,'role',1,'2016-07-20 18:17:07','王二'),(2154,'用户：王二查询装修案例列表信息','查询',0,'cases',1,'2016-07-20 18:17:08','王二'),(2155,'用户：王二查询装修案例信息','查询',66,'cases',1,'2016-07-20 18:17:08','王二'),(2156,'用户：王二登录系统','登录',645,'user',1,'2016-07-20 18:17:23','王二'),(2157,'用户：王二查询角色列表信息','查询',0,'role',1,'2016-07-20 18:17:23','王二'),(2158,'用户：王二查询装修案例列表信息','查询',0,'cases',1,'2016-07-20 18:17:24','王二'),(2159,'用户：王二查询用户列表信息','查询',0,'user',1,'2016-07-20 18:17:25','王二'),(2160,'用户：王二查询测试帐号3信息','查询',666,'user',1,'2016-07-20 18:17:25','王二'),(2161,'用户：王二查询角色列表信息','查询',0,'role',1,'2016-07-20 18:17:28','王二'),(2162,'用户：王二查询装修案例列表信息','查询',0,'cases',1,'2016-07-20 18:17:28','王二'),(2163,'用户：王二查询装修案例信息','查询',66,'cases',1,'2016-07-20 18:17:28','王二'),(2164,'用户：王二查询角色列表信息','查询',0,'role',1,'2016-07-20 18:17:32','王二'),(2165,'用户：王二查询装修案例列表信息','查询',0,'cases',1,'2016-07-20 18:17:32','王二'),(2166,'用户：王二查询装修案例信息','查询',66,'cases',1,'2016-07-20 18:17:33','王二'),(2167,'用户：王二查询角色列表信息','查询',0,'role',1,'2016-07-20 18:18:10','王二'),(2168,'用户：王二查询装修案例列表信息','查询',0,'cases',1,'2016-07-20 18:18:11','王二'),(2169,'用户：王二查询装修案例信息','查询',66,'cases',1,'2016-07-20 18:18:11','王二'),(2170,'用户：王二查询角色列表信息','查询',0,'role',1,'2016-07-20 18:18:19','王二'),(2171,'用户：王二查询装修案例列表信息','查询',0,'cases',1,'2016-07-20 18:18:20','王二'),(2172,'用户：王二查询装修案例信息','查询',66,'cases',1,'2016-07-20 18:18:20','王二'),(2173,'用户：王二查询角色列表信息','查询',0,'role',1,'2016-07-20 18:18:26','王二'),(2174,'用户：王二查询装修案例列表信息','查询',0,'cases',1,'2016-07-20 18:18:26','王二'),(2175,'用户：王二查询装修案例信息','查询',66,'cases',1,'2016-07-20 18:18:27','王二'),(2176,'用户：王二查询角色列表信息','查询',0,'role',1,'2016-07-20 18:19:49','王二'),(2177,'用户：王二查询装修案例列表信息','查询',0,'cases',1,'2016-07-20 18:19:49','王二'),(2178,'用户：王二查询装修案例信息','查询',66,'cases',1,'2016-07-20 18:19:49','王二'),(2179,'用户：王二查询角色列表信息','查询',0,'role',1,'2016-07-20 18:19:50','王二'),(2180,'用户：王二查询装修案例列表信息','查询',0,'cases',1,'2016-07-20 18:19:50','王二'),(2181,'用户：王二查询装修案例信息','查询',66,'cases',1,'2016-07-20 18:19:51','王二'),(2182,'用户：王二查询角色列表信息','查询',0,'role',1,'2016-07-20 18:20:40','王二'),(2183,'用户：王二查询装修案例列表信息','查询',0,'cases',1,'2016-07-20 18:20:40','王二'),(2184,'用户：王二查询装修案例信息','查询',66,'cases',1,'2016-07-20 18:20:41','王二'),(2185,'用户：王二查询角色列表信息','查询',0,'role',1,'2016-07-20 18:20:41','王二'),(2186,'用户：王二查询装修案例列表信息','查询',0,'cases',1,'2016-07-20 18:20:41','王二'),(2187,'用户：王二查询装修案例信息','查询',66,'cases',1,'2016-07-20 18:20:42','王二'),(2188,'用户：王二查询角色列表信息','查询',0,'role',1,'2016-07-20 18:20:54','王二'),(2189,'用户：王二查询装修案例列表信息','查询',0,'cases',1,'2016-07-20 18:20:54','王二'),(2190,'用户：王二查询装修案例信息','查询',66,'cases',1,'2016-07-20 18:20:54','王二'),(2191,'用户：王二查询角色列表信息','查询',0,'role',1,'2016-07-20 18:20:56','王二'),(2192,'用户：王二查询装修案例列表信息','查询',0,'cases',1,'2016-07-20 18:20:56','王二'),(2193,'用户：王二查询装修案例信息','查询',66,'cases',1,'2016-07-20 18:20:56','王二'),(2194,'用户：王二查询角色列表信息','查询',0,'role',1,'2016-07-20 18:21:04','王二'),(2195,'用户：王二查询装修案例列表信息','查询',0,'cases',1,'2016-07-20 18:21:04','王二'),(2196,'用户：王二查询装修案例信息','查询',66,'cases',1,'2016-07-20 18:21:05','王二'),(2197,'用户：王二查询角色列表信息','查询',0,'role',1,'2016-07-20 18:21:19','王二'),(2198,'用户：王二查询装修案例列表信息','查询',0,'cases',1,'2016-07-20 18:21:20','王二'),(2199,'用户：王二查询装修案例信息','查询',66,'cases',1,'2016-07-20 18:21:20','王二'),(2200,'用户：王二查询装修案例列表信息','查询',0,'cases',1,'2016-07-20 18:21:23','王二'),(2201,'用户：王二查询装修案例信息','查询',66,'cases',1,'2016-07-20 18:21:23','王二'),(2202,'用户：王二查询装修案例列表信息','查询',0,'cases',1,'2016-07-20 18:21:23','王二'),(2203,'用户：王二登录系统','登录',645,'user',1,'2016-07-21 14:08:24','王二'),(2204,'用户：王二查询角色列表信息','查询',0,'role',1,'2016-07-21 14:08:25','王二'),(2205,'用户：王二查询装修案例列表信息','查询',0,'cases',1,'2016-07-21 14:08:25','王二'),(2206,'用户：王二查询装修案例信息','查询',66,'cases',1,'2016-07-21 14:08:26','王二'),(2207,'用户：王二登录系统','登录',645,'user',1,'2016-07-21 14:17:19','王二'),(2208,'用户：王二查询角色列表信息','查询',0,'role',1,'2016-07-21 14:17:19','王二'),(2209,'用户：王二查询装修案例列表信息','查询',0,'cases',1,'2016-07-21 14:17:20','王二'),(2210,'用户：王二查询装修案例信息','查询',66,'cases',1,'2016-07-21 14:17:20','王二'),(2211,'用户：王二登录系统','登录',645,'user',1,'2016-07-21 14:22:07','王二'),(2212,'用户：王二查询角色列表信息','查询',0,'role',1,'2016-07-21 14:22:07','王二'),(2213,'用户：王二查询装修案例列表信息','查询',0,'cases',1,'2016-07-21 14:22:08','王二'),(2214,'用户：王二查询装修案例信息','查询',66,'cases',1,'2016-07-21 14:22:08','王二'),(2215,'用户：王二登录系统','登录',645,'user',1,'2016-07-21 14:30:45','王二'),(2216,'用户：王二查询角色列表信息','查询',0,'role',1,'2016-07-21 14:30:46','王二'),(2217,'用户：王二查询装修案例列表信息','查询',0,'cases',1,'2016-07-21 14:30:46','王二'),(2218,'用户：王二查询装修案例信息','查询',66,'cases',1,'2016-07-21 14:30:47','王二'),(2219,'用户：王二登录系统','登录',645,'user',1,'2016-07-21 14:31:48','王二'),(2220,'用户：王二查询角色列表信息','查询',0,'role',1,'2016-07-21 14:31:49','王二'),(2221,'用户：王二查询装修案例列表信息','查询',0,'cases',1,'2016-07-21 14:31:49','王二'),(2222,'用户：王二查询装修案例信息','查询',66,'cases',1,'2016-07-21 14:31:49','王二'),(2223,'用户：王二登录系统','登录',645,'user',1,'2016-07-21 14:32:00','王二'),(2224,'用户：王二查询角色列表信息','查询',0,'role',1,'2016-07-21 14:32:00','王二'),(2225,'用户：王二查询装修案例列表信息','查询',0,'cases',1,'2016-07-21 14:32:01','王二'),(2226,'用户：王二查询装修案例信息','查询',66,'cases',1,'2016-07-21 14:32:01','王二'),(2227,'用户：王二登录系统','登录',645,'user',1,'2016-07-21 14:32:46','王二'),(2228,'用户：王二查询角色列表信息','查询',0,'role',1,'2016-07-21 14:32:47','王二'),(2229,'用户：王二查询装修案例列表信息','查询',0,'cases',1,'2016-07-21 14:32:47','王二'),(2230,'用户：王二查询装修案例信息','查询',66,'cases',1,'2016-07-21 14:32:48','王二'),(2231,'用户：王二登录系统','登录',645,'user',1,'2016-07-21 14:33:01','王二'),(2232,'用户：王二查询角色列表信息','查询',0,'role',1,'2016-07-21 14:33:01','王二'),(2233,'用户：王二查询装修案例列表信息','查询',0,'cases',1,'2016-07-21 14:33:02','王二'),(2234,'用户：王二查询装修案例信息','查询',66,'cases',1,'2016-07-21 14:33:02','王二'),(2235,'用户：王二登录系统','登录',645,'user',1,'2016-07-21 14:33:33','王二'),(2236,'用户：王二查询角色列表信息','查询',0,'role',1,'2016-07-21 14:33:33','王二'),(2237,'用户：王二查询装修案例列表信息','查询',0,'cases',1,'2016-07-21 14:33:34','王二'),(2238,'用户：王二查询装修案例信息','查询',66,'cases',1,'2016-07-21 14:33:34','王二'),(2239,'用户：王二登录系统','登录',645,'user',1,'2016-07-21 14:34:14','王二'),(2240,'用户：王二查询角色列表信息','查询',0,'role',1,'2016-07-21 14:34:15','王二'),(2241,'用户：王二查询装修案例列表信息','查询',0,'cases',1,'2016-07-21 14:34:15','王二'),(2242,'用户：王二查询装修案例信息','查询',66,'cases',1,'2016-07-21 14:34:15','王二'),(2243,'用户：王二查询用户列表信息','查询',0,'user',1,'2016-07-21 14:34:34','王二'),(2244,'用户：王二查询测试帐号3信息','查询',666,'user',1,'2016-07-21 14:34:34','王二'),(2245,'用户：王二查询角色列表信息','查询',0,'role',1,'2016-07-21 14:34:41','王二'),(2246,'用户：王二查询装修案例列表信息','查询',0,'cases',1,'2016-07-21 14:34:42','王二'),(2247,'用户：王二查询装修案例信息','查询',66,'cases',1,'2016-07-21 14:34:42','王二'),(2248,'用户：王二查询角色列表信息','查询',0,'role',1,'2016-07-21 14:35:12','王二'),(2249,'用户：王二查询装修案例列表信息','查询',0,'cases',1,'2016-07-21 14:35:13','王二'),(2250,'用户：王二查询装修案例信息','查询',66,'cases',1,'2016-07-21 14:35:13','王二'),(2251,'用户：王二查询角色列表信息','查询',0,'role',1,'2016-07-21 14:35:14','王二'),(2252,'用户：王二查询装修案例列表信息','查询',0,'cases',1,'2016-07-21 14:35:15','王二'),(2253,'用户：王二查询装修案例信息','查询',66,'cases',1,'2016-07-21 14:35:15','王二'),(2254,'用户：王二查询角色列表信息','查询',0,'role',1,'2016-07-21 14:35:21','王二'),(2255,'用户：王二查询装修案例列表信息','查询',0,'cases',1,'2016-07-21 14:35:22','王二'),(2256,'用户：王二查询装修案例信息','查询',66,'cases',1,'2016-07-21 14:35:22','王二'),(2257,'用户：王二查询角色列表信息','查询',0,'role',1,'2016-07-21 14:35:23','王二'),(2258,'用户：王二查询装修案例列表信息','查询',0,'cases',1,'2016-07-21 14:35:23','王二'),(2259,'用户：王二查询角色列表信息','查询',0,'role',1,'2016-07-21 14:35:24','王二'),(2260,'用户：王二查询装修案例列表信息','查询',0,'cases',1,'2016-07-21 14:35:24','王二'),(2261,'用户：王二查询装修案例信息','查询',66,'cases',1,'2016-07-21 14:35:24','王二'),(2262,'用户：王二查询角色列表信息','查询',0,'role',1,'2016-07-21 14:35:54','王二'),(2263,'用户：王二查询装修案例列表信息','查询',0,'cases',1,'2016-07-21 14:35:55','王二'),(2264,'用户：王二查询装修案例信息','查询',66,'cases',1,'2016-07-21 14:35:55','王二'),(2265,'用户：王二查询角色列表信息','查询',0,'role',1,'2016-07-21 14:35:56','王二'),(2266,'用户：王二查询角色列表信息','查询',0,'role',1,'2016-07-21 14:35:57','王二'),(2267,'用户：王二查询装修案例列表信息','查询',0,'cases',1,'2016-07-21 14:35:57','王二'),(2268,'用户：王二查询装修案例信息','查询',66,'cases',1,'2016-07-21 14:35:57','王二'),(2269,'用户：王二查询角色列表信息','查询',0,'role',1,'2016-07-21 14:37:33','王二'),(2270,'用户：王二查询装修案例列表信息','查询',0,'cases',1,'2016-07-21 14:37:34','王二'),(2271,'用户：王二查询装修案例信息','查询',66,'cases',1,'2016-07-21 14:37:34','王二'),(2272,'用户：王二查询角色列表信息','查询',0,'role',1,'2016-07-21 14:37:35','王二'),(2273,'用户：王二查询角色列表信息','查询',0,'role',1,'2016-07-21 14:37:36','王二'),(2274,'用户：王二查询装修案例列表信息','查询',0,'cases',1,'2016-07-21 14:37:36','王二'),(2275,'用户：王二查询装修案例信息','查询',66,'cases',1,'2016-07-21 14:37:36','王二'),(2276,'用户：王二查询角色列表信息','查询',0,'role',1,'2016-07-21 14:38:49','王二'),(2277,'用户：王二查询装修案例列表信息','查询',0,'cases',1,'2016-07-21 14:38:50','王二'),(2278,'用户：王二查询装修案例信息','查询',66,'cases',1,'2016-07-21 14:38:50','王二'),(2279,'用户：王二查询角色列表信息','查询',0,'role',1,'2016-07-21 14:38:51','王二'),(2280,'用户：王二查询装修案例列表信息','查询',0,'cases',1,'2016-07-21 14:38:52','王二'),(2281,'用户：王二查询装修案例信息','查询',66,'cases',1,'2016-07-21 14:38:52','王二'),(2282,'用户：王二查询角色列表信息','查询',0,'role',1,'2016-07-21 14:39:08','王二'),(2283,'用户：王二查询装修案例列表信息','查询',0,'cases',1,'2016-07-21 14:39:09','王二'),(2284,'用户：王二查询装修案例信息','查询',66,'cases',1,'2016-07-21 14:39:09','王二'),(2285,'用户：王二查询角色列表信息','查询',0,'role',1,'2016-07-21 14:39:09','王二'),(2286,'用户：王二查询装修案例列表信息','查询',0,'cases',1,'2016-07-21 14:39:10','王二'),(2287,'用户：王二查询角色列表信息','查询',0,'role',1,'2016-07-21 14:39:10','王二'),(2288,'用户：王二查询装修案例列表信息','查询',0,'cases',1,'2016-07-21 14:39:10','王二'),(2289,'用户：王二查询角色列表信息','查询',0,'role',1,'2016-07-21 14:39:11','王二'),(2290,'用户：王二查询装修案例列表信息','查询',0,'cases',1,'2016-07-21 14:39:11','王二'),(2291,'用户：王二查询装修案例信息','查询',66,'cases',1,'2016-07-21 14:39:11','王二'),(2292,'用户：王二查询角色列表信息','查询',0,'role',1,'2016-07-21 14:40:34','王二'),(2293,'用户：王二查询装修案例列表信息','查询',0,'cases',1,'2016-07-21 14:40:34','王二'),(2294,'用户：王二查询装修案例信息','查询',66,'cases',1,'2016-07-21 14:40:35','王二'),(2295,'用户：王二查询角色列表信息','查询',0,'role',1,'2016-07-21 14:40:36','王二'),(2296,'用户：王二查询装修案例列表信息','查询',0,'cases',1,'2016-07-21 14:40:36','王二'),(2297,'用户：王二查询装修案例信息','查询',66,'cases',1,'2016-07-21 14:40:36','王二'),(2298,'用户：王二查询角色列表信息','查询',0,'role',1,'2016-07-21 14:40:51','王二'),(2299,'用户：王二查询装修案例列表信息','查询',0,'cases',1,'2016-07-21 14:40:51','王二'),(2300,'用户：王二查询装修案例信息','查询',66,'cases',1,'2016-07-21 14:40:51','王二'),(2301,'用户：王二查询角色列表信息','查询',0,'role',1,'2016-07-21 14:40:52','王二'),(2302,'用户：王二查询装修案例列表信息','查询',0,'cases',1,'2016-07-21 14:40:53','王二'),(2303,'用户：王二查询装修案例信息','查询',66,'cases',1,'2016-07-21 14:40:53','王二'),(2304,'用户：王二查询角色列表信息','查询',0,'role',1,'2016-07-21 14:41:17','王二'),(2305,'用户：王二查询装修案例列表信息','查询',0,'cases',1,'2016-07-21 14:41:17','王二'),(2306,'用户：王二查询装修案例信息','查询',66,'cases',1,'2016-07-21 14:41:17','王二'),(2307,'用户：王二查询角色列表信息','查询',0,'role',1,'2016-07-21 14:41:19','王二'),(2308,'用户：王二查询装修案例列表信息','查询',0,'cases',1,'2016-07-21 14:41:19','王二'),(2309,'用户：王二查询装修案例信息','查询',66,'cases',1,'2016-07-21 14:41:19','王二'),(2310,'用户：王二查询角色列表信息','查询',0,'role',1,'2016-07-21 14:41:48','王二'),(2311,'用户：王二查询装修案例列表信息','查询',0,'cases',1,'2016-07-21 14:41:48','王二'),(2312,'用户：王二查询装修案例信息','查询',66,'cases',1,'2016-07-21 14:41:48','王二'),(2313,'用户：王二查询角色列表信息','查询',0,'role',1,'2016-07-21 14:41:49','王二'),(2314,'用户：王二查询装修案例列表信息','查询',0,'cases',1,'2016-07-21 14:41:50','王二'),(2315,'用户：王二查询装修案例信息','查询',66,'cases',1,'2016-07-21 14:41:50','王二'),(2316,'用户：王二查询角色列表信息','查询',0,'role',1,'2016-07-21 14:42:05','王二'),(2317,'用户：王二查询装修案例列表信息','查询',0,'cases',1,'2016-07-21 14:42:06','王二'),(2318,'用户：王二查询装修案例信息','查询',66,'cases',1,'2016-07-21 14:42:06','王二'),(2319,'用户：王二查询角色列表信息','查询',0,'role',1,'2016-07-21 14:42:19','王二'),(2320,'用户：王二查询装修案例列表信息','查询',0,'cases',1,'2016-07-21 14:42:20','王二'),(2321,'用户：王二查询装修案例信息','查询',66,'cases',1,'2016-07-21 14:42:20','王二'),(2322,'用户：王二查询角色列表信息','查询',0,'role',1,'2016-07-21 14:42:22','王二'),(2323,'用户：王二查询装修案例列表信息','查询',0,'cases',1,'2016-07-21 14:42:22','王二'),(2324,'用户：王二查询装修案例信息','查询',66,'cases',1,'2016-07-21 14:42:22','王二'),(2325,'用户：王二查询角色列表信息','查询',0,'role',1,'2016-07-21 14:43:00','王二'),(2326,'用户：王二查询装修案例列表信息','查询',0,'cases',1,'2016-07-21 14:43:01','王二'),(2327,'用户：王二查询装修案例信息','查询',66,'cases',1,'2016-07-21 14:43:01','王二'),(2328,'用户：王二查询角色列表信息','查询',0,'role',1,'2016-07-21 14:43:02','王二'),(2329,'用户：王二查询装修案例列表信息','查询',0,'cases',1,'2016-07-21 14:43:02','王二'),(2330,'用户：王二查询装修案例信息','查询',66,'cases',1,'2016-07-21 14:43:02','王二'),(2331,'用户：王二查询角色列表信息','查询',0,'role',1,'2016-07-21 14:43:31','王二'),(2332,'用户：王二查询装修案例列表信息','查询',0,'cases',1,'2016-07-21 14:43:31','王二'),(2333,'用户：王二查询装修案例信息','查询',66,'cases',1,'2016-07-21 14:43:31','王二'),(2334,'用户：王二查询角色列表信息','查询',0,'role',1,'2016-07-21 14:43:34','王二'),(2335,'用户：王二查询装修案例列表信息','查询',0,'cases',1,'2016-07-21 14:43:34','王二'),(2336,'用户：王二查询装修案例信息','查询',66,'cases',1,'2016-07-21 14:43:35','王二'),(2337,'用户：王二查询角色列表信息','查询',0,'role',1,'2016-07-21 14:44:07','王二'),(2338,'用户：王二查询装修案例列表信息','查询',0,'cases',1,'2016-07-21 14:44:07','王二'),(2339,'用户：王二查询装修案例信息','查询',66,'cases',1,'2016-07-21 14:44:07','王二'),(2340,'用户：王二查询角色列表信息','查询',0,'role',1,'2016-07-21 14:44:08','王二'),(2341,'用户：王二查询装修案例列表信息','查询',0,'cases',1,'2016-07-21 14:44:09','王二'),(2342,'用户：王二查询装修案例信息','查询',66,'cases',1,'2016-07-21 14:44:09','王二'),(2343,'用户：王二查询角色列表信息','查询',0,'role',1,'2016-07-21 14:44:33','王二'),(2344,'用户：王二查询装修案例列表信息','查询',0,'cases',1,'2016-07-21 14:44:34','王二'),(2345,'用户：王二查询装修案例信息','查询',66,'cases',1,'2016-07-21 14:44:34','王二'),(2346,'用户：王二查询角色列表信息','查询',0,'role',1,'2016-07-21 14:45:00','王二'),(2347,'用户：王二查询装修案例列表信息','查询',0,'cases',1,'2016-07-21 14:45:01','王二'),(2348,'用户：王二查询装修案例信息','查询',66,'cases',1,'2016-07-21 14:45:01','王二'),(2349,'用户：王二查询角色列表信息','查询',0,'role',1,'2016-07-21 14:45:03','王二'),(2350,'用户：王二查询装修案例列表信息','查询',0,'cases',1,'2016-07-21 14:45:03','王二'),(2351,'用户：王二查询装修案例信息','查询',66,'cases',1,'2016-07-21 14:45:04','王二'),(2352,'用户：王二查询角色列表信息','查询',0,'role',1,'2016-07-21 14:45:15','王二'),(2353,'用户：王二查询装修案例列表信息','查询',0,'cases',1,'2016-07-21 14:45:15','王二'),(2354,'用户：王二查询装修案例信息','查询',66,'cases',1,'2016-07-21 14:45:15','王二'),(2355,'用户：王二查询角色列表信息','查询',0,'role',1,'2016-07-21 14:45:21','王二'),(2356,'用户：王二查询装修案例列表信息','查询',0,'cases',1,'2016-07-21 14:45:21','王二'),(2357,'用户：王二查询装修案例信息','查询',66,'cases',1,'2016-07-21 14:45:21','王二'),(2358,'用户：王二查询角色列表信息','查询',0,'role',1,'2016-07-21 14:45:49','王二'),(2359,'用户：王二查询装修案例列表信息','查询',0,'cases',1,'2016-07-21 14:45:50','王二'),(2360,'用户：王二查询装修案例信息','查询',66,'cases',1,'2016-07-21 14:45:50','王二'),(2361,'用户：王二查询角色列表信息','查询',0,'role',1,'2016-07-21 14:45:51','王二'),(2362,'用户：王二查询装修案例列表信息','查询',0,'cases',1,'2016-07-21 14:45:51','王二'),(2363,'用户：王二查询装修案例信息','查询',66,'cases',1,'2016-07-21 14:45:51','王二'),(2364,'用户：王二查询角色列表信息','查询',0,'role',1,'2016-07-21 14:46:16','王二'),(2365,'用户：王二查询装修案例列表信息','查询',0,'cases',1,'2016-07-21 14:46:16','王二'),(2366,'用户：王二查询装修案例信息','查询',66,'cases',1,'2016-07-21 14:46:17','王二'),(2367,'用户：王二查询角色列表信息','查询',0,'role',1,'2016-07-21 14:46:17','王二'),(2368,'用户：王二查询装修案例列表信息','查询',0,'cases',1,'2016-07-21 14:46:18','王二'),(2369,'用户：王二查询装修案例信息','查询',66,'cases',1,'2016-07-21 14:46:18','王二'),(2370,'用户：王二查询角色列表信息','查询',0,'role',1,'2016-07-21 14:46:19','王二'),(2371,'用户：王二查询装修案例列表信息','查询',0,'cases',1,'2016-07-21 14:46:19','王二'),(2372,'用户：王二查询装修案例信息','查询',66,'cases',1,'2016-07-21 14:46:20','王二'),(2373,'用户：王二查询角色列表信息','查询',0,'role',1,'2016-07-21 14:46:35','王二'),(2374,'用户：王二查询装修案例列表信息','查询',0,'cases',1,'2016-07-21 14:46:36','王二'),(2375,'用户：王二查询装修案例信息','查询',66,'cases',1,'2016-07-21 14:46:36','王二'),(2376,'用户：王二查询角色列表信息','查询',0,'role',1,'2016-07-21 14:46:37','王二'),(2377,'用户：王二查询装修案例列表信息','查询',0,'cases',1,'2016-07-21 14:46:38','王二'),(2378,'用户：王二查询装修案例信息','查询',66,'cases',1,'2016-07-21 14:46:38','王二'),(2379,'用户：王二查询角色列表信息','查询',0,'role',1,'2016-07-21 14:47:01','王二'),(2380,'用户：王二查询装修案例列表信息','查询',0,'cases',1,'2016-07-21 14:47:01','王二'),(2381,'用户：王二查询装修案例信息','查询',66,'cases',1,'2016-07-21 14:47:01','王二'),(2382,'用户：王二查询角色列表信息','查询',0,'role',1,'2016-07-21 14:47:03','王二'),(2383,'用户：王二查询装修案例列表信息','查询',0,'cases',1,'2016-07-21 14:47:03','王二'),(2384,'用户：王二查询装修案例信息','查询',66,'cases',1,'2016-07-21 14:47:03','王二'),(2385,'用户：王二查询角色列表信息','查询',0,'role',1,'2016-07-21 14:47:46','王二'),(2386,'用户：王二查询装修案例列表信息','查询',0,'cases',1,'2016-07-21 14:47:46','王二'),(2387,'用户：王二查询装修案例信息','查询',66,'cases',1,'2016-07-21 14:47:46','王二'),(2388,'用户：王二查询角色列表信息','查询',0,'role',1,'2016-07-21 14:47:48','王二'),(2389,'用户：王二查询装修案例列表信息','查询',0,'cases',1,'2016-07-21 14:47:48','王二'),(2390,'用户：王二查询装修案例信息','查询',66,'cases',1,'2016-07-21 14:47:48','王二'),(2391,'用户：王二查询角色列表信息','查询',0,'role',1,'2016-07-21 14:47:50','王二'),(2392,'用户：王二查询装修案例列表信息','查询',0,'cases',1,'2016-07-21 14:47:50','王二'),(2393,'用户：王二查询装修案例信息','查询',66,'cases',1,'2016-07-21 14:47:50','王二'),(2394,'用户：王二查询角色列表信息','查询',0,'role',1,'2016-07-21 14:47:54','王二'),(2395,'用户：王二查询装修案例列表信息','查询',0,'cases',1,'2016-07-21 14:47:54','王二'),(2396,'用户：王二查询装修案例信息','查询',66,'cases',1,'2016-07-21 14:47:54','王二'),(2397,'用户：王二查询用户列表信息','查询',0,'user',1,'2016-07-21 14:48:02','王二'),(2398,'用户：王二查询测试帐号3信息','查询',666,'user',1,'2016-07-21 14:48:02','王二'),(2399,'用户：王二查询角色列表信息','查询',0,'role',1,'2016-07-21 14:48:03','王二'),(2400,'用户：王二查询装修案例列表信息','查询',0,'cases',1,'2016-07-21 14:48:03','王二'),(2401,'用户：王二查询装修案例信息','查询',66,'cases',1,'2016-07-21 14:48:03','王二'),(2402,'用户：王二登录系统','登录',645,'user',1,'2016-07-21 16:29:38','王二'),(2403,'用户：王二查询角色列表信息','查询',0,'role',1,'2016-07-21 16:29:40','王二'),(2404,'用户：王二查询装修案例列表信息','查询',0,'cases',1,'2016-07-21 16:29:41','王二'),(2405,'用户：王二查询装修案例信息','查询',66,'cases',1,'2016-07-21 16:29:41','王二'),(2406,'用户：王二登录系统','登录',645,'user',1,'2016-07-21 16:31:37','王二'),(2407,'用户：王二查询角色列表信息','查询',0,'role',1,'2016-07-21 16:31:37','王二'),(2408,'用户：王二查询装修案例列表信息','查询',0,'cases',1,'2016-07-21 16:31:38','王二'),(2409,'用户：王二查询装修案例信息','查询',66,'cases',1,'2016-07-21 16:31:38','王二'),(2410,'用户：王二查询装修案例列表信息','查询',0,'cases',1,'2016-07-21 16:31:40','王二'),(2411,'用户：王二查询装修案例信息','查询',66,'cases',1,'2016-07-21 16:31:40','王二'),(2412,'用户：王二查询设计师列表信息','查询',0,'designer',1,'2016-07-21 16:31:42','王二'),(2413,'用户：王二查询设计师信息','查询',34,'designer',1,'2016-07-21 16:31:43','王二'),(2414,'用户：王二查询热装楼盘列表信息','查询',0,'hot_building',1,'2016-07-21 16:31:46','王二'),(2415,'用户：王二查询热装楼盘信息','查询',1,'hot_building',1,'2016-07-21 16:31:46','王二'),(2416,'用户：王二登录系统','登录',645,'user',1,'2016-07-21 16:32:24','王二'),(2417,'用户：王二查询角色列表信息','查询',0,'role',1,'2016-07-21 16:32:24','王二'),(2418,'用户：王二查询装修案例列表信息','查询',0,'cases',1,'2016-07-21 16:32:41','王二'),(2419,'用户：王二查询装修案例信息','查询',66,'cases',1,'2016-07-21 16:32:41','王二'),(2420,'用户：王二上传装修案例展示图片','上传',198,'cases_show_image',1,'2016-07-21 16:33:02','王二'),(2421,'用户：王二新增装修案例信息','新增',67,'cases',1,'2016-07-21 16:33:05','王二'),(2422,'用户：王二查询装修案例列表信息','查询',0,'cases',1,'2016-07-21 16:33:05','王二'),(2423,'用户：王二查询装修案例信息','查询',67,'cases',1,'2016-07-21 16:33:06','王二'),(2424,'用户：王二查询装修案例信息','查询',67,'cases',1,'2016-07-21 16:33:09','王二'),(2425,'用户：王二查询装修案例列表信息','查询',0,'cases',1,'2016-07-21 16:33:11','王二'),(2426,'用户：王二查询设计师列表信息','查询',0,'designer',1,'2016-07-21 16:33:12','王二'),(2427,'用户：王二查询设计师信息','查询',34,'designer',1,'2016-07-21 16:33:12','王二'),(2428,'用户：王二新增设计师信息','新增',95,'designer',1,'2016-07-21 16:33:33','王二'),(2429,'用户：王二查询设计师列表信息','查询',0,'designer',1,'2016-07-21 16:33:34','王二'),(2430,'用户：王二查询设计师信息','查询',95,'designer',1,'2016-07-21 16:33:34','王二'),(2431,'用户：王二查询设计师信息','查询',95,'designer',1,'2016-07-21 16:33:36','王二'),(2432,'用户：王二查询设计师信息','查询',95,'designer',1,'2016-07-21 16:33:37','王二'),(2433,'用户：王二登录系统','登录',645,'user',1,'2016-07-21 16:42:09','王二'),(2434,'用户：王二查询角色列表信息','查询',0,'role',1,'2016-07-21 16:42:09','王二'),(2435,'用户：王二查询装修案例列表信息','查询',0,'cases',1,'2016-07-21 16:42:12','王二'),(2436,'用户：王二查询装修案例信息','查询',67,'cases',1,'2016-07-21 16:42:12','王二'),(2437,'用户：王二查询设计师列表信息','查询',0,'designer',1,'2016-07-21 16:42:15','王二'),(2438,'用户：王二查询设计师信息','查询',95,'designer',1,'2016-07-21 16:42:15','王二'),(2439,'用户：王二登录系统','登录',645,'user',1,'2016-07-21 16:43:54','王二'),(2440,'用户：王二查询角色列表信息','查询',0,'role',1,'2016-07-21 16:43:54','王二'),(2441,'用户：王二查询设计师列表信息','查询',0,'designer',1,'2016-07-21 16:43:56','王二'),(2442,'用户：王二查询设计师信息','查询',95,'designer',1,'2016-07-21 16:43:56','王二'),(2443,'用户：王二查询设计师列表信息','查询',0,'designer',1,'2016-07-21 16:53:31','王二'),(2444,'用户：王二查询设计师信息','查询',95,'designer',1,'2016-07-21 16:53:32','王二'),(2445,'用户：王二新增设计师信息','新增',96,'designer',1,'2016-07-21 16:53:44','王二'),(2446,'用户：王二查询设计师列表信息','查询',0,'designer',1,'2016-07-21 16:53:44','王二'),(2447,'用户：王二查询设计师信息','查询',96,'designer',1,'2016-07-21 16:53:44','王二'),(2448,'用户：王二查询设计师信息','查询',96,'designer',1,'2016-07-21 16:53:46','王二'),(2449,'用户：王二查询设计师信息','查询',34,'designer',1,'2016-07-21 16:53:47','王二'),(2450,'用户：王二查询设计师信息','查询',95,'designer',1,'2016-07-21 16:53:48','王二'),(2451,'用户：王二上传个人照片','上传',95,'designer',1,'2016-07-21 16:53:51','王二'),(2452,'用户：王二上传证书照片','上传',95,'designer',1,'2016-07-21 16:53:55','王二'),(2453,'用户：王二修改设计师信息','修改',95,'designer',1,'2016-07-21 16:53:56','王二'),(2454,'用户：王二查询设计师列表信息','查询',0,'designer',1,'2016-07-21 16:53:57','王二'),(2455,'用户：王二查询设计师信息','查询',95,'designer',1,'2016-07-21 16:53:57','王二'),(2456,'用户：王二查询设计师信息','查询',96,'designer',1,'2016-07-21 16:53:58','王二'),(2457,'用户：王二新增设计师信息','新增',97,'designer',1,'2016-07-21 16:54:08','王二'),(2458,'用户：王二查询设计师列表信息','查询',0,'designer',1,'2016-07-21 16:54:09','王二'),(2459,'用户：王二查询设计师信息','查询',97,'designer',1,'2016-07-21 16:54:09','王二'),(2460,'用户：王二删除设计师信息','删除',97,'designer',1,'2016-07-21 16:54:16','王二'),(2461,'用户：王二删除设计师信息','删除',96,'designer',1,'2016-07-21 16:54:16','王二'),(2462,'用户：王二删除设计师信息','删除',95,'designer',1,'2016-07-21 16:54:16','王二'),(2463,'用户：王二查询设计师列表信息','查询',0,'designer',1,'2016-07-21 16:54:17','王二'),(2464,'用户：王二查询设计师信息','查询',34,'designer',1,'2016-07-21 16:54:17','王二'),(2465,'用户：王二查询设计师列表信息','查询',0,'designer',1,'2016-07-21 16:54:18','王二'),(2466,'用户：王二查询设计师信息','查询',34,'designer',1,'2016-07-21 16:54:19','王二'),(2467,'用户：王二查询设计师信息','查询',34,'designer',1,'2016-07-21 16:54:19','王二'),(2468,'用户：王二查询热装楼盘列表信息','查询',0,'hot_building',1,'2016-07-21 16:54:43','王二'),(2469,'用户：王二查询热装楼盘信息','查询',1,'hot_building',1,'2016-07-21 16:54:43','王二'),(2470,'用户：王二查询热装楼盘列表信息','查询',0,'hot_building',1,'2016-07-21 16:54:45','王二'),(2471,'用户：王二查询热装楼盘信息','查询',1,'hot_building',1,'2016-07-21 16:54:45','王二'),(2472,'用户：王二查询在建工地列表信息','查询',0,'hot_building_site',1,'2016-07-21 16:56:32','王二'),(2473,'用户：王二查询在建工地信息','查询',5,'hot_building_site',1,'2016-07-21 16:56:32','王二'),(2474,'用户：王二查询户型点评列表信息','查询',0,'house_type_review',1,'2016-07-21 16:56:36','王二'),(2475,'用户：王二查询户型点评信息','查询',1,'house_type_review',1,'2016-07-21 16:56:36','王二'),(2476,'用户：王二查询热装楼盘列表信息','查询',0,'hot_building',1,'2016-07-21 16:56:44','王二'),(2477,'用户：王二查询热装楼盘信息','查询',1,'hot_building',1,'2016-07-21 16:56:44','王二'),(2478,'用户：王二登录系统','登录',645,'user',1,'2016-07-21 17:03:01','王二'),(2479,'用户：王二查询角色列表信息','查询',0,'role',1,'2016-07-21 17:03:01','王二'),(2480,'用户：王二查询在建工地列表信息','查询',0,'hot_building_site',1,'2016-07-21 17:03:03','王二'),(2481,'用户：王二查询热装楼盘列表信息','查询',0,'hot_building',1,'2016-07-21 17:03:04','王二'),(2482,'用户：王二查询热装楼盘信息','查询',1,'hot_building',1,'2016-07-21 17:03:04','王二'),(2483,'用户：王二新增热装楼盘信息','新增',2,'hot_building',1,'2016-07-21 17:03:28','王二'),(2484,'用户：王二查询热装楼盘列表信息','查询',0,'hot_building',1,'2016-07-21 17:03:28','王二'),(2485,'用户：王二查询热装楼盘信息','查询',2,'hot_building',1,'2016-07-21 17:03:28','王二'),(2486,'用户：王二查询热装楼盘信息','查询',1,'hot_building',1,'2016-07-21 17:03:30','王二'),(2487,'用户：王二查询热装楼盘信息','查询',2,'hot_building',1,'2016-07-21 17:03:32','王二'),(2488,'用户：王二新增热装楼盘信息','新增',3,'hot_building',1,'2016-07-21 17:03:51','王二'),(2489,'用户：王二查询热装楼盘列表信息','查询',0,'hot_building',1,'2016-07-21 17:03:52','王二'),(2490,'用户：王二查询热装楼盘信息','查询',3,'hot_building',1,'2016-07-21 17:03:52','王二'),(2491,'用户：王二查询热装楼盘信息','查询',2,'hot_building',1,'2016-07-21 17:03:53','王二'),(2492,'用户：王二上传热装楼盘图片','上传',2,'hot_building',1,'2016-07-21 17:03:57','王二'),(2493,'用户：王二上传热装楼盘图片','上传',2,'hot_building',1,'2016-07-21 17:04:00','王二'),(2494,'用户：王二查询热装楼盘信息','查询',2,'hot_building',1,'2016-07-21 17:04:01','王二'),(2495,'用户：王二查询热装楼盘信息','查询',1,'hot_building',1,'2016-07-21 17:04:03','王二'),(2496,'用户：王二查询热装楼盘信息','查询',2,'hot_building',1,'2016-07-21 17:04:04','王二'),(2497,'用户：王二查询热装楼盘列表信息','查询',0,'hot_building',1,'2016-07-21 17:04:06','王二'),(2498,'用户：王二查询热装楼盘信息','查询',3,'hot_building',1,'2016-07-21 17:04:06','王二'),(2499,'用户：王二查询在建工地列表信息','查询',0,'hot_building_site',1,'2016-07-21 17:04:07','王二'),(2500,'用户：王二查询在建工地信息','查询',5,'hot_building_site',1,'2016-07-21 17:04:07','王二'),(2501,'用户：王二查询户型点评列表信息','查询',0,'house_type_review',1,'2016-07-21 17:04:11','王二'),(2502,'用户：王二查询户型点评信息','查询',1,'house_type_review',1,'2016-07-21 17:04:12','王二'),(2503,'用户：王二查询在建工地列表信息','查询',0,'hot_building_site',1,'2016-07-21 17:04:15','王二'),(2504,'用户：王二查询在建工地信息','查询',5,'hot_building_site',1,'2016-07-21 17:04:16','王二'),(2505,'用户：王二查询装修资讯列表信息','查询',0,'order_info',1,'2016-07-21 17:04:56','王二'),(2506,'用户：王二查询装修资讯信息','查询',23,'order_info',1,'2016-07-21 17:04:56','王二'),(2507,'用户：王二查询热装楼盘列表信息','查询',0,'hot_building',1,'2016-07-21 17:05:02','王二'),(2508,'用户：王二查询热装楼盘信息','查询',3,'hot_building',1,'2016-07-21 17:05:02','王二'),(2509,'用户：王二查询在建工地列表信息','查询',0,'hot_building_site',1,'2016-07-21 17:05:05','王二'),(2510,'用户：王二查询在建工地信息','查询',5,'hot_building_site',1,'2016-07-21 17:05:05','王二'),(2511,'用户：王二查询在线报修列表信息','查询',0,'repair',1,'2016-07-21 17:05:09','王二'),(2512,'用户：王二查询在线报修信息','查询',3,'repair',1,'2016-07-21 17:05:10','王二'),(2513,'用户：王二查询在线订单列表信息','查询',0,'order_info',1,'2016-07-21 17:05:14','王二'),(2514,'用户：王二查询在线订单信息','查询',23,'order_info',1,'2016-07-21 17:05:14','王二'),(2515,'用户：王二查询装修问答列表信息','查询',0,'faq',1,'2016-07-21 17:05:17','王二'),(2516,'用户：王二查询装修问答信息','查询',11,'faq',1,'2016-07-21 17:05:18','王二'),(2517,'用户：王二查询留言评论列表信息','查询',0,'comment',1,'2016-07-21 17:05:19','王二'),(2518,'用户：王二查询留言信息','查询',1,'comment',1,'2016-07-21 17:05:19','王二'),(2519,'用户：王二查询在建工地列表信息','查询',0,'hot_building_site',1,'2016-07-21 17:05:23','王二'),(2520,'用户：王二查询在建工地信息','查询',5,'hot_building_site',1,'2016-07-21 17:05:23','王二'),(2521,'用户：王二查询在建工地列表信息','查询',0,'hot_building_site',1,'2016-07-21 17:06:45','王二'),(2522,'用户：王二查询在建工地信息','查询',5,'hot_building_site',1,'2016-07-21 17:06:46','王二'),(2523,'用户：王二登录系统','登录',645,'user',1,'2016-07-21 18:47:31','王二'),(2524,'用户：王二查询角色列表信息','查询',0,'role',1,'2016-07-21 18:47:31','王二'),(2525,'用户：王二查询装修案例列表信息','查询',0,'cases',1,'2016-07-21 18:47:40','王二'),(2526,'用户：王二查询装修案例信息','查询',67,'cases',1,'2016-07-21 18:47:40','王二'),(2527,'用户：王二查询设计师列表信息','查询',0,'designer',1,'2016-07-21 18:47:42','王二'),(2528,'用户：王二查询设计师信息','查询',34,'designer',1,'2016-07-21 18:47:42','王二'),(2529,'用户：王二查询在建工地列表信息','查询',0,'hot_building_site',1,'2016-07-21 18:47:44','王二'),(2530,'用户：王二查询在建工地信息','查询',5,'hot_building_site',1,'2016-07-21 18:47:44','王二'),(2531,'用户：王二上传在建工地缩略图上传','上传',5,'hot_building_site',1,'2016-07-21 18:48:23','王二'),(2532,'用户：王二上传在建工地缩略图上传','上传',5,'hot_building_site',1,'2016-07-21 18:48:27','王二'),(2533,'用户：王二上传在建工地缩略图上传','上传',5,'hot_building_site',1,'2016-07-21 18:48:29','王二'),(2534,'用户：王二查询在建工地信息','查询',5,'hot_building_site',1,'2016-07-21 18:48:31','王二'),(2535,'用户：王二查询在建工地信息','查询',4,'hot_building_site',1,'2016-07-21 18:48:34','王二'),(2536,'用户：王二查询在建工地信息','查询',5,'hot_building_site',1,'2016-07-21 18:48:36','王二'),(2537,'用户：王二查询在建工地信息','查询',5,'hot_building_site',1,'2016-07-21 18:48:37','王二'),(2538,'用户：王二上传在建工地缩略图上传','上传',5,'hot_building_site',1,'2016-07-21 18:48:47','王二'),(2539,'用户：王二修改在建工地信息','修改',5,'hot_building_site',1,'2016-07-21 18:48:49','王二'),(2540,'用户：王二查询在建工地列表信息','查询',0,'hot_building_site',1,'2016-07-21 18:48:49','王二'),(2541,'用户：王二查询在建工地信息','查询',5,'hot_building_site',1,'2016-07-21 18:48:49','王二'),(2542,'用户：王二查询在建工地信息','查询',5,'hot_building_site',1,'2016-07-21 18:48:51','王二'),(2543,'用户：王二查询在建工地信息','查询',4,'hot_building_site',1,'2016-07-21 18:48:52','王二'),(2544,'用户：王二查询在建工地信息','查询',5,'hot_building_site',1,'2016-07-21 18:48:57','王二'),(2545,'用户：王二登录系统','登录',645,'user',1,'2016-07-21 18:56:44','王二'),(2546,'用户：王二查询角色列表信息','查询',0,'role',1,'2016-07-21 18:56:45','王二'),(2547,'用户：王二查询在建工地列表信息','查询',0,'hot_building_site',1,'2016-07-21 18:56:58','王二'),(2548,'用户：王二查询在建工地信息','查询',5,'hot_building_site',1,'2016-07-21 18:56:58','王二'),(2549,'用户：王二查询在建工地列表信息','查询',0,'hot_building_site',1,'2016-07-21 18:57:00','王二'),(2550,'用户：王二查询在建工地信息','查询',5,'hot_building_site',1,'2016-07-21 18:57:00','王二'),(2551,'用户：王二查询在建工地信息','查询',1,'hot_building_site',1,'2016-07-21 18:57:03','王二'),(2552,'用户：王二上传在建工地缩略图上传','上传',1,'hot_building_site',1,'2016-07-21 18:57:06','王二'),(2553,'用户：王二查询在建工地信息','查询',1,'hot_building_site',1,'2016-07-21 18:57:08','王二'),(2554,'用户：王二查询在建工地信息','查询',1,'hot_building_site',1,'2016-07-21 18:57:09','王二'),(2555,'用户：王二新增在建工地信息','新增',6,'hot_building_site',1,'2016-07-21 18:57:37','王二'),(2556,'用户：王二查询在建工地列表信息','查询',0,'hot_building_site',1,'2016-07-21 18:57:37','王二'),(2557,'用户：王二查询在建工地信息','查询',2,'hot_building_site',1,'2016-07-21 18:57:37','王二'),(2558,'用户：王二查询在建工地信息','查询',6,'hot_building_site',1,'2016-07-21 18:57:41','王二'),(2559,'用户：王二查询在建工地信息','查询',6,'hot_building_site',1,'2016-07-21 18:57:43','王二'),(2560,'用户：王二查询在建工地信息','查询',6,'hot_building_site',1,'2016-07-21 18:57:47','王二'),(2561,'用户：王二查询在建工地列表信息','查询',0,'hot_building_site',1,'2016-07-21 18:59:21','王二'),(2562,'用户：王二查询在建工地信息','查询',6,'hot_building_site',1,'2016-07-21 18:59:21','王二'),(2563,'用户：王二新增在建工地信息','新增',7,'hot_building_site',1,'2016-07-21 18:59:38','王二'),(2564,'用户：王二查询在建工地列表信息','查询',0,'hot_building_site',1,'2016-07-21 18:59:39','王二'),(2565,'用户：王二查询在建工地信息','查询',7,'hot_building_site',1,'2016-07-21 18:59:39','王二'),(2566,'用户：王二查询在建工地信息','查询',4,'hot_building_site',1,'2016-07-21 18:59:45','王二'),(2567,'用户：王二查询在建工地信息','查询',4,'hot_building_site',1,'2016-07-21 18:59:46','王二'),(2568,'用户：王二新增在建工地信息','新增',8,'hot_building_site',1,'2016-07-21 19:01:00','王二'),(2569,'用户：王二查询在建工地列表信息','查询',0,'hot_building_site',1,'2016-07-21 19:01:01','王二'),(2570,'用户：王二查询在建工地信息','查询',5,'hot_building_site',1,'2016-07-21 19:01:01','王二'),(2571,'用户：王二查询在建工地信息','查询',8,'hot_building_site',1,'2016-07-21 19:01:07','王二'),(2572,'用户：王二查询在建工地信息','查询',8,'hot_building_site',1,'2016-07-21 19:01:09','王二'),(2573,'用户：王二查询在建工地信息','查询',8,'hot_building_site',1,'2016-07-21 19:01:10','王二'),(2574,'用户：王二查询在建工地信息','查询',8,'hot_building_site',1,'2016-07-21 19:01:11','王二'),(2575,'用户：王二查询在建工地信息','查询',8,'hot_building_site',1,'2016-07-21 19:01:11','王二'),(2576,'用户：王二查询在建工地信息','查询',8,'hot_building_site',1,'2016-07-21 19:01:13','王二'),(2577,'用户：王二查询在建工地信息','查询',8,'hot_building_site',1,'2016-07-21 19:01:14','王二'),(2578,'用户：王二上传装修案例展示图片','上传',52,'cases_show_image',1,'2016-07-21 19:01:22','王二'),(2579,'用户：王二查询在建工地信息','查询',8,'hot_building_site',1,'2016-07-21 19:01:22','王二'),(2580,'用户：王二查询在建工地信息','查询',8,'hot_building_site',1,'2016-07-21 19:02:10','王二'),(2581,'用户：王二查询在建工地信息','查询',7,'hot_building_site',1,'2016-07-21 19:02:12','王二'),(2582,'用户：王二上传装修案例展示图片','上传',53,'cases_show_image',1,'2016-07-21 19:02:17','王二'),(2583,'用户：王二新增在建工地信息','新增',9,'hot_building_site',1,'2016-07-21 19:02:25','王二'),(2584,'用户：王二查询在建工地列表信息','查询',0,'hot_building_site',1,'2016-07-21 19:02:25','王二'),(2585,'用户：王二查询在建工地信息','查询',8,'hot_building_site',1,'2016-07-21 19:02:25','王二'),(2586,'用户：王二查询在建工地信息','查询',9,'hot_building_site',1,'2016-07-21 19:02:26','王二'),(2587,'用户：王二上传在建工地缩略图上传','上传',9,'hot_building_site',1,'2016-07-21 19:02:36','王二'),(2588,'用户：王二查询在建工地信息','查询',9,'hot_building_site',1,'2016-07-21 19:02:37','王二'),(2589,'用户：王二查询在建工地信息','查询',9,'hot_building_site',1,'2016-07-21 19:02:38','王二'),(2590,'用户：王二新增在建工地信息','新增',10,'hot_building_site',1,'2016-07-21 19:02:47','王二'),(2591,'用户：王二查询在建工地列表信息','查询',0,'hot_building_site',1,'2016-07-21 19:02:48','王二'),(2592,'用户：王二查询在建工地信息','查询',10,'hot_building_site',1,'2016-07-21 19:02:48','王二'),(2593,'用户：王二删除在建工地信息','删除',10,'hot_building_site',1,'2016-07-21 19:02:53','王二'),(2594,'用户：王二删除在建工地信息','删除',9,'hot_building_site',1,'2016-07-21 19:02:53','王二'),(2595,'用户：王二查询在建工地列表信息','查询',0,'hot_building_site',1,'2016-07-21 19:02:53','王二'),(2596,'用户：王二查询在建工地信息','查询',8,'hot_building_site',1,'2016-07-21 19:02:54','王二'),(2597,'用户：王二登录系统','登录',645,'user',1,'2016-07-21 19:34:27','王二'),(2598,'用户：王二查询角色列表信息','查询',0,'role',1,'2016-07-21 19:34:27','王二'),(2599,'用户：王二查询在建工地列表信息','查询',0,'hot_building_site',1,'2016-07-21 19:34:30','王二'),(2600,'用户：王二查询在建工地信息','查询',8,'hot_building_site',1,'2016-07-21 19:34:30','王二'),(2601,'用户：王二上传装修案例展示图片','上传',54,'cases_show_image',1,'2016-07-21 19:34:42','王二'),(2602,'用户：王二查询在建工地信息','查询',8,'hot_building_site',1,'2016-07-21 19:34:45','王二'),(2603,'用户：王二上传装修案例展示图片','上传',55,'cases_show_image',1,'2016-07-21 19:35:03','王二'),(2604,'用户：王二查询在建工地信息','查询',8,'hot_building_site',1,'2016-07-21 19:35:05','王二'),(2605,'用户：王二上传装修案例展示图片','上传',56,'cases_show_image',1,'2016-07-21 19:35:25','王二'),(2606,'用户：王二上传装修案例展示图片','上传',57,'cases_show_image',1,'2016-07-21 19:35:30','王二'),(2607,'用户：王二上传装修案例展示图片','上传',58,'cases_show_image',1,'2016-07-21 19:35:32','王二'),(2608,'用户：王二上传装修案例展示图片','上传',59,'cases_show_image',1,'2016-07-21 19:35:37','王二'),(2609,'用户：王二新增在建工地信息','新增',11,'hot_building_site',1,'2016-07-21 19:35:38','王二'),(2610,'用户：王二查询在建工地列表信息','查询',0,'hot_building_site',1,'2016-07-21 19:35:38','王二'),(2611,'用户：王二查询在建工地信息','查询',11,'hot_building_site',1,'2016-07-21 19:35:38','王二'),(2612,'用户：王二上传装修案例展示图片','上传',60,'cases_show_image',1,'2016-07-21 19:38:09','王二'),(2613,'用户：王二新增在建工地信息','新增',12,'hot_building_site',1,'2016-07-21 19:40:13','王二'),(2614,'用户：王二查询在建工地列表信息','查询',0,'hot_building_site',1,'2016-07-21 19:40:14','王二'),(2615,'用户：王二查询在建工地信息','查询',12,'hot_building_site',1,'2016-07-21 19:40:14','王二'),(2616,'用户：王二登录系统','登录',645,'user',1,'2016-07-21 19:45:07','王二'),(2617,'用户：王二查询角色列表信息','查询',0,'role',1,'2016-07-21 19:45:07','王二'),(2618,'用户：王二查询在建工地列表信息','查询',0,'hot_building_site',1,'2016-07-21 19:45:10','王二'),(2619,'用户：王二查询在建工地信息','查询',12,'hot_building_site',1,'2016-07-21 19:45:10','王二'),(2620,'用户：王二上传在建工地施工阶段图片','上传',62,'hot_building_site_img',1,'2016-07-21 19:45:42','王二'),(2621,'用户：王二登录系统','登录',645,'user',1,'2016-07-21 19:55:06','王二'),(2622,'用户：王二查询角色列表信息','查询',0,'role',1,'2016-07-21 19:55:07','王二'),(2623,'用户：王二查询在建工地列表信息','查询',0,'hot_building_site',1,'2016-07-21 19:55:09','王二'),(2624,'用户：王二查询在建工地信息','查询',12,'hot_building_site',1,'2016-07-21 19:55:09','王二'),(2625,'用户：王二查询在建工地列表信息','查询',0,'hot_building_site',1,'2016-07-21 20:04:36','王二'),(2626,'用户：王二查询在建工地信息','查询',12,'hot_building_site',1,'2016-07-21 20:04:36','王二'),(2627,'用户：王二上传在建工地施工阶段图片','上传',63,'hot_building_site_img',1,'2016-07-21 20:04:41','王二'),(2628,'用户：王二登录系统','登录',645,'user',1,'2016-07-21 20:22:08','王二'),(2629,'用户：王二查询角色列表信息','查询',0,'role',1,'2016-07-21 20:22:09','王二'),(2630,'用户：王二查询在建工地列表信息','查询',0,'hot_building_site',1,'2016-07-21 20:22:57','王二'),(2631,'用户：王二查询在建工地信息','查询',12,'hot_building_site',1,'2016-07-21 20:22:57','王二'),(2632,'用户：王二上传在建工地施工阶段图片','上传',64,'hot_building_site_img',1,'2016-07-21 20:23:03','王二'),(2633,'用户：王二登录系统','登录',645,'user',1,'2016-07-21 20:28:24','王二'),(2634,'用户：王二查询角色列表信息','查询',0,'role',1,'2016-07-21 20:28:25','王二'),(2635,'用户：王二查询在建工地列表信息','查询',0,'hot_building_site',1,'2016-07-21 20:28:29','王二'),(2636,'用户：王二查询在建工地信息','查询',13,'hot_building_site',1,'2016-07-21 20:28:29','王二'),(2637,'用户：王二上传在建工地施工阶段图片','上传',65,'hot_building_site_img',1,'2016-07-21 20:28:42','王二'),(2638,'用户：王二上传在建工地施工阶段图片','上传',66,'hot_building_site_img',1,'2016-07-21 20:28:45','王二'),(2639,'用户：王二新增在建工地信息','新增',14,'hot_building_site',1,'2016-07-21 20:29:17','王二'),(2640,'用户：王二查询在建工地列表信息','查询',0,'hot_building_site',1,'2016-07-21 20:29:18','王二'),(2641,'用户：王二查询在建工地信息','查询',14,'hot_building_site',1,'2016-07-21 20:29:18','王二'),(2642,'用户：王二查询在建工地信息','查询',14,'hot_building_site',1,'2016-07-21 20:29:26','王二'),(2643,'用户：王二查询在建工地信息','查询',14,'hot_building_site',1,'2016-07-21 20:29:27','王二'),(2644,'用户：王二查询在建工地信息','查询',14,'hot_building_site',1,'2016-07-21 20:29:29','王二'),(2645,'用户：王二删除在建工地信息','删除',14,'hot_building_site',1,'2016-07-21 20:29:34','王二'),(2646,'用户：王二删除在建工地信息','删除',13,'hot_building_site',1,'2016-07-21 20:29:34','王二'),(2647,'用户：王二删除在建工地信息','删除',12,'hot_building_site',1,'2016-07-21 20:29:34','王二'),(2648,'用户：王二删除在建工地信息','删除',11,'hot_building_site',1,'2016-07-21 20:29:34','王二'),(2649,'用户：王二查询在建工地列表信息','查询',0,'hot_building_site',1,'2016-07-21 20:29:34','王二'),(2650,'用户：王二查询在建工地信息','查询',8,'hot_building_site',1,'2016-07-21 20:29:34','王二'),(2651,'用户：王二查询在建工地列表信息','查询',0,'hot_building_site',1,'2016-07-21 20:29:37','王二'),(2652,'用户：王二查询在建工地信息','查询',8,'hot_building_site',1,'2016-07-21 20:29:37','王二'),(2653,'用户：王二查询在建工地列表信息','查询',0,'hot_building_site',1,'2016-07-21 20:29:53','王二'),(2654,'用户：王二查询在建工地信息','查询',8,'hot_building_site',1,'2016-07-21 20:29:53','王二'),(2655,'用户：王二查询在建工地列表信息','查询',0,'hot_building_site',1,'2016-07-21 20:30:08','王二'),(2656,'用户：王二查询在建工地信息','查询',8,'hot_building_site',1,'2016-07-21 20:30:08','王二'),(2657,'用户：王二修改在建工地信息','修改',8,'hot_building_site',1,'2016-07-21 20:30:14','王二'),(2658,'用户：王二查询在建工地列表信息','查询',0,'hot_building_site',1,'2016-07-21 20:30:14','王二'),(2659,'用户：王二查询在建工地信息','查询',8,'hot_building_site',1,'2016-07-21 20:30:15','王二'),(2660,'用户：王二修改在建工地信息','修改',8,'hot_building_site',1,'2016-07-21 20:30:18','王二'),(2661,'用户：王二查询在建工地列表信息','查询',0,'hot_building_site',1,'2016-07-21 20:30:18','王二'),(2662,'用户：王二查询在建工地信息','查询',8,'hot_building_site',1,'2016-07-21 20:30:19','王二'),(2663,'用户：王二修改在建工地信息','修改',8,'hot_building_site',1,'2016-07-21 20:30:22','王二'),(2664,'用户：王二查询在建工地列表信息','查询',0,'hot_building_site',1,'2016-07-21 20:30:23','王二'),(2665,'用户：王二查询在建工地信息','查询',8,'hot_building_site',1,'2016-07-21 20:30:23','王二'),(2666,'用户：王二查询户型点评列表信息','查询',0,'house_type_review',1,'2016-07-21 20:30:31','王二'),(2667,'用户：王二查询户型点评信息','查询',1,'house_type_review',1,'2016-07-21 20:30:31','王二'),(2668,'用户：王二查询装修资讯列表信息','查询',0,'order_info',1,'2016-07-21 20:30:36','王二'),(2669,'用户：王二查询装修资讯信息','查询',23,'order_info',1,'2016-07-21 20:30:37','王二'),(2670,'用户：王二登录系统','登录',645,'user',1,'2016-07-21 20:35:28','王二'),(2671,'用户：王二查询角色列表信息','查询',0,'role',1,'2016-07-21 20:35:28','王二'),(2672,'用户：王二查询在建工地列表信息','查询',0,'hot_building_site',1,'2016-07-21 20:35:33','王二'),(2673,'用户：王二查询在建工地信息','查询',8,'hot_building_site',1,'2016-07-21 20:35:33','王二'),(2674,'用户：王二查询户型点评列表信息','查询',0,'house_type_review',1,'2016-07-21 20:35:35','王二'),(2675,'用户：王二查询户型点评信息','查询',1,'house_type_review',1,'2016-07-21 20:35:36','王二'),(2676,'用户：王二查询在线订单列表信息','查询',0,'order_info',1,'2016-07-21 20:35:38','王二'),(2677,'用户：王二查询在线订单信息','查询',23,'order_info',1,'2016-07-21 20:35:39','王二'),(2678,'用户：王二查询在线报修列表信息','查询',0,'repair',1,'2016-07-21 20:35:41','王二'),(2679,'用户：王二查询在线报修信息','查询',3,'repair',1,'2016-07-21 20:35:41','王二'),(2680,'用户：王二查询装修问答列表信息','查询',0,'faq',1,'2016-07-21 20:35:44','王二'),(2681,'用户：王二查询装修问答信息','查询',11,'faq',1,'2016-07-21 20:35:44','王二'),(2682,'用户：王二查询留言评论列表信息','查询',0,'comment',1,'2016-07-21 20:35:45','王二'),(2683,'用户：王二查询留言信息','查询',1,'comment',1,'2016-07-21 20:35:46','王二'),(2684,'用户：王二查询装修资讯列表信息','查询',0,'order_info',1,'2016-07-21 20:35:47','王二'),(2685,'用户：王二查询装修资讯信息','查询',23,'order_info',1,'2016-07-21 20:35:47','王二'),(2686,'用户：王二查询装修资讯列表信息','查询',0,'order_info',1,'2016-07-21 20:36:03','王二'),(2687,'用户：王二查询装修资讯信息','查询',23,'order_info',1,'2016-07-21 20:36:03','王二'),(2688,'用户：王二查询户型点评列表信息','查询',0,'house_type_review',1,'2016-07-21 20:36:07','王二'),(2689,'用户：王二查询户型点评信息','查询',1,'house_type_review',1,'2016-07-21 20:36:08','王二'),(2690,'用户：王二查询装修资讯列表信息','查询',0,'order_info',1,'2016-07-21 20:36:11','王二'),(2691,'用户：王二查询装修资讯信息','查询',23,'order_info',1,'2016-07-21 20:36:11','王二'),(2692,'用户：王二登录系统','登录',645,'user',1,'2016-07-21 20:38:35','王二'),(2693,'用户：王二查询角色列表信息','查询',0,'role',1,'2016-07-21 20:38:36','王二'),(2694,'用户：王二查询装修资讯列表信息','查询',0,'order_info',1,'2016-07-21 20:38:56','王二'),(2695,'用户：王二查询装修资讯信息','查询',23,'order_info',1,'2016-07-21 20:38:56','王二'),(2696,'用户：王二登录系统','登录',645,'user',1,'2016-07-21 20:41:19','王二'),(2697,'用户：王二查询角色列表信息','查询',0,'role',1,'2016-07-21 20:41:21','王二'),(2698,'用户：王二查询装修资讯列表信息','查询',0,'order_info',1,'2016-07-21 20:41:22','王二'),(2699,'用户：王二查询装修资讯信息','查询',23,'order_info',1,'2016-07-21 20:41:23','王二'),(2700,'用户：王二新增装修资讯信息','新增',25,'order_info',1,'2016-07-21 20:41:30','王二'),(2701,'用户：王二查询装修资讯列表信息','查询',0,'order_info',1,'2016-07-21 20:41:39','王二'),(2702,'用户：王二查询装修资讯信息','查询',25,'order_info',1,'2016-07-21 20:41:39','王二'),(2703,'用户：王二登录系统','登录',645,'user',1,'2016-07-22 10:29:13','王二'),(2704,'用户：王二查询角色列表信息','查询',0,'role',1,'2016-07-22 10:29:14','王二'),(2705,'用户：王二查询设计师列表信息','查询',0,'designer',1,'2016-07-22 10:29:25','王二'),(2706,'用户：王二查询设计师信息','查询',34,'designer',1,'2016-07-22 10:29:25','王二'),(2707,'用户：王二查询户型点评列表信息','查询',0,'house_type_review',1,'2016-07-22 10:29:27','王二'),(2708,'用户：王二查询户型点评信息','查询',1,'house_type_review',1,'2016-07-22 10:29:27','王二'),(2709,'用户：王二查询户型点评列表信息','查询',0,'house_type_review',1,'2016-07-22 10:33:22','王二'),(2710,'用户：王二查询户型点评信息','查询',1,'house_type_review',1,'2016-07-22 10:33:22','王二'),(2711,'用户：王二登录系统','登录',645,'user',1,'2016-07-22 10:38:11','王二'),(2712,'用户：王二查询角色列表信息','查询',0,'role',1,'2016-07-22 10:38:11','王二'),(2713,'用户：王二查询在建工地列表信息','查询',0,'hot_building_site',1,'2016-07-22 10:38:15','王二'),(2714,'用户：王二查询在建工地信息','查询',8,'hot_building_site',1,'2016-07-22 10:38:15','王二'),(2715,'用户：王二查询用户列表信息','查询',0,'user',1,'2016-07-22 10:38:17','王二'),(2716,'用户：王二查询测试帐号3信息','查询',666,'user',1,'2016-07-22 10:38:17','王二'),(2717,'用户：王二查询角色列表信息','查询',0,'role',1,'2016-07-22 10:38:18','王二'),(2718,'用户：王二查询户型点评列表信息','查询',0,'house_type_review',1,'2016-07-22 10:38:21','王二'),(2719,'用户：王二查询户型点评信息','查询',1,'house_type_review',1,'2016-07-22 10:38:21','王二'),(2720,'用户：王二查询户型点评列表信息','查询',0,'house_type_review',1,'2016-07-22 10:39:17','王二'),(2721,'用户：王二查询户型点评信息','查询',1,'house_type_review',1,'2016-07-22 10:39:17','王二'),(2722,'用户：王二新增户型点评信息','新增',2,'house_type_review',1,'2016-07-22 10:39:57','王二'),(2723,'用户：王二查询户型点评列表信息','查询',0,'house_type_review',1,'2016-07-22 10:39:57','王二'),(2724,'用户：王二查询户型点评信息','查询',2,'house_type_review',1,'2016-07-22 10:39:57','王二'),(2725,'用户：王二登录系统','登录',645,'user',1,'2016-07-22 14:39:19','王二'),(2726,'用户：王二查询角色列表信息','查询',0,'role',1,'2016-07-22 14:39:20','王二'),(2727,'用户：王二查询户型点评列表信息','查询',0,'house_type_review',1,'2016-07-22 14:47:45','王二'),(2728,'用户：王二查询户型点评信息','查询',2,'house_type_review',1,'2016-07-22 14:47:46','王二'),(2729,'用户：王二新增户型点评信息','新增',3,'house_type_review',1,'2016-07-22 14:53:26','王二'),(2730,'用户：王二查询户型点评列表信息','查询',0,'house_type_review',1,'2016-07-22 14:53:27','王二'),(2731,'用户：王二查询户型点评信息','查询',3,'house_type_review',1,'2016-07-22 14:53:27','王二'),(2732,'用户：王二查询户型点评信息','查询',3,'house_type_review',1,'2016-07-22 14:53:32','王二'),(2733,'用户：王二查询户型点评信息','查询',2,'house_type_review',1,'2016-07-22 14:53:56','王二'),(2734,'用户：王二修改户型点评信息','修改',2,'house_type_review',1,'2016-07-22 14:54:08','王二'),(2735,'用户：王二查询户型点评列表信息','查询',0,'house_type_review',1,'2016-07-22 14:54:08','王二'),(2736,'用户：王二查询户型点评信息','查询',2,'house_type_review',1,'2016-07-22 14:54:08','王二'),(2737,'用户：王二查询户型点评信息','查询',3,'house_type_review',1,'2016-07-22 14:54:41','王二'),(2738,'用户：王二查询户型点评信息','查询',1,'house_type_review',1,'2016-07-22 14:54:43','王二'),(2739,'用户：王二查询户型点评信息','查询',2,'house_type_review',1,'2016-07-22 14:54:45','王二'),(2740,'用户：王二查询户型点评信息','查询',3,'house_type_review',1,'2016-07-22 14:54:47','王二'),(2741,'用户：王二修改户型点评信息','修改',3,'house_type_review',1,'2016-07-22 14:54:52','王二'),(2742,'用户：王二查询户型点评列表信息','查询',0,'house_type_review',1,'2016-07-22 14:54:52','王二'),(2743,'用户：王二查询户型点评信息','查询',3,'house_type_review',1,'2016-07-22 14:54:53','王二'),(2744,'用户：王二查询户型点评信息','查询',2,'house_type_review',1,'2016-07-22 14:55:03','王二'),(2745,'用户：王二查询户型点评信息','查询',3,'house_type_review',1,'2016-07-22 14:55:04','王二'),(2746,'用户：王二查询户型点评信息','查询',3,'house_type_review',1,'2016-07-22 14:55:19','王二'),(2747,'用户：王二查询户型点评信息','查询',2,'house_type_review',1,'2016-07-22 14:55:21','王二'),(2748,'用户：王二查询户型点评信息','查询',3,'house_type_review',1,'2016-07-22 14:55:22','王二'),(2749,'用户：王二查询户型点评信息','查询',2,'house_type_review',1,'2016-07-22 14:55:54','王二'),(2750,'用户：王二查询户型点评信息','查询',2,'house_type_review',1,'2016-07-22 14:55:59','王二'),(2751,'用户：王二查询户型点评信息','查询',2,'house_type_review',1,'2016-07-22 14:56:17','王二'),(2752,'用户：王二登录系统','登录',645,'user',1,'2016-07-22 14:59:26','王二'),(2753,'用户：王二查询角色列表信息','查询',0,'role',1,'2016-07-22 14:59:27','王二'),(2754,'用户：王二查询户型点评列表信息','查询',0,'house_type_review',1,'2016-07-22 14:59:37','王二'),(2755,'用户：王二查询户型点评信息','查询',3,'house_type_review',1,'2016-07-22 14:59:37','王二'),(2756,'用户：王二查询户型点评信息','查询',2,'house_type_review',1,'2016-07-22 14:59:42','王二'),(2757,'用户：王二查询户型点评列表信息','查询',0,'house_type_review',1,'2016-07-22 15:02:26','王二'),(2758,'用户：王二查询户型点评信息','查询',3,'house_type_review',1,'2016-07-22 15:02:26','王二'),(2759,'用户：王二新增户型点评信息','新增',4,'house_type_review',1,'2016-07-22 15:03:12','王二'),(2760,'用户：王二查询户型点评列表信息','查询',0,'house_type_review',1,'2016-07-22 15:03:12','王二'),(2761,'用户：王二查询户型点评信息','查询',4,'house_type_review',1,'2016-07-22 15:03:13','王二'),(2762,'用户：王二查询户型点评信息','查询',4,'house_type_review',1,'2016-07-22 15:03:20','王二'),(2763,'用户：王二上传楼盘点评缩略图','上传',4,'house_type_review',1,'2016-07-22 15:03:25','王二'),(2764,'用户：王二查询户型点评信息','查询',2,'house_type_review',1,'2016-07-22 15:03:27','王二'),(2765,'用户：王二查询户型点评信息','查询',4,'house_type_review',1,'2016-07-22 15:03:29','王二'),(2766,'用户：王二查询户型点评信息','查询',1,'house_type_review',1,'2016-07-22 15:03:31','王二'),(2767,'用户：王二上传楼盘点评缩略图','上传',1,'house_type_review',1,'2016-07-22 15:03:34','王二'),(2768,'用户：王二查询户型点评信息','查询',2,'house_type_review',1,'2016-07-22 15:03:35','王二'),(2769,'用户：王二上传楼盘点评缩略图','上传',2,'house_type_review',1,'2016-07-22 15:03:39','王二'),(2770,'用户：王二查询户型点评信息','查询',1,'house_type_review',1,'2016-07-22 15:03:40','王二'),(2771,'用户：王二查询户型点评信息','查询',2,'house_type_review',1,'2016-07-22 15:03:41','王二'),(2772,'用户：王二查询户型点评信息','查询',3,'house_type_review',1,'2016-07-22 15:03:42','王二'),(2773,'用户：王二上传楼盘点评缩略图','上传',3,'house_type_review',1,'2016-07-22 15:03:45','王二'),(2774,'用户：王二查询户型点评信息','查询',3,'house_type_review',1,'2016-07-22 15:03:46','王二'),(2775,'用户：王二查询户型点评信息','查询',4,'house_type_review',1,'2016-07-22 15:03:48','王二'),(2776,'用户：王二查询户型点评信息','查询',2,'house_type_review',1,'2016-07-22 15:03:50','王二'),(2777,'用户：王二登录系统','登录',645,'user',1,'2016-07-22 22:59:08','王二'),(2778,'用户：王二查询角色列表信息','查询',0,'role',1,'2016-07-22 22:59:09','王二'),(2779,'用户：王二查询装修案例列表信息','查询',0,'cases',1,'2016-07-22 22:59:15','王二'),(2780,'用户：王二查询装修案例信息','查询',67,'cases',1,'2016-07-22 22:59:15','王二'),(2781,'用户：王二查询设计师列表信息','查询',0,'designer',1,'2016-07-22 22:59:17','王二'),(2782,'用户：王二查询设计师信息','查询',34,'designer',1,'2016-07-22 22:59:18','王二'),(2783,'用户：王二查询热装楼盘列表信息','查询',0,'hot_building',1,'2016-07-22 22:59:19','王二'),(2784,'用户：王二查询热装楼盘信息','查询',3,'hot_building',1,'2016-07-22 22:59:19','王二'),(2785,'用户：王二查询在建工地列表信息','查询',0,'hot_building_site',1,'2016-07-22 22:59:20','王二'),(2786,'用户：王二查询在建工地信息','查询',8,'hot_building_site',1,'2016-07-22 22:59:20','王二'),(2787,'用户：王二查询户型点评列表信息','查询',0,'house_type_review',1,'2016-07-22 22:59:21','王二'),(2788,'用户：王二查询户型点评信息','查询',4,'house_type_review',1,'2016-07-22 22:59:21','王二'),(2789,'用户：王二查询装修资讯列表信息','查询',0,'order_info',1,'2016-07-22 22:59:23','王二'),(2790,'用户：王二查询装修资讯信息','查询',25,'order_info',1,'2016-07-22 22:59:24','王二'),(2791,'用户：王二查询在线订单列表信息','查询',0,'order_info',1,'2016-07-22 22:59:25','王二'),(2792,'用户：王二查询在线订单信息','查询',23,'order_info',1,'2016-07-22 22:59:25','王二'),(2793,'用户：王二查询装修问答列表信息','查询',0,'faq',1,'2016-07-22 22:59:29','王二'),(2794,'用户：王二查询装修问答信息','查询',11,'faq',1,'2016-07-22 22:59:29','王二'),(2795,'用户：王二查询在线报修列表信息','查询',0,'repair',1,'2016-07-22 22:59:30','王二'),(2796,'用户：王二查询在线订单列表信息','查询',0,'order_info',1,'2016-07-22 22:59:31','王二'),(2797,'用户：王二查询在线订单信息','查询',23,'order_info',1,'2016-07-22 22:59:31','王二'),(2798,'用户：王二查询留言评论列表信息','查询',0,'comment',1,'2016-07-22 22:59:32','王二'),(2799,'用户：王二查询留言信息','查询',1,'comment',1,'2016-07-22 22:59:32','王二'),(2800,'用户：王二查询用户列表信息','查询',0,'user',1,'2016-07-22 22:59:34','王二'),(2801,'用户：王二查询测试帐号3信息','查询',666,'user',1,'2016-07-22 22:59:34','王二'),(2802,'用户：王二查询角色列表信息','查询',0,'role',1,'2016-07-22 22:59:36','王二'),(2803,'用户：王二登录系统','登录',645,'user',1,'2016-07-23 10:09:54','王二'),(2804,'用户：王二查询角色列表信息','查询',0,'role',1,'2016-07-23 10:09:55','王二'),(2805,'用户：王二登录系统','登录',645,'user',1,'2016-07-23 10:10:20','王二'),(2806,'用户：王二查询角色列表信息','查询',0,'role',1,'2016-07-23 10:10:20','王二'),(2807,'用户：王二查询装修案例列表信息','查询',0,'cases',1,'2016-07-23 10:10:24','王二'),(2808,'用户：王二查询装修案例信息','查询',67,'cases',1,'2016-07-23 10:10:25','王二'),(2809,'用户：王二查询装修案例信息','查询',66,'cases',1,'2016-07-23 10:10:26','王二'),(2810,'用户：王二登录系统','登录',645,'user',1,'2016-07-23 10:10:51','王二'),(2811,'用户：王二查询角色列表信息','查询',0,'role',1,'2016-07-23 10:10:51','王二'),(2812,'用户：王二查询装修案例列表信息','查询',0,'cases',1,'2016-07-23 10:10:53','王二'),(2813,'用户：王二查询装修案例信息','查询',67,'cases',1,'2016-07-23 10:10:53','王二'),(2814,'用户：王二查询设计师列表信息','查询',0,'designer',1,'2016-07-23 10:10:56','王二'),(2815,'用户：王二查询设计师信息','查询',34,'designer',1,'2016-07-23 10:10:56','王二'),(2816,'用户：王二查询热装楼盘列表信息','查询',0,'hot_building',1,'2016-07-23 10:10:57','王二'),(2817,'用户：王二查询热装楼盘信息','查询',3,'hot_building',1,'2016-07-23 10:10:57','王二'),(2818,'用户：王二查询用户列表信息','查询',0,'user',1,'2016-07-23 10:10:59','王二'),(2819,'用户：王二查询测试帐号3信息','查询',666,'user',1,'2016-07-23 10:10:59','王二'),(2820,'用户：王二查询角色列表信息','查询',0,'role',1,'2016-07-23 10:11:08','王二'),(2821,'用户：王二查询装修案例列表信息','查询',0,'cases',1,'2016-07-23 10:11:09','王二'),(2822,'用户：王二查询装修案例信息','查询',67,'cases',1,'2016-07-23 10:11:10','王二'),(2823,'用户：王二查询装修案例信息','查询',66,'cases',1,'2016-07-23 10:11:13','王二');

/*Table structure for table `user` */

DROP TABLE IF EXISTS `user`;

CREATE TABLE `user` (
  `user_id` int(11) NOT NULL AUTO_INCREMENT,
  `user_name` varchar(100) DEFAULT NULL COMMENT '登录ID',
  `role_id` int(11) DEFAULT NULL COMMENT '角色ID',
  `nick_name` varchar(100) DEFAULT NULL COMMENT '显示名称',
  `password` varchar(100) DEFAULT NULL COMMENT '密码 md5',
  `create_time` datetime DEFAULT NULL,
  `creater` varchar(100) DEFAULT NULL,
  `update_time` datetime DEFAULT NULL,
  `updater` varchar(100) DEFAULT NULL,
  `email` varchar(200) DEFAULT NULL COMMENT '邮箱',
  `phone` varchar(20) DEFAULT NULL COMMENT '电话',
  `status` int(1) DEFAULT '1' COMMENT '1正常 2停用 3删除',
  PRIMARY KEY (`user_id`)
) ENGINE=InnoDB AUTO_INCREMENT=667 DEFAULT CHARSET=utf8;

/*Data for the table `user` */

insert  into `user`(`user_id`,`user_name`,`role_id`,`nick_name`,`password`,`create_time`,`creater`,`update_time`,`updater`,`email`,`phone`,`status`) values (645,'admin',29,'王二','21232f297a57a5a743894a0e4a801fc3','2016-06-14 23:08:01',NULL,'2016-07-12 23:52:19','admin','liuxun@prnasia.com','13552705586',1),(654,'nick.liu',29,'刘旭','bab0811848a98b6cc03cb7835d83e4a3','2016-07-12 22:50:07','admin','2016-07-12 22:50:07',NULL,'2388484655@qq.com','13466399750',1),(655,'zhiwei.zhang',29,'张志伟','bab0811848a98b6cc03cb7835d83e4a3','2016-07-12 22:51:41','admin','2016-07-12 22:51:41',NULL,'1060547337@qq.com','',1),(656,'qian.li',33,'栗倩','f7c78e6132affce11e1e80d73fc16e01','2016-07-12 23:57:29','admin','2016-07-15 11:53:43','admin','390455650@qq.com','13552705586',1),(657,'scinter',35,'三创公用账号','5bb3fd0bd3e6c36990367456eee83314','2016-07-13 15:35:51','admin','2016-07-14 16:03:29','admin','330838474@qq.com','13552705586',1),(658,'xun.liu',29,'刘勋','a541714a17804ac281e6ddda5b707952','2016-07-01 13:13:53','admin','2016-07-14 13:25:34','admin','conrad.liu@prnasia.com','13552705586',1),(664,'test1',34,'测试帐号','90379906a8d6f11b42a7f5f67c8c33db','2016-07-15 11:54:25','admin','2016-07-15 17:02:22','test1','conrad.liu@prnasia.com','13552705586',1),(665,'test2',35,'测试帐号2','bab0811848a98b6cc03cb7835d83e4a3','2016-07-15 11:55:54','admin','2016-07-18 21:51:00','admin','390455650@qq.com','13832145678',1),(666,'test3',35,'测试帐号3','bab0811848a98b6cc03cb7835d83e4a3','2016-07-15 11:57:58','admin','2016-07-15 16:48:35','admin','','',1);

/*!40101 SET SQL_MODE=@OLD_SQL_MODE */;
/*!40014 SET FOREIGN_KEY_CHECKS=@OLD_FOREIGN_KEY_CHECKS */;
/*!40014 SET UNIQUE_CHECKS=@OLD_UNIQUE_CHECKS */;
/*!40111 SET SQL_NOTES=@OLD_SQL_NOTES */;
